trad_left_5.png	12	213	492	183	
trad_left_5.png	195	249	477	250	
trad_left_5.png	445	371	483	150	
trad_left_5.png	611	410	446	183	
trad_left_5.png	828	47	483	167	
trad_left_5.png	994	29	484	233	
trad_left_5.png	1244	142	461	183	
trad_left_5.png	1444	348	420	166	
trad_left_5.png	1611	404	438	333	
trad_left_5.png	1960	448	625	217	
trad_left_5.png	2177	444	591	116	
trad_left_5.png	2310	347	706	250	
trad_left_5.png	2577	455	758	316	
trad_left_5.png	2893	433	763	183	
trad_left_5.png	3076	362	774	483	
trad_left_5.png	3559	320	756	150	
trad_left_5.png	3709	371	768	183	
trad_left_5.png	3892	438	762	200	
trad_left_5.png	4092	461	759	217	
trad_left_5.png	4325	453	546	333	
trad_left_5.png	4658	426	551	216	
trad_left_5.png	4892	364	729	217	
trad_left_5.png	5108	341	756	316	
trad_left_5.png	5425	304	753	150	
trad_left_5.png	5591	272	673	283	
trad_left_5.png	5891	324	593	217	
trad_left_5.png	6108	312	593	283	
trad_left_5.png	6391	342	547	233	
trad_left_5.png	6624	374	525	550	
trad_left_5.png	7173	437	538	133	
trad_left_5.png	7323	386	464	183	
trad_left_5.png	7507	399	436	166	
trad_left_5.png	7690	312	336	366	
trad_left_5.png	8073	305	193	183	
trad_left_5.png	8273	289	346	217	
trad_left_5.png	8489	267	336	383	
trad_left_5.png	8872	294	338	167	
trad_left_5.png	9055	232	483	183	
trad_left_5.png	9239	211	591	433	
trad_left_5.png	9688	251	454	183	
trad_left_5.png	9872	274	434	200	
trad_left_5.png	10088	206	561	183	
trad_left_5.png	10271	208	575	167	
trad_left_5.png	10454	275	413	333	
trad_left_5.png	10788	397	441	383	
trad_left_5.png	11171	330	452	117	
trad_left_5.png	11304	247	454	166	
trad_left_5.png	11487	212	610	300	
trad_left_5.png	11787	258	670	433	
trad_left_5.png	12237	359	586	233	
trad_left_5.png	12470	344	574	200	
trad_left_5.png	12670	311	594	233	
trad_left_5.png	12903	378	561	200	
trad_left_5.png	13119	454	559	216	
trad_left_5.png	13353	414	714	300	
trad_left_5.png	13652	427	752	167	
trad_left_5.png	13836	362	770	216	
trad_left_5.png	14085	231	659	150	
trad_left_5.png	14235	210	595	416	
trad_left_5.png	14668	260	682	300	
trad_left_5.png	14985	218	582	433	
trad_left_5.png	15418	211	587	816	
trad_left_5.png	16284	270	346	200	
trad_left_5.png	16500	235	190	167	
trad_left_5.png	16700	282	16	183	
trad_left_5.png	16900	511	101	233	
trad_left_5.png	17183	173	920	183	
trad_left_5.png	17366	137	877	183	
trad_left_5.png	17550	104	883	183	
trad_left_5.png	17766	209	586	433	
trad_left_6.png	18216	336	592	300	
trad_left_6.png	18549	208	826	216	
trad_left_6.png	18766	272	804	133	
trad_left_6.png	18949	176	174	216	
trad_left_6.png	19165	164	95	183	
trad_left_6.png	19365	112	52	133	
trad_left_6.png	19532	478	209	250	
trad_left_6.png	19781	438	313	233	
trad_left_6.png	20031	351	307	300	
trad_left_6.png	20331	273	302	250	
trad_left_6.png	20598	408	325	166	
trad_left_6.png	20764	443	328	217	
trad_left_6.png	20981	487	359	266	
trad_left_6.png	21247	429	354	233	
trad_left_6.png	21497	377	354	183	
trad_left_6.png	21680	414	357	233	
trad_left_6.png	21913	339	335	266	
trad_left_6.png	22180	393	335	300	
trad_left_6.png	22480	366	335	300	
trad_left_6.png	22780	311	377	216	
trad_left_6.png	23013	307	479	183	
trad_left_6.png	23196	337	474	183	
trad_left_6.png	23396	256	359	200	
trad_left_6.png	23596	211	343	183	
trad_left_6.png	23779	211	326	166	
trad_left_6.png	23945	267	433	216	
trad_left_6.png	24162	256	456	100	
trad_left_6.png	24295	208	333	383	
trad_left_6.png	24695	253	504	266	
trad_left_6.png	24961	308	557	250	
trad_left_6.png	25228	202	525	167	
trad_left_6.png	25428	209	332	300	
trad_left_6.png	25744	162	475	250	
trad_left_6.png	26011	234	538	233	
trad_left_6.png	26244	346	584	433	
trad_left_6.png	26677	331	591	183	
trad_left_6.png	26860	332	565	516	
trad_left_6.png	27393	171	490	533	
trad_left_6.png	27943	225	662	316	
trad_left_6.png	28259	316	673	150	
trad_left_6.png	28426	439	649	200	
trad_left_6.png	28642	338	598	233	
trad_left_6.png	28875	293	598	200	
trad_left_6.png	29075	333	589	167	
trad_left_6.png	29258	153	483	1815	
trad_left_6.png	31091	325	539	183	
trad_left_6.png	31290	152	476	1066	
trad_left_4.png	32373	368	535	233	
trad_left_4.png	32606	406	549	217	
trad_left_4.png	32872	172	89	250	
trad_left_4.png	33122	116	44	200	
trad_left_4.png	33339	268	117	216	
trad_left_4.png	33572	443	286	300	
trad_left_4.png	33889	459	420	183	
trad_left_4.png	34088	370	536	216	
trad_left_4.png	34305	403	553	216	
trad_left_4.png	34521	366	535	683	
trad_left_4.png	35204	319	536	266	
trad_left_4.png	35471	270	590	383	
trad_left_4.png	35871	350	662	200	
trad_left_4.png	36087	432	645	316	
trad_left_4.png	36420	354	759	383	
trad_left_4.png	36820	393	545	749	
trad_left_4.png	37569	365	548	616	
trad_left_4.png	38185	351	564	300	
trad_left_4.png	38485	315	626	350	
trad_left_4.png	38835	280	582	216	
trad_left_4.png	39052	312	543	250	
trad_left_4.png	39301	271	572	216	
trad_left_4.png	39518	258	585	233	
trad_left_4.png	39751	296	546	200	
trad_left_4.png	40034	322	542	300	
trad_left_4.png	40351	324	646	183	
trad_left_4.png	40534	304	644	200	
trad_left_4.png	40734	271	588	216	
trad_left_4.png	40967	378	554	183	
trad_left_4.png	41150	406	548	183	
trad_left_4.png	41367	447	354	183	
trad_left_4.png	41583	480	188	183	
trad_left_4.png	41800	183	60	300	
trad_left_4.png	42133	479	730	200	
trad_left_4.png	42333	486	840	200	
trad_left_4.png	42549	169	919	183	
trad_left_4.png	42782	284	590	483	
trad_left_4.png	43265	254	592	1232	
trad_left_4.png	44515	403	560	416	
trad_left_4.png	44931	368	647	333	
trad_left_4.png	45264	397	663	150	
trad_left_4.png	45414	341	751	183	
trad_left_4.png	45614	398	544	366	
trad_left_4.png	45980	346	555	250	
trad_left_4.png	46230	305	566	400	
trad_top_1.png	46696	831	123	200	
trad_top_1.png	46963	1517	274	50	
trad_top_1.png	47030	1510	278	116	
trad_top_1.png	47179	1290	428	183	
trad_top_1.png	47379	1309	348	33	
trad_top_1.png	47413	1303	357	183	
trad_top_1.png	47612	1326	335	167	
trad_top_1.png	47812	1427	236	133	
trad_top_1.png	47945	1423	230	83	
trad_top_1.png	48062	1040	192	150	
trad_top_1.png	48229	785	164	150	
trad_top_1.png	48412	432	505	133	
trad_top_1.png	48578	101	543	150	
trad_top_1.png	48728	120	492	250	
trad_top_1.png	48978	149	484	283	
trad_top_1.png	49278	141	492	483	
trad_top_1.png	49794	102	416	216	
trad_top_1.png	50277	99	389	83	
trad_top_1.png	50410	550	336	350	
trad_top_1.png	50760	580	338	366	
trad_top_1.png	51143	767	421	316	
trad_top_1.png	51476	660	417	117	
trad_top_1.png	51610	764	432	167	
trad_top_1.png	51793	904	471	233	
trad_top_1.png	52043	1057	496	233	
trad_top_1.png	52276	1109	504	233	
trad_top_1.png	52542	1211	376	166	
trad_top_1.png	52725	1266	332	316	
trad_top_1.png	53059	1301	433	350	
trad_top_1.png	53408	1309	340	433	
trad_top_1.png	53858	1413	232	316	
trad_top_1.png	54208	1092	192	116	
trad_top_1.png	54358	808	158	133	
trad_top_1.png	54491	781	155	216	
trad_top_1.png	54774	585	834	183	
trad_top_1.png	54957	612	752	200	
trad_top_1.png	55174	615	634	150	
trad_top_1.png	55324	611	581	167	
trad_top_1.png	55507	668	516	183	
trad_top_1.png	55740	771	205	133	
trad_top_1.png	55923	1342	311	233	
trad_top_1.png	56156	1313	315	133	
trad_top_1.png	56290	1314	408	216	
trad_top_1.png	56523	1323	324	183	
trad_top_1.png	56723	1431	234	217	
trad_top_1.png	56956	1318	230	200	
trad_top_1.png	57206	787	151	400	
trad_top_1.png	57672	140	469	200	
trad_top_1.png	57889	132	502	166	
trad_top_1.png	58072	146	396	133	
trad_top_1.png	58238	540	355	150	
trad_top_1.png	58388	581	346	200	
trad_top_1.png	58621	784	148	1615	
trad_left_3.png	60270	102	484	233	
trad_left_3.png	60553	292	394	200	
trad_left_3.png	60753	246	387	233	
trad_left_3.png	60986	251	383	683	
trad_left_3.png	61669	209	380	366	
trad_left_3.png	62052	191	292	183	
trad_left_3.png	62236	167	252	466	
trad_left_3.png	62735	294	372	467	
trad_left_3.png	63202	269	363	200	
trad_left_3.png	63418	220	236	233	
trad_left_3.png	63685	448	153	633	
trad_left_3.png	64318	411	167	316	
trad_left_3.png	64634	371	141	217	
trad_left_3.png	64867	490	110	183	
trad_left_3.png	65051	511	104	150	
trad_left_3.png	65234	387	586	233	
trad_left_3.png	65484	460	684	183	
trad_left_3.png	65667	494	635	516	
trad_left_3.png	66200	431	762	350	
trad_left_3.png	66550	395	765	133	
trad_left_3.png	66700	251	756	233	
trad_left_3.png	66966	212	610	250	
trad_left_3.png	67216	168	596	266	
trad_left_3.png	67499	140	461	183	
trad_left_3.png	67682	211	443	217	
trad_left_3.png	67899	215	416	433	
trad_left_3.png	68332	189	385	200	
trad_left_3.png	68532	117	444	383	
trad_left_3.png	68931	150	354	216	
trad_left_3.png	69148	151	302	167	
trad_left_3.png	69331	175	58	250	
trad_left_3.png	69631	139	768	166	
trad_left_3.png	69797	93	900	283	
trad_left_3.png	70130	147	484	167	
trad_left_3.png	70297	121	447	416	
trad_left_3.png	70713	160	599	366	
trad_left_3.png	71130	212	454	200	
trad_left_3.png	71330	211	429	200	
trad_left_3.png	71546	161	605	450	
trad_left_3.png	72029	141	394	250	
trad_left_3.png	72296	176	261	450	
trad_left_3.png	72762	212	390	583	
trad_left_3.png	73345	132	449	516	
trad_left_3.png	73895	452	699	183	
trad_left_3.png	74094	505	662	216	
trad_left_3.png	74328	450	768	383	
trad_left_3.png	74711	384	769	383	
trad_left_3.png	75110	254	872	233	
trad_left_3.png	75344	102	906	183	
trad_left_3.png	75560	412	719	183	
trad_left_3.png	75743	440	762	216	
trad_left_3.png	75976	280	753	350	
trad_left_3.png	76360	485	625	283	
trad_left_3.png	76643	399	629	216	
trad_left_3.png	76859	309	590	183	
trad_left_3.png	77042	259	581	183	
trad_left_3.png	77242	213	622	366	
trad_left_3.png	77642	149	511	150	
trad_left_3.png	77792	130	433	167	
trad_left_3.png	78025	400	202	200	
trad_left_3.png	78225	454	182	200	
trad_left_3.png	78425	425	158	433	
trad_left_3.png	78875	322	159	133	
trad_left_3.png	79024	132	372	183	
trad_left_3.png	79208	117	441	866	
trad_left_3.png	80090	130	538	167	
trad_left_3.png	80274	156	606	83	
trad_left_3.png	80373	111	454	633	
trad_left_3.png	81023	239	409	183	
trad_left_3.png	81206	263	392	666	
trad_top_2.png	81923	816	90	250	
trad_top_2.png	82189	763	244	200	
trad_top_2.png	82389	744	325	200	
trad_top_2.png	82622	403	641	200	
trad_top_2.png	82838	310	755	167	
trad_top_2.png	83055	286	917	50	
trad_top_2.png	83105	295	913	100	
trad_top_2.png	83238	87	928	33	
trad_top_2.png	83272	89	927	67	
trad_top_2.png	83338	98	932	50	
trad_top_2.png	83438	105	856	150	
trad_top_2.png	83588	138	864	83	
trad_top_2.png	83671	124	854	283	
trad_top_2.png	83971	138	932	366	
trad_top_2.png	84354	315	937	217	
trad_top_2.png	84571	293	934	133	
trad_top_2.png	84704	287	936	83	
trad_top_2.png	84804	296	848	266	
trad_top_2.png	85087	399	829	300	
trad_top_2.png	85420	377	669	300	
trad_top_2.png	85736	321	597	216	
trad_top_2.png	85953	320	579	117	
trad_top_2.png	86086	255	506	583	
trad_top_2.png	86669	366	546	366	
trad_top_2.png	87052	470	578	183	
trad_top_2.png	87269	361	847	316	
trad_top_2.png	87618	387	695	300	
trad_top_2.png	87918	313	624	216	
trad_top_2.png	88151	207	681	350	
trad_top_2.png	88501	233	657	150	
trad_top_2.png	88668	233	564	167	
trad_top_2.png	88851	254	522	216	
trad_top_2.png	89084	599	656	266	
trad_top_2.png	89367	641	575	200	
trad_top_2.png	89584	726	754	400	
trad_top_2.png	90017	198	569	150	
trad_top_2.png	90167	247	507	183	
trad_top_2.png	90367	311	408	166	
trad_top_2.png	90567	668	354	133	
trad_top_2.png	90716	741	339	416	
trad_top_2.png	91133	812	429	200	
trad_top_2.png	91349	935	440	283	
trad_top_2.png	91666	734	327	283	
trad_top_2.png	91982	487	486	250	
trad_top_2.png	92249	635	441	233	
trad_top_2.png	92482	685	473	166	
trad_top_2.png	92648	562	518	167	
trad_top_2.png	92815	514	514	316	
trad_top_2.png	93148	621	500	150	
trad_top_2.png	93315	502	564	250	
trad_top_2.png	93598	605	515	50	
trad_top_2.png	93664	695	512	150	
trad_top_2.png	93831	774	355	166	
trad_top_2.png	93997	737	336	200	
trad_top_2.png	94214	938	426	416	
trad_top_2.png	94664	669	654	217	
trad_top_2.png	94913	678	508	250	
trad_top_2.png	95180	759	718	200	
trad_top_2.png	95396	769	758	167	
trad_top_2.png	95596	995	923	233	
trad_top_2.png	95863	1004	756	117	
trad_top_2.png	96013	1046	507	166	
trad_top_2.png	96213	915	406	216	
trad_top_2.png	96446	735	337	250	
trad_top_2.png	96712	946	428	383	
trad_top_2.png	97112	1046	495	133	
trad_top_2.png	97262	925	430	183	
trad_top_2.png	97462	685	486	250	
trad_top_2.png	97711	645	483	133	
trad_top_2.png	97845	510	504	300	
trad_top_2.png	98145	504	594	233	
trad_top_2.png	98394	717	743	266	
trad_top_2.png	98661	787	759	116	
trad_top_2.png	98811	1000	929	183	
trad_top_2.png	99011	1212	920	133	
trad_top_2.png	99177	1362	735	233	
trad_top_2.png	99427	1364	626	150	
trad_top_2.png	99610	1519	272	216	
trad_top_2.png	99843	1602	208	67	
trad_top_2.png	99927	1595	210	83	
trad_top_2.png	100043	1329	658	33	
trad_top_2.png	100110	1404	628	167	
trad_top_2.png	100276	1368	711	200	
trad_top_2.png	100476	1364	749	100	
trad_top_2.png	100610	1272	589	183	
trad_top_2.png	100809	1088	528	150	
trad_top_2.png	100993	728	399	183	
trad_top_2.png	101176	731	335	233	
trad_top_2.png	101426	642	594	283	
trad_top_2.png	101725	681	444	183	
trad_top_2.png	101925	731	339	1133	
trad_left_2.png	103124	139	89	283	
trad_left_2.png	103441	407	240	167	
trad_left_2.png	103607	403	182	316	
trad_left_2.png	103924	353	193	200	
trad_left_2.png	104140	304	248	150	
trad_left_2.png	104424	355	185	200	
trad_left_2.png	104623	386	172	283	
trad_left_2.png	104923	325	238	366	
trad_left_2.png	105306	473	290	216	
trad_left_2.png	105523	498	278	166	
trad_left_2.png	105689	424	295	650	
trad_left_2.png	106339	372	287	333	
trad_left_2.png	106689	398	421	200	
trad_left_2.png	106905	476	417	283	
trad_left_2.png	107188	445	422	266	
trad_left_2.png	107455	415	420	200	
trad_left_2.png	107655	371	447	383	
trad_left_2.png	108038	350	400	433	
trad_left_2.png	108471	369	433	583	
trad_left_2.png	109054	319	402	233	
trad_left_2.png	109287	351	385	150	
trad_left_2.png	109453	339	260	216	
trad_left_2.png	109670	380	207	183	
trad_left_2.png	109870	292	313	150	
trad_left_2.png	110020	261	354	316	
trad_left_2.png	110353	373	494	200	
trad_left_2.png	110553	378	520	766	
trad_left_2.png	111319	370	512	366	
trad_left_2.png	111685	311	509	216	
trad_left_2.png	111918	262	372	383	
trad_left_2.png	112318	368	532	233	
trad_left_2.png	112568	406	591	133	
trad_left_2.png	112701	401	559	316	
trad_left_2.png	113018	356	553	433	
trad_left_2.png	113451	307	600	700	
trad_left_2.png	114150	270	595	216	
trad_left_2.png	114383	237	512	150	
trad_left_2.png	114550	213	421	966	
trad_left_2.png	115516	257	515	183	
trad_left_2.png	115716	213	423	433	
trad_left_2.png	116166	257	365	333	
trad_left_2.png	116515	212	436	383	
trad_left_2.png	116915	307	594	266	
trad_left_2.png	117215	481	787	183	
trad_left_2.png	117398	503	783	183	
trad_left_2.png	117598	488	711	216	
trad_left_2.png	117814	384	759	266	
trad_left_2.png	118081	304	757	316	
trad_left_2.png	118414	443	769	216	
trad_left_2.png	118631	498	785	250	
trad_left_2.png	118897	485	718	450	
trad_left_2.png	119363	497	917	133	
trad_left_2.png	119497	502	879	216	
trad_left_2.png	119713	497	855	183	
trad_left_2.png	119896	417	857	416	
trad_left_2.png	120329	349	785	166	
trad_left_2.png	120496	283	779	216	
trad_left_2.png	120712	256	783	217	
trad_left_2.png	120946	273	702	200	
trad_left_2.png	121146	294	680	283	
trad_left_2.png	121429	253	688	167	
trad_left_2.png	121629	237	512	183	
trad_left_2.png	121828	208	426	316	
trad_left_2.png	122161	193	611	150	
trad_left_2.png	122328	230	754	233	
trad_left_2.png	122561	209	775	233	
trad_left_2.png	122811	190	523	283	
trad_left_2.png	123094	216	479	217	
trad_left_2.png	123311	218	434	233	
trad_left_2.png	123577	258	658	533	
trad_left_2.png	124110	213	738	183	
trad_left_2.png	124310	163	535	1582	
trad_left_2.png	125926	152	88	216	
trad_left_2.png	126142	161	74	133	
trad_left_2.png	126309	359	868	250	
trad_left_2.png	126575	373	906	316	
trad_top_4.png	126925	763	588	166	
trad_top_4.png	127091	725	565	183	
trad_top_4.png	127341	815	77	217	
trad_top_4.png	127608	75	197	133	
trad_top_4.png	127758	76	195	33	
trad_top_4.png	127824	47	185	233	
trad_top_4.png	128107	647	434	67	
trad_top_4.png	128174	693	445	83	
trad_top_4.png	128274	866	423	167	
trad_top_4.png	128457	874	332	150	
trad_top_4.png	128657	1587	339	100	
trad_top_4.png	128774	1587	344	33	
trad_top_4.png	128807	1589	339	50	
trad_top_4.png	128857	1590	340	50	
trad_top_4.png	128940	1424	741	233	
trad_top_4.png	129207	1070	673	233	
trad_top_4.png	129440	1133	598	166	
trad_top_4.png	129640	679	733	183	
trad_top_4.png	129840	694	920	433	
trad_top_4.png	130289	747	807	200	
trad_top_4.png	130489	723	785	183	
trad_top_4.png	130689	696	923	316	
trad_top_4.png	131022	697	842	216	
trad_top_4.png	131239	725	746	183	
trad_top_4.png	131439	813	566	166	
trad_top_4.png	131622	914	512	366	
trad_top_4.png	131988	852	432	383	
trad_top_4.png	132405	411	524	333	
trad_top_4.png	132754	361	817	266	
trad_top_4.png	133021	342	887	200	
trad_top_4.png	133221	328	920	166	
trad_top_4.png	133404	392	861	167	
trad_top_4.png	133604	428	721	183	
trad_top_4.png	133787	481	714	216	
trad_top_4.png	134020	472	783	200	
trad_top_4.png	134237	559	634	233	
trad_top_4.png	134470	505	610	200	
trad_top_4.png	134670	458	533	217	
trad_top_4.png	134903	649	672	233	
trad_top_4.png	135136	671	816	217	
trad_top_4.png	135369	668	918	233	
trad_top_4.png	135652	513	616	167	
trad_top_4.png	135836	431	520	216	
trad_top_4.png	136052	458	514	117	
trad_top_4.png	136202	858	474	300	
trad_top_4.png	136518	874	710	183	
trad_top_4.png	136735	849	606	200	
trad_top_4.png	136935	757	635	183	
trad_top_4.png	137135	905	501	333	
trad_top_4.png	137484	861	439	300	
trad_top_4.png	137784	919	520	350	
trad_top_4.png	138151	790	712	266	
trad_top_4.png	138434	727	861	150	
trad_top_4.png	138600	691	924	166	
trad_top_4.png	138817	543	517	216	
trad_top_4.png	139050	929	524	150	
trad_top_4.png	139200	912	521	233	
trad_top_4.png	139466	793	919	166	
trad_top_4.png	139650	687	924	117	
trad_top_4.png	139800	1275	901	216	
trad_top_4.png	140049	1424	712	183	
trad_top_4.png	140266	1553	403	183	
trad_top_4.png	140482	1506	296	83	
trad_top_4.png	140632	190	348	216	
trad_top_4.png	140899	785	564	200	
trad_top_4.png	141099	902	516	216	
trad_top_4.png	141315	857	450	167	
trad_top_4.png	141482	852	434	1349	
trad_top_4.png	142864	674	885	200	
trad_top_4.png	143097	717	502	150	
trad_top_4.png	143264	850	438	566	
trad_top_3.png	143847	736	617	166	
trad_top_3.png	144030	778	556	117	
trad_top_3.png	144180	681	241	233	
trad_top_3.png	144446	101	462	100	
trad_top_3.png	144546	101	463	133	
trad_top_3.png	144713	138	644	116	
trad_top_3.png	144829	130	646	33	
trad_top_3.png	144913	503	912	333	
trad_top_3.png	145262	327	924	233	
trad_top_3.png	145529	340	675	283	
trad_top_3.png	145829	379	526	366	
trad_top_3.png	146195	335	533	166	
trad_top_3.png	146362	345	501	217	
trad_top_3.png	146578	446	456	200	
trad_top_3.png	146778	442	422	200	
trad_top_3.png	147011	454	765	316	
trad_top_3.png	147344	531	679	183	
trad_top_3.png	147544	646	672	167	
trad_top_3.png	147727	675	803	200	
trad_top_3.png	147944	506	921	200	
trad_top_3.png	148177	524	732	217	
trad_top_3.png	148394	535	661	183	
trad_top_3.png	148593	561	516	266	
trad_top_3.png	148893	472	453	167	
trad_top_3.png	149060	443	442	300	
trad_top_3.png	149360	429	414	200	
trad_top_3.png	149593	562	494	216	
trad_top_3.png	149843	654	622	166	
trad_top_3.png	150009	684	781	233	
trad_top_3.png	150259	682	842	433	
trad_top_3.png	150709	858	848	216	
trad_top_3.png	150925	891	849	300	
trad_top_3.png	151242	1046	924	200	
trad_top_3.png	151475	839	872	167	
trad_top_3.png	151641	865	840	166	
trad_top_3.png	151825	866	703	300	
trad_top_3.png	152141	728	764	167	
trad_top_3.png	152341	768	605	233	
trad_top_3.png	152607	826	470	167	
trad_top_3.png	152791	817	337	216	
trad_top_3.png	153040	584	279	167	
trad_top_3.png	153224	424	335	366	
trad_top_3.png	153607	389	521	200	
trad_top_3.png	153840	468	320	216	
trad_top_3.png	154073	747	324	167	
trad_top_3.png	154240	798	328	133	
trad_top_3.png	154406	608	256	283	
trad_top_3.png	154739	861	442	150	
trad_top_3.png	154889	821	346	583	
trad_top_3.png	155539	1021	873	183	
trad_top_3.png	155739	1068	924	183	
trad_top_3.png	155938	1090	813	216	
trad_top_3.png	156172	1153	720	183	
trad_top_3.png	156388	1166	482	200	
trad_top_3.png	156588	1157	444	217	
trad_top_3.png	156804	1168	422	166	
trad_top_3.png	156988	1308	354	200	
trad_top_3.png	157187	1313	337	200	
trad_top_3.png	157404	1322	234	383	
trad_top_3.png	157804	1336	166	266	
trad_top_3.png	158087	1308	331	316	
trad_top_3.png	158453	755	151	200	
trad_top_3.png	158686	1288	335	350	
trad_top_3.png	159103	1264	847	233	
trad_top_3.png	159353	1100	920	183	
trad_top_3.png	159536	1075	928	133	
trad_top_3.png	159702	1200	585	200	
trad_top_3.png	159919	1269	349	167	
trad_top_3.png	160086	1312	344	283	
trad_top_3.png	160419	1074	809	250	
trad_top_3.png	160685	1069	913	183	
trad_top_3.png	160918	1273	367	300	
trad_top_3.png	161218	1301	307	166	
trad_top_3.png	161401	1254	150	50	
trad_top_3.png	161485	834	147	200	
trad_top_3.png	161701	991	275	150	
trad_top_3.png	161851	1029	260	216	
trad_top_3.png	162101	635	238	200	
trad_top_3.png	162301	594	253	100	
trad_top_3.png	162434	836	85	150	
trad_top_3.png	162584	810	56	1466	
trad_left_1.png	164083	178	321	183	
trad_left_1.png	164283	38	492	183	
trad_left_1.png	164499	163	109	266	
trad_left_1.png	164766	112	64	233	
trad_left_1.png	165015	211	264	167	
trad_left_1.png	165182	206	223	333	
trad_left_1.png	165515	170	213	300	
trad_left_1.png	165815	200	211	216	
trad_left_1.png	166048	132	157	216	
trad_left_1.png	166265	115	151	266	
trad_left_1.png	166531	200	197	216	
trad_left_1.png	166748	211	222	266	
trad_left_1.png	167031	327	446	233	
trad_left_1.png	167281	429	582	216	
trad_left_1.png	167497	400	609	250	
trad_left_1.png	167747	344	603	217	
trad_left_1.png	167964	309	602	183	
trad_left_1.png	168163	216	527	433	
trad_left_1.png	168763	154	564	100	
trad_left_1.png	168863	116	604	83	
trad_left_1.png	168946	148	590	217	
trad_left_1.png	169163	170	613	500	
trad_left_1.png	169679	167	352	217	
trad_left_1.png	169912	157	256	216	
trad_left_1.png	170129	193	224	300	
trad_left_1.png	170445	140	191	183	
trad_left_1.png	170628	118	177	250	
trad_left_1.png	170895	87	368	283	
trad_left_1.png	171195	64	515	383	
trad_left_1.png	171611	288	849	200	
trad_left_1.png	171811	259	857	383	
trad_left_1.png	172261	286	442	83	
trad_left_1.png	172377	181	156	200	
trad_left_1.png	172577	142	138	233	
trad_left_1.png	172827	193	211	350	
trad_left_1.png	173177	222	218	166	
trad_left_1.png	173393	409	682	167	
trad_left_1.png	173560	397	597	466	
trad_left_1.png	174026	363	600	200	
trad_left_1.png	174376	392	605	316	
trad_left_1.png	174726	264	844	233	
trad_left_1.png	174975	254	857	250	
trad_left_1.png	175225	221	871	216	
trad_left_1.png	175475	169	634	533	
trad_left_1.png	176041	453	672	200	
trad_left_1.png	176241	399	621	350	
trad_left_1.png	176758	415	606	183	
trad_left_1.png	176941	373	606	116	
trad_left_1.png	177057	327	613	183	
trad_left_1.png	177274	214	867	416	
trad_left_1.png	177707	264	856	250	
trad_left_1.png	177990	184	645	183	
trad_left_1.png	178173	168	630	333	
trad_left_1.png	178523	242	591	183	
trad_left_1.png	178723	214	541	200	
trad_left_1.png	178923	220	522	150	
trad_left_1.png	179089	254	357	566	
trad_left_1.png	179655	243	316	200	
trad_left_1.png	179855	203	263	316	
trad_left_1.png	180172	200	222	366	
trad_left_1.png	180538	155	349	233	
trad_left_1.png	180788	157	306	183	
trad_left_1.png	180971	167	252	783	
trad_left_1.png	181754	160	221	250	
trad_left_1.png	182004	120	186	300	
trad_left_1.png	182320	72	428	233	
trad_left_1.png	182570	62	508	1949	
trad_top_5.png	184552	632	415	83	
trad_top_5.png	184635	610	412	33	
trad_top_5.png	184752	818	166	400	
trad_top_5.png	185185	931	512	433	
trad_top_5.png	185635	1035	675	200	
trad_top_5.png	185835	1102	694	283	
trad_top_5.png	186151	827	727	167	
trad_top_5.png	186351	588	910	216	
trad_top_5.png	186584	465	824	200	
trad_top_5.png	186817	205	479	266	
trad_top_5.png	187084	298	583	383	
trad_top_5.png	187467	313	505	183	
trad_top_5.png	187683	557	431	167	
trad_top_5.png	188000	549	457	183	
trad_top_5.png	188200	584	848	200	
trad_top_5.png	188416	445	839	217	
trad_top_5.png	188649	453	776	233	
trad_top_5.png	188899	486	712	166	
trad_top_5.png	189066	501	638	167	
trad_top_5.png	189232	527	581	100	
trad_top_5.png	189349	576	468	150	
trad_top_5.png	189499	566	420	166	
trad_top_5.png	189699	322	491	216	
trad_top_5.png	189948	557	424	217	
trad_top_5.png	190198	787	414	200	
trad_top_5.png	190465	1480	442	167	
trad_top_5.png	190665	1610	251	233	
trad_top_5.png	190931	1373	710	216	
trad_top_5.png	191164	1379	832	133	
trad_top_5.png	191331	1108	904	167	
trad_top_5.png	191531	992	681	200	
trad_top_5.png	191747	977	537	133	
trad_top_5.png	191897	869	538	316	
trad_top_5.png	192214	898	661	200	
trad_top_5.png	192447	666	867	183	
trad_top_5.png	192630	651	854	183	
trad_top_5.png	192813	553	855	50	
trad_top_5.png	192880	415	847	217	
trad_top_5.png	193113	109	785	200	
trad_top_5.png	193346	57	432	200	
trad_top_5.png	193563	301	543	316	
trad_top_5.png	193879	310	601	166	
trad_top_5.png	194079	529	453	150	
trad_top_5.png	194229	565	439	450	
trad_top_5.png	194679	567	529	233	
trad_top_5.png	194928	560	419	433	
trad_top_5.png	195361	580	493	200	
trad_top_5.png	195578	567	430	233	
trad_top_5.png	195861	305	520	183	
trad_top_5.png	196061	313	589	150	
trad_top_5.png	196227	484	450	350	
trad_top_5.png	196594	564	418	250	
trad_top_5.png	196860	319	550	167	
trad_top_5.png	197044	299	587	183	
trad_top_5.png	197260	501	859	200	
trad_top_5.png	197460	472	851	167	
trad_top_5.png	197660	582	523	266	
trad_top_5.png	197943	779	640	200	
trad_top_5.png	198159	806	758	250	
trad_top_5.png	198426	1091	819	166	
trad_top_5.png	198609	1246	689	216	
trad_top_5.png	198876	1565	287	200	
trad_top_5.png	199092	1618	212	83	
trad_top_5.png	199242	1123	677	134	
trad_top_5.png	199375	1049	714	100	
trad_top_5.png	199525	561	880	300	
trad_top_5.png	199825	620	854	283	
trad_top_5.png	200108	593	881	200	
trad_top_5.png	200308	559	923	167	
trad_top_5.png	200491	533	849	183	
trad_top_5.png	200691	459	840	250	
trad_top_5.png	200958	611	837	283	
trad_top_5.png	201257	574	788	166	
trad_top_5.png	201440	567	626	350	
trad_top_5.png	201824	578	491	183	
trad_top_5.png	202023	563	433	167	
trad_top_5.png	202223	317	500	233	
trad_top_5.png	202473	307	591	200	
trad_top_5.png	202673	308	566	216	
trad_top_5.png	202890	302	594	167	
trad_top_5.png	203073	328	491	250	
trad_top_5.png	203323	441	470	200	
trad_top_5.png	203522	469	455	133	
trad_top_5.png	203656	565	429	1532	
trad_bottom_6.png	205205	668	514	150	
trad_bottom_6.png	205388	658	295	150	
trad_bottom_6.png	205554	700	209	150	
trad_bottom_6.png	205721	452	78	183	
trad_bottom_6.png	205904	478	46	233	
trad_bottom_6.png	206154	561	64	117	
trad_bottom_6.png	206287	642	52	266	
trad_bottom_6.png	206570	660	183	150	
trad_bottom_6.png	206770	1396	694	167	
trad_bottom_6.png	206953	1489	589	200	
trad_bottom_6.png	207187	1167	624	200	
trad_bottom_6.png	207386	1203	603	266	
trad_bottom_6.png	207670	1458	615	216	
trad_bottom_6.png	207903	1475	708	250	
trad_bottom_6.png	208169	1488	785	150	
trad_bottom_6.png	208319	1499	839	450	
trad_bottom_6.png	208785	1459	713	233	
trad_bottom_6.png	209035	1474	597	233	
trad_bottom_6.png	209268	1485	602	183	
trad_bottom_6.png	209485	1216	509	133	
trad_bottom_6.png	209652	646	562	150	
trad_bottom_6.png	209818	795	873	33	
trad_bottom_6.png	209851	791	888	233	
trad_bottom_6.png	210101	812	915	150	
trad_bottom_6.png	210301	1444	810	200	
trad_bottom_6.png	210518	1499	833	133	
trad_bottom_6.png	210701	870	921	133	
trad_bottom_6.png	210834	800	917	166	
trad_bottom_6.png	211067	616	365	183	
trad_bottom_6.png	211284	463	73	217	
trad_bottom_6.png	211500	468	44	183	
trad_bottom_6.png	211700	487	149	166	
trad_bottom_6.png	212050	1416	590	183	
trad_bottom_6.png	212266	1484	616	167	
trad_bottom_6.png	212433	1482	601	250	
trad_bottom_6.png	212700	1479	789	250	
trad_bottom_6.png	212949	1500	772	183	
trad_bottom_6.png	213132	1483	678	949	
trad_bottom_6.png	214082	1489	755	699	
trad_bottom_6.png	214781	1496	856	316	
trad_bottom_6.png	215131	1226	639	383	
trad_bottom_6.png	215514	1208	601	216	
trad_bottom_6.png	215731	1156	678	283	
trad_bottom_6.png	216014	1196	645	216	
trad_bottom_6.png	216230	1209	615	117	
trad_bottom_6.png	216397	790	876	183	
trad_bottom_6.png	216580	755	854	250	
trad_bottom_6.png	216863	121	850	33	
trad_bottom_6.png	216897	107	852	200	
trad_bottom_6.png	217096	77	833	83	
trad_bottom_6.png	217180	69	822	50	
trad_bottom_6.png	217280	508	250	183	
trad_bottom_6.png	217496	469	68	300	
trad_bottom_6.png	217813	491	129	533	
trad_bottom_6.png	218346	639	129	416	
trad_bottom_6.png	218795	624	42	100	
trad_bottom_6.png	219078	1481	769	300	
trad_bottom_6.png	219412	1477	623	350	
trad_bottom_6.png	219778	1488	766	233	
trad_bottom_6.png	220028	1478	663	167	
trad_bottom_6.png	220228	944	875	33	
trad_bottom_6.png	220261	924	879	116	
trad_bottom_6.png	220394	809	917	1116	
trad_bottom_6.png	221527	817	918	416	
trad_top_6.png	222010	674	426	216	
trad_top_6.png	222260	844	98	183	
trad_top_6.png	222443	834	50	133	
trad_top_6.png	222626	40	145	116	
trad_top_6.png	222776	22	153	117	
trad_top_6.png	222942	415	852	167	
trad_top_6.png	223126	553	799	166	
trad_top_6.png	223326	508	637	233	
trad_top_6.png	223559	521	605	117	
trad_top_6.png	223692	518	661	67	
trad_top_6.png	223759	508	669	366	
trad_top_6.png	224158	437	465	250	
trad_top_6.png	224425	518	577	266	
trad_top_6.png	224708	500	637	150	
trad_top_6.png	224874	361	526	183	
trad_top_6.png	225058	354	421	100	
trad_top_6.png	225224	895	356	133	
trad_top_6.png	225357	842	353	250	
trad_top_6.png	225607	884	358	233	
trad_top_6.png	225907	1568	307	266	
trad_top_6.png	226190	1657	117	50	
trad_top_6.png	226273	1680	162	33	
trad_top_6.png	226456	167	231	67	
trad_top_6.png	226523	41	304	200	
trad_top_6.png	226806	903	396	117	
trad_top_6.png	226923	839	345	400	
trad_top_6.png	227356	516	628	250	
trad_top_6.png	227623	499	679	167	
trad_top_6.png	227806	491	551	216	
trad_top_6.png	228039	354	472	167	
trad_top_6.png	228206	365	424	233	
trad_top_6.png	228472	769	382	216	
trad_top_6.png	228705	719	653	166	
trad_top_6.png	228888	560	766	333	
trad_top_6.png	229255	749	924	316	
trad_top_6.png	229571	733	886	150	
trad_top_6.png	229738	744	787	266	
trad_top_6.png	230021	704	579	167	
trad_top_6.png	230204	893	516	283	
trad_top_6.png	230487	925	498	167	
trad_top_6.png	230670	961	432	133	
trad_top_6.png	230820	851	352	217	
trad_top_6.png	231087	1534	357	316	
trad_top_6.png	231420	1637	183	133	
trad_top_6.png	231603	885	366	167	
trad_top_6.png	231770	825	386	33	
trad_top_6.png	231803	831	362	150	
trad_top_6.png	231970	516	629	216	
trad_top_6.png	232203	529	554	167	
trad_top_6.png	232386	512	628	150	
trad_top_6.png	232552	509	684	150	
trad_top_6.png	232736	843	381	150	
trad_top_6.png	232886	840	345	1233	
trad_bottom_5.png	234152	809	55	266	
trad_bottom_5.png	234435	1133	101	166	
trad_bottom_5.png	234618	1167	140	450	
trad_bottom_5.png	235067	1179	258	533	
trad_bottom_5.png	235600	1170	159	333	
trad_bottom_5.png	235950	1109	313	216	
trad_bottom_5.png	236167	1109	341	183	
trad_bottom_5.png	236367	1193	423	483	
trad_bottom_5.png	236883	1449	435	833	
trad_bottom_5.png	237732	1367	358	117	
trad_bottom_5.png	237866	1226	397	183	
trad_bottom_5.png	238065	1247	138	266	
trad_bottom_5.png	238365	1314	38	216	
trad_bottom_5.png	238598	1387	113	133	
trad_bottom_5.png	238765	1409	120	100	
trad_bottom_5.png	238881	1355	309	167	
trad_bottom_5.png	239064	1260	379	50	
trad_bottom_5.png	239115	1194	409	283	
trad_bottom_5.png	239415	1393	478	216	
trad_bottom_5.png	239648	1160	493	183	
trad_bottom_5.png	239831	1171	462	100	
trad_bottom_5.png	239931	1065	515	400	
trad_bottom_5.png	240331	1081	597	350	
trad_bottom_5.png	240697	1112	672	483	
trad_bottom_5.png	241213	1503	605	533	
trad_bottom_5.png	241763	1245	640	50	
trad_bottom_5.png	241813	1236	644	183	
trad_bottom_5.png	242029	1497	584	233	
trad_bottom_5.png	242279	1526	553	216	
trad_bottom_5.png	242496	1545	490	200	
trad_bottom_5.png	242696	1507	509	366	
trad_bottom_5.png	243062	1482	509	216	
trad_bottom_5.png	243279	1442	510	350	
trad_bottom_5.png	243645	1460	458	217	
trad_bottom_5.png	243861	1484	436	583	
trad_bottom_5.png	244461	1451	488	183	
trad_bottom_5.png	244644	1444	511	433	
trad_bottom_5.png	245077	1528	509	400	
trad_bottom_5.png	245477	1561	515	250	
trad_bottom_5.png	245727	1520	598	266	
trad_bottom_5.png	246010	1127	669	333	
trad_bottom_5.png	246393	495	646	200	
trad_bottom_5.png	246626	75	731	233	
trad_bottom_5.png	246909	167	336	150	
trad_bottom_5.png	247093	190	49	83	
trad_bottom_5.png	247209	165	58	133	
trad_bottom_5.png	247375	453	417	33	
trad_bottom_5.png	247409	447	421	150	
trad_bottom_5.png	247559	494	443	167	
trad_bottom_5.png	247775	1122	673	183	
trad_bottom_5.png	247975	1113	677	300	
trad_bottom_5.png	248325	1544	600	266	
trad_bottom_5.png	248608	1574	554	183	
trad_bottom_5.png	248791	1584	507	216	
trad_bottom_5.png	249008	1569	434	400	
trad_bottom_5.png	249424	1530	586	300	
trad_bottom_5.png	249724	1534	555	183	
trad_bottom_5.png	249907	1559	505	233	
trad_bottom_5.png	250157	1567	405	217	
trad_bottom_5.png	250390	1506	582	350	
trad_bottom_5.png	250757	1109	647	266	
trad_bottom_5.png	251040	1061	559	183	
trad_bottom_5.png	251223	1054	527	266	
trad_bottom_5.png	251490	1068	601	183	
trad_bottom_5.png	251673	1119	668	200	
trad_bottom_5.png	251873	1065	578	183	
trad_bottom_5.png	252072	1031	447	150	
trad_bottom_5.png	252239	997	306	200	
trad_bottom_5.png	252472	1152	165	167	
trad_bottom_5.png	252639	1185	144	150	
trad_bottom_5.png	252839	1107	635	183	
trad_bottom_5.png	253022	1109	668	433	
trad_bottom_5.png	253455	1111	674	749	
trad_bottom_5.png	254221	1069	619	166	
trad_bottom_5.png	254437	1147	245	250	
trad_right_1.png	254704	613	132	200	
trad_right_1.png	254937	235	222	267	
trad_right_1.png	255237	466	494	250	
trad_right_1.png	255504	272	466	233	
trad_right_1.png	255754	193	522	200	
trad_right_1.png	255970	110	377	466	
trad_right_1.png	256470	204	141	183	
trad_right_1.png	256653	277	78	416	
trad_right_1.png	257069	307	83	183	
trad_right_1.png	257269	353	328	416	
trad_right_1.png	257719	265	129	183	
trad_right_1.png	257902	263	88	333	
trad_right_1.png	258252	315	176	50	
trad_right_1.png	258319	347	359	366	
trad_right_1.png	258702	135	387	200	
trad_right_1.png	258902	117	378	366	
trad_right_1.png	259285	302	413	166	
trad_right_1.png	259451	351	372	266	
trad_right_1.png	259734	287	467	183	
trad_right_1.png	259918	304	465	217	
trad_right_1.png	260167	303	684	216	
trad_right_1.png	260384	321	731	566	
trad_right_1.png	260950	357	749	699	
trad_right_1.png	261650	311	740	316	
trad_right_1.png	261983	391	796	300	
trad_right_1.png	262299	426	896	216	
trad_right_1.png	262549	399	776	233	
trad_right_1.png	262799	341	747	416	
trad_right_1.png	263215	367	732	183	
trad_right_1.png	263415	404	798	250	
trad_right_1.png	263682	405	741	233	
trad_right_1.png	263932	416	678	133	
trad_right_1.png	264098	453	527	150	
trad_right_1.png	264248	444	476	483	
trad_right_1.png	264764	398	740	300	
trad_right_1.png	265064	354	768	166	
trad_right_1.png	265231	330	760	167	
trad_right_1.png	265397	371	773	217	
trad_right_1.png	265614	404	806	233	
trad_right_1.png	265864	456	503	233	
trad_right_1.png	266130	437	878	266	
trad_right_1.png	266430	430	535	133	
trad_right_1.png	266563	459	472	200	
trad_right_1.png	266780	393	380	233	
trad_right_1.png	267013	355	371	216	
trad_right_1.png	267263	291	138	183	
trad_right_1.png	267446	258	109	166	
trad_right_1.png	267629	429	467	183	
trad_right_1.png	267812	448	479	1749	
trad_bottom_4.png	269594	895	211	166	
trad_bottom_4.png	269778	978	167	250	
trad_bottom_4.png	270027	1013	177	316	
trad_bottom_4.png	270410	309	439	200	
trad_bottom_4.png	270627	132	647	200	
trad_bottom_4.png	270877	152	132	133	
trad_bottom_4.png	271043	123	128	83	
trad_bottom_4.png	271210	1023	45	117	
trad_bottom_4.png	271343	1239	28	50	
trad_bottom_4.png	271426	1299	79	100	
trad_bottom_4.png	271543	1068	168	50	
trad_bottom_4.png	271593	1025	167	133	
trad_bottom_4.png	271726	1015	140	267	
trad_bottom_4.png	271993	1028	230	150	
trad_bottom_4.png	272193	1189	435	167	
trad_bottom_4.png	272359	1220	430	550	
trad_bottom_4.png	272942	1450	394	233	
trad_bottom_4.png	273225	1595	682	150	
trad_bottom_4.png	273392	1598	765	100	
trad_bottom_4.png	273558	1464	355	183	
trad_bottom_4.png	273775	1346	169	216	
trad_bottom_4.png	274008	1242	377	183	
trad_bottom_4.png	274191	1209	423	333	
trad_bottom_4.png	274558	1033	240	133	
trad_bottom_4.png	274708	989	150	133	
trad_bottom_4.png	274891	473	182	166	
trad_bottom_4.png	275091	213	265	150	
trad_bottom_4.png	275274	98	626	150	
trad_bottom_4.png	275490	776	370	116	
trad_bottom_4.png	275640	763	119	233	
trad_bottom_4.png	275890	740	76	133	
trad_bottom_4.png	276073	254	27	100	
trad_bottom_4.png	276206	220	34	67	
trad_bottom_4.png	276323	947	26	50	
trad_bottom_4.png	276390	1002	64	117	
trad_bottom_4.png	276540	1293	42	33	
trad_bottom_4.png	276590	1296	39	150	
trad_bottom_4.png	276772	1335	43	250	
trad_bottom_4.png	277022	1332	166	233	
trad_bottom_4.png	277256	1330	150	266	
trad_bottom_4.png	277522	1338	226	233	
trad_bottom_4.png	277772	1368	300	583	
trad_bottom_4.png	278371	1150	285	34	
trad_bottom_4.png	278405	1077	335	433	
trad_bottom_4.png	278855	1014	246	183	
trad_bottom_4.png	279055	999	160	366	
trad_bottom_4.png	279438	1097	332	250	
trad_bottom_4.png	279704	1212	418	283	
trad_bottom_4.png	280004	1301	356	200	
trad_bottom_4.png	280221	1221	422	200	
trad_bottom_4.png	280420	1207	428	949	
trad_bottom_4.png	281420	1324	155	250	
trad_bottom_4.png	281703	995	148	183	
trad_bottom_4.png	281903	662	223	33	
trad_bottom_4.png	281936	649	242	183	
trad_right_2.png	282119	150	226	233	
trad_right_2.png	282352	29	187	1199	
trad_right_2.png	283552	20	173	217	
trad_right_2.png	283801	27	59	233	
trad_right_2.png	284051	5	82	350	
trad_right_2.png	284418	106	110	117	
trad_right_2.png	284684	95	183	150	
trad_right_2.png	284851	23	193	250	
trad_right_2.png	285117	23	121	150	
trad_right_2.png	285267	18	82	400	
trad_right_2.png	285667	65	100	266	
trad_right_2.png	285950	135	102	266	
trad_right_2.png	286233	39	219	217	
trad_right_2.png	286450	17	199	516	
trad_right_2.png	286966	6	246	333	
trad_right_2.png	287299	73	263	300	
trad_right_2.png	287599	66	261	250	
trad_right_2.png	287849	23	257	183	
trad_right_2.png	288049	32	344	33	
trad_right_2.png	288132	137	732	100	
trad_right_2.png	288232	106	662	183	
trad_right_2.png	288415	17	686	216	
trad_right_2.png	288665	14	526	200	
trad_right_2.png	288865	15	565	150	
trad_right_2.png	289015	110	468	283	
trad_right_2.png	289298	137	459	350	
trad_right_2.png	289648	109	461	200	
trad_right_2.png	289847	113	423	283	
trad_right_2.png	290147	173	445	300	
trad_right_2.png	290447	196	479	366	
trad_right_2.png	290830	127	455	217	
trad_right_2.png	291047	101	459	150	
trad_right_2.png	291196	105	426	183	
trad_right_2.png	291380	232	415	366	
trad_right_2.png	291746	256	422	217	
trad_right_2.png	291963	285	544	216	
trad_right_2.png	292179	295	564	266	
trad_right_2.png	292462	19	597	183	
trad_right_2.png	292646	16	570	333	
trad_right_2.png	292979	72	585	233	
trad_right_2.png	293212	104	575	217	
trad_right_2.png	293428	22	564	166	
trad_right_2.png	293611	243	614	283	
trad_right_2.png	293911	289	561	333	
trad_right_2.png	294278	80	701	167	
trad_right_2.png	294444	16	690	183	
trad_right_2.png	294644	247	794	283	
trad_right_2.png	294944	393	881	300	
trad_right_2.png	295277	170	775	150	
trad_right_2.png	295427	118	782	133	
trad_right_2.png	295577	267	593	166	
trad_right_2.png	295743	294	557	616	
trad_right_2.png	296360	250	637	166	
trad_right_2.png	296543	163	807	167	
trad_right_2.png	296709	132	780	83	
trad_right_2.png	296809	279	597	183	
trad_right_2.png	296993	290	576	150	
trad_right_2.png	297176	239	428	400	
trad_right_2.png	297576	190	439	250	
trad_right_2.png	297825	115	427	266	
trad_right_2.png	298092	250	399	500	
trad_right_2.png	298591	140	423	217	
trad_right_2.png	298808	306	533	433	
trad_right_2.png	299258	351	439	183	
trad_right_2.png	299474	273	281	283	
trad_right_2.png	299774	277	200	167	
trad_right_2.png	299941	304	191	133	
trad_right_2.png	300107	353	464	200	
trad_right_2.png	300307	338	451	150	
trad_right_2.png	300474	312	518	200	
trad_right_2.png	300690	256	396	166	
trad_right_2.png	300873	250	353	166	
trad_right_2.png	301040	245	317	483	
trad_right_2.png	301523	204	322	350	
trad_right_2.png	301889	345	446	366	
trad_right_2.png	302306	130	230	300	
trad_right_2.png	302606	31	249	316	
trad_right_2.png	302955	291	230	250	
trad_right_2.png	303205	282	189	183	
trad_right_2.png	303405	81	219	200	
trad_right_2.png	303638	378	459	167	
trad_right_2.png	303805	346	447	1782	
trad_right_2.png	305603	358	798	366	
trad_right_2.png	305987	387	908	183	
trad_right_2.png	306270	159	217	167	
trad_right_2.png	306470	150	86	150	
trad_right_2.png	306619	269	193	200	
trad_right_2.png	306853	190	69	183	
trad_right_2.png	307069	38	228	166	
trad_right_2.png	307236	14	202	433	
trad_bottom_3.png	307719	906	110	150	
trad_bottom_3.png	307885	998	41	266	
trad_bottom_3.png	308185	904	441	200	
trad_bottom_3.png	308402	972	577	183	
trad_bottom_3.png	308601	1089	527	33	
trad_bottom_3.png	308651	1101	515	166	
trad_bottom_3.png	308868	1322	244	450	
trad_bottom_3.png	309367	1558	787	33	
trad_bottom_3.png	309401	1552	798	167	
trad_bottom_3.png	309584	1579	737	117	
trad_bottom_3.png	309817	206	435	117	
trad_bottom_3.png	309950	52	507	167	
trad_bottom_3.png	310167	143	101	166	
trad_bottom_3.png	310433	919	95	100	
trad_bottom_3.png	310550	976	123	50	
trad_bottom_3.png	310617	1015	32	416	
trad_bottom_3.png	311066	1060	330	200	
trad_bottom_3.png	311283	999	303	83	
trad_bottom_3.png	311399	1003	68	266	
trad_bottom_3.png	311666	984	128	266	
trad_bottom_3.png	311966	956	297	183	
trad_bottom_3.png	312182	1312	243	483	
trad_bottom_3.png	312682	1296	385	233	
trad_bottom_3.png	312915	1322	248	366	
trad_bottom_3.png	313315	1288	411	233	
trad_bottom_3.png	313565	1092	492	400	
trad_bottom_3.png	313998	1408	484	216	
trad_bottom_3.png	314231	1100	509	333	
trad_bottom_3.png	314564	961	559	116	
trad_bottom_3.png	314714	1390	511	166	
trad_bottom_3.png	314880	1456	489	167	
trad_bottom_3.png	315064	1492	349	216	
trad_bottom_3.png	315297	1471	284	233	
trad_bottom_3.png	315530	1390	243	183	
trad_bottom_3.png	315713	1352	231	217	
trad_bottom_3.png	315980	1437	500	250	
trad_bottom_3.png	316246	1436	398	266	
trad_bottom_3.png	316529	1409	330	200	
trad_bottom_3.png	316746	1453	514	133	
trad_bottom_3.png	316912	966	581	416	
trad_bottom_3.png	317379	1410	506	200	
trad_bottom_3.png	317579	1450	491	167	
trad_bottom_3.png	317778	1433	275	200	
trad_bottom_3.png	317978	1463	225	133	
trad_bottom_3.png	318112	1329	239	783	
trad_bottom_3.png	318894	1360	231	300	
trad_bottom_3.png	319211	1394	118	183	
trad_bottom_3.png	319411	1448	-9	100	
trad_bottom_3.png	319544	1487	14	117	
trad_bottom_3.png	319693	1055	22	200	
trad_bottom_3.png	319894	1012	24	100	
trad_bottom_3.png	319994	993	124	217	
trad_bottom_3.png	320210	1015	140	250	
trad_bottom_3.png	320460	1016	296	167	
trad_bottom_3.png	320627	990	319	100	
trad_bottom_3.png	320726	1098	411	300	
trad_bottom_3.png	321059	1335	228	450	
trad_bottom_3.png	321526	1272	138	283	
trad_bottom_3.png	321809	1269	241	366	
trad_bottom_3.png	322192	1322	243	283	
trad_bottom_3.png	322492	1307	374	200	
trad_bottom_3.png	322692	1295	419	383	
trad_bottom_3.png	323108	993	555	183	
trad_bottom_3.png	323291	958	579	266	
trad_bottom_3.png	323608	1464	497	250	
trad_bottom_3.png	323874	1433	434	166	
trad_bottom_3.png	324058	1421	189	233	
trad_bottom_3.png	324291	1475	206	283	
trad_bottom_3.png	324591	1462	-5	66	
trad_bottom_3.png	324690	1484	31	50	
trad_bottom_3.png	324823	265	190	33	
trad_bottom_3.png	324873	228	229	133	
trad_bottom_3.png	325040	103	96	166	
trad_bottom_3.png	325240	413	38	183	
trad_bottom_3.png	325456	736	25	134	
trad_bottom_3.png	325590	767	36	33	
trad_bottom_3.png	325640	970	15	133	
trad_bottom_3.png	325773	1009	32	50	
trad_bottom_3.png	325890	303	336	167	
trad_bottom_3.png	326073	53	518	33	
trad_bottom_3.png	326106	49	529	133	
trad_bottom_3.png	326256	31	580	100	
trad_bottom_3.png	326456	1513	728	216	
trad_bottom_3.png	326706	1330	489	117	
trad_bottom_3.png	326856	983	530	166	
trad_bottom_3.png	327039	949	577	600	
trad_bottom_3.png	327672	1431	503	233	
trad_bottom_3.png	327922	1455	389	183	
trad_bottom_3.png	328121	1473	254	466	
trad_bottom_3.png	328588	1469	229	216	
trad_right_3.png	328854	380	551	266	
trad_right_3.png	329154	297	347	183	
trad_right_3.png	329537	404	113	67	
trad_right_3.png	329604	446	57	100	
trad_right_3.png	329704	419	44	100	
trad_right_3.png	329820	321	92	366	
trad_right_3.png	330403	401	206	550	
trad_right_3.png	330986	208	148	183	
trad_right_3.png	331169	171	137	233	
trad_right_3.png	331403	201	140	400	
trad_right_3.png	331802	251	140	167	
trad_right_3.png	331969	302	204	283	
trad_right_3.png	332269	407	216	233	
trad_right_3.png	332518	331	112	283	
trad_right_3.png	332835	339	317	166	
trad_right_3.png	333001	308	356	300	
trad_right_3.png	333318	353	355	433	
trad_right_3.png	333768	393	565	233	
trad_right_3.png	334017	403	608	366	
trad_right_3.png	334400	134	491	350	
trad_right_3.png	334750	110	490	217	
trad_right_3.png	334967	250	495	233	
trad_right_3.png	335217	267	505	133	
trad_right_3.png	335383	303	641	233	
trad_right_3.png	335633	84	482	216	
trad_right_3.png	335866	91	730	350	
trad_right_3.png	336249	371	616	167	
trad_right_3.png	336416	404	624	200	
trad_right_3.png	336649	333	402	167	
trad_right_3.png	336832	332	358	200	
trad_right_3.png	337065	396	591	200	
trad_right_3.png	337265	414	613	183	
trad_right_3.png	337465	412	478	383	
trad_right_3.png	337848	444	537	200	
trad_right_3.png	338048	459	490	216	
trad_right_3.png	338298	410	289	183	
trad_right_3.png	338481	412	242	166	
trad_right_3.png	338648	398	216	133	
trad_right_3.png	338797	313	100	100	
trad_right_3.png	338931	447	516	200	
trad_right_3.png	339131	457	495	600	
trad_right_3.png	339747	453	492	516	
trad_right_3.png	340297	383	882	383	
trad_right_3.png	340763	399	145	150	
trad_right_3.png	340929	406	38	400	
trad_bottom_2.png	341379	990	521	233	
trad_bottom_2.png	341612	1010	511	133	
trad_bottom_2.png	341795	825	79	167	
trad_bottom_2.png	341979	629	56	250	
trad_bottom_2.png	342262	435	52	266	
trad_bottom_2.png	342528	449	189	33	
trad_bottom_2.png	342562	455	205	167	
trad_bottom_2.png	342745	441	115	550	
trad_bottom_2.png	343311	431	58	150	
trad_bottom_2.png	343494	254	245	266	
trad_bottom_2.png	343777	266	323	167	
trad_bottom_2.png	343961	366	399	300	
trad_bottom_2.png	344277	557	485	383	
trad_bottom_2.png	344660	597	501	166	
trad_bottom_2.png	344827	574	503	233	
trad_bottom_2.png	345077	742	462	166	
trad_bottom_2.png	345260	857	415	250	
trad_bottom_2.png	345526	877	274	150	
trad_bottom_2.png	345676	874	244	200	
trad_bottom_2.png	345876	935	262	283	
trad_bottom_2.png	346193	615	446	150	
trad_bottom_2.png	346342	573	493	233	
trad_bottom_2.png	346575	708	581	200	
trad_bottom_2.png	346792	959	499	466	
trad_bottom_2.png	347292	708	571	316	
trad_bottom_2.png	347641	957	466	200	
trad_bottom_2.png	347841	1000	483	250	
trad_bottom_2.png	348125	913	317	250	
trad_bottom_2.png	348391	941	227	216	
trad_bottom_2.png	348641	703	574	433	
trad_bottom_2.png	349107	908	667	433	
trad_bottom_2.png	349574	728	598	150	
trad_bottom_2.png	349723	699	581	500	
trad_bottom_2.png	350256	957	533	183	
trad_bottom_2.png	350440	991	501	216	
trad_bottom_2.png	350706	1247	144	166	
trad_bottom_2.png	350889	1403	14	150	
trad_bottom_2.png	351072	1434	55	83	
trad_bottom_2.png	351172	1315	55	150	
trad_bottom_2.png	351422	1088	618	117	
trad_bottom_2.png	351555	896	680	283	
trad_bottom_2.png	351889	187	619	250	
trad_bottom_2.png	352155	118	766	300	
trad_bottom_2.png	352521	971	634	183	
trad_bottom_2.png	352705	913	658	233	
trad_bottom_2.png	352954	714	589	183	
trad_bottom_2.png	353154	853	561	200	
trad_bottom_2.png	353371	1070	524	200	
trad_bottom_2.png	353571	1134	512	316	
trad_bottom_2.png	353904	1140	429	366	
trad_bottom_2.png	354287	1170	539	183	
trad_bottom_2.png	354487	1329	592	150	
trad_bottom_2.png	354670	933	665	250	
trad_bottom_2.png	354970	1286	608	150	
trad_bottom_2.png	355136	1364	567	133	
trad_bottom_2.png	355303	1344	340	250	
trad_bottom_2.png	355569	1343	248	233	
trad_bottom_2.png	355819	1387	87	166	
trad_bottom_2.png	356035	1432	26	183	
trad_bottom_2.png	356235	1310	51	383	
trad_bottom_2.png	356702	1019	627	33	
trad_bottom_2.png	356752	957	675	133	
trad_bottom_2.png	356885	909	671	300	
trad_bottom_2.png	357352	1267	163	116	
trad_bottom_2.png	357485	1282	43	50	
trad_bottom_2.png	357535	1265	11	200	
trad_bottom_2.png	357735	1294	30	166	
trad_bottom_2.png	357934	1311	49	1033	
trad_bottom_2.png	358983	1302	47	283	
trad_bottom_2.png	359283	1408	36	183	
trad_bottom_2.png	359483	1431	38	200	
trad_bottom_2.png	359716	1591	10	200	
trad_bottom_2.png	359983	1587	-15	50	
trad_bottom_2.png	360033	1573	9	33	
trad_bottom_2.png	360066	1587	-22	166	
trad_bottom_2.png	360266	1594	-2	316	
trad_bottom_2.png	360616	1630	297	266	
trad_bottom_2.png	360916	1601	34	250	
trad_bottom_2.png	361232	1069	535	117	
trad_bottom_2.png	361348	1042	538	183	
trad_bottom_2.png	361548	1344	551	167	
trad_bottom_2.png	361715	1376	540	50	
trad_bottom_2.png	361782	1431	486	150	
trad_bottom_2.png	361965	1447	396	150	
trad_bottom_2.png	362165	1385	123	150	
trad_bottom_2.png	362364	713	66	83	
trad_bottom_2.png	362464	626	100	117	
trad_bottom_2.png	362581	649	23	133	
trad_bottom_2.png	362731	408	34	83	
trad_bottom_2.png	362831	390	52	117	
trad_bottom_2.png	362981	705	602	33	
trad_bottom_2.png	363014	724	637	117	
trad_bottom_2.png	363147	839	643	33	
trad_bottom_2.png	363181	859	643	116	
trad_bottom_2.png	363331	671	570	133	
trad_bottom_2.png	363514	262	325	33	
trad_bottom_2.png	363564	256	332	117	
trad_bottom_2.png	363714	215	199	133	
trad_bottom_2.png	363897	802	566	150	
trad_bottom_2.png	364063	882	652	216	
trad_bottom_2.png	364280	948	644	416	
trad_bottom_2.png	364746	275	531	83	
trad_bottom_2.png	364846	193	534	133	
trad_bottom_2.png	364996	36	733	516	
trad_right_4.png	365546	77	667	200	
trad_right_4.png	365746	99	658	133	
trad_right_4.png	365929	154	154	266	
trad_right_4.png	366195	217	140	150	
trad_right_4.png	366362	108	298	33	
trad_right_4.png	366395	94	317	483	
trad_right_4.png	366912	215	491	233	
trad_right_4.png	367178	415	479	216	
trad_right_4.png	367411	531	458	133	
trad_right_4.png	367578	438	16	233	
trad_right_4.png	367811	233	75	133	
trad_right_4.png	367944	177	82	133	
trad_right_4.png	368111	87	230	233	
trad_right_4.png	368361	25	327	216	
trad_right_4.png	368594	18	439	183	
trad_right_4.png	368794	95	554	283	
trad_right_4.png	369093	126	589	150	
trad_right_4.png	369260	42	650	300	
trad_right_4.png	369576	141	653	200	
trad_right_4.png	369793	245	570	167	
trad_right_4.png	369960	323	483	550	
trad_right_4.png	370526	262	653	167	
trad_right_4.png	370692	195	657	117	
trad_right_4.png	370842	273	859	200	
trad_right_4.png	371059	292	811	516	
trad_right_4.png	371575	360	848	183	
trad_right_4.png	371758	429	892	200	
trad_right_4.png	372008	215	270	150	
trad_right_4.png	372191	198	100	283	
trad_right_4.png	372491	92	278	233	
trad_right_4.png	372741	-9	305	166	
trad_right_4.png	372941	-10	489	250	
trad_right_4.png	373224	10	710	283	
trad_right_4.png	373524	81	755	200	
trad_right_4.png	373724	94	774	300	
trad_right_4.png	374024	245	850	150	
trad_right_4.png	374173	308	854	50	
trad_right_4.png	374223	333	846	83	
trad_right_4.png	374307	296	808	200	
trad_right_4.png	374523	335	801	167	
trad_right_4.png	374723	368	540	183	
trad_right_4.png	374906	374	498	167	
trad_right_4.png	375106	131	571	167	
trad_right_4.png	375273	82	547	166	
trad_right_4.png	375456	45	658	350	
trad_right_4.png	375806	97	652	250	
trad_right_4.png	376072	76	759	333	
trad_right_4.png	376422	192	714	183	
trad_right_4.png	376605	226	702	183	
trad_right_4.png	376805	286	510	117	
trad_right_4.png	376922	345	495	216	
trad_right_4.png	377138	392	503	166	
trad_right_4.png	377338	304	181	216	
trad_right_4.png	377588	441	66	200	
trad_right_4.png	377788	448	46	116	
trad_right_4.png	377971	444	941	150	
trad_right_4.png	378121	425	910	216	
trad_right_4.png	378337	391	888	150	
trad_right_4.png	378504	329	780	250	
trad_right_4.png	378754	306	802	133	
trad_right_4.png	378887	351	801	167	
trad_right_4.png	379087	372	591	350	
trad_right_4.png	379437	385	501	1166	
trad_bottom_1.png	380619	826	361	150	
trad_bottom_1.png	380769	772	349	33	
trad_bottom_1.png	380836	991	215	117	
trad_bottom_1.png	380952	1063	209	450	
trad_bottom_1.png	381435	1339	155	67	
trad_bottom_1.png	381519	1363	156	250	
trad_bottom_1.png	381835	370	618	33	
trad_bottom_1.png	381885	295	599	133	
trad_bottom_1.png	382035	278	580	150	
trad_bottom_1.png	382185	291	560	400	
trad_bottom_1.png	382635	938	230	150	
trad_bottom_1.png	382801	1060	215	150	
trad_bottom_1.png	382984	1544	467	500	
trad_bottom_1.png	383517	1582	555	200	
trad_bottom_1.png	383717	1583	515	133	
trad_bottom_1.png	383851	1566	479	200	
trad_bottom_1.png	384067	1602	569	150	
trad_bottom_1.png	384284	1140	632	150	
trad_bottom_1.png	384434	1103	656	233	
trad_bottom_1.png	384700	422	663	33	
trad_bottom_1.png	384733	410	658	67	
trad_bottom_1.png	384817	323	672	67	
trad_bottom_1.png	384883	310	643	83	
trad_bottom_1.png	384967	288	589	266	
trad_bottom_1.png	385233	272	599	150	
trad_bottom_1.png	385399	248	705	167	
trad_bottom_1.png	385583	196	743	117	
trad_bottom_1.png	385749	763	841	150	
trad_bottom_1.png	385916	833	822	166	
trad_bottom_1.png	386082	899	815	117	
trad_bottom_1.png	386282	1073	194	383	
trad_bottom_1.png	386665	1063	339	350	
trad_bottom_1.png	387082	200	803	100	
trad_bottom_1.png	387198	110	823	133	
trad_bottom_1.png	387332	104	816	50	
trad_bottom_1.png	387432	854	818	116	
trad_bottom_1.png	387548	935	806	67	
trad_bottom_1.png	387615	890	819	167	
trad_bottom_1.png	387865	1010	263	133	
trad_bottom_1.png	388014	1058	219	117	
trad_bottom_1.png	388181	406	605	100	
trad_bottom_1.png	388298	326	617	67	
trad_bottom_1.png	388364	310	695	150	
trad_bottom_1.png	388531	281	597	167	
trad_bottom_1.png	388714	217	737	216	
trad_bottom_1.png	388964	774	839	50	
trad_bottom_1.png	389014	787	834	100	
trad_bottom_1.png	389114	827	833	83	
trad_bottom_1.png	389197	892	822	333	
trad_bottom_1.png	389597	1538	573	167	
trad_bottom_1.png	389763	1613	569	150	
trad_bottom_1.png	389913	1562	469	383	
trad_bottom_1.png	390346	1036	239	133	
trad_bottom_1.png	390480	1001	224	50	
trad_bottom_1.png	390529	1063	219	300	
trad_bottom_1.png	390846	1057	369	216	
trad_bottom_1.png	391112	533	640	100	
trad_bottom_1.png	391212	471	635	50	
trad_bottom_1.png	391279	325	563	116	
trad_bottom_1.png	391412	309	578	50	
trad_bottom_1.png	391462	276	574	333	
trad_bottom_1.png	391795	238	689	366	
trad_bottom_1.png	392195	745	821	167	
trad_bottom_1.png	392362	833	815	83	
trad_bottom_1.png	392445	825	820	50	
trad_bottom_1.png	392495	893	816	1183	
trad_right_5.png	393711	345	302	200	
trad_right_5.png	393927	369	65	333	
trad_right_5.png	394294	39	302	33	
trad_right_5.png	394327	-14	299	183	
trad_right_5.png	394510	-1	344	283	
trad_right_5.png	394793	134	454	333	
trad_right_5.png	395160	65	671	300	
trad_right_5.png	395476	228	832	266	
trad_right_5.png	395776	19	598	250	
trad_right_5.png	396059	4	454	233	
trad_right_5.png	396326	422	496	200	
trad_right_5.png	396526	492	482	166	
trad_right_5.png	396725	379	838	183	
trad_right_5.png	396909	443	878	167	
trad_right_5.png	397108	509	440	183	
trad_right_5.png	397308	263	446	316	
trad_right_5.png	397658	40	357	216	
trad_right_5.png	397875	3	348	266	
trad_right_5.png	398158	248	463	200	
trad_right_5.png	398358	280	483	183	
trad_right_5.png	398541	335	484	266	
trad_right_5.png	398807	228	440	100	
trad_right_5.png	398907	171	442	266	
trad_right_5.png	399191	58	412	500	
trad_right_5.png	399690	90	402	266	
trad_right_5.png	399973	35	421	150	
trad_right_5.png	400157	15	164	266	
trad_right_5.png	400423	-2	210	250	
trad_right_5.png	400690	93	200	233	
trad_right_5.png	400939	3	210	250	
trad_right_5.png	401206	123	213	167	
trad_right_5.png	401389	189	222	533	
trad_right_5.png	401939	230	279	183	
trad_right_5.png	402139	19	327	716	
trad_right_5.png	402871	95	326	200	
trad_right_5.png	403071	78	330	350	
trad_right_5.png	403421	186	363	650	
trad_right_5.png	404087	227	294	316	
trad_right_5.png	404404	192	358	266	
trad_right_5.png	404687	233	272	350	
trad_right_5.png	405037	192	349	250	
trad_right_5.png	405303	176	419	233	
trad_right_5.png	405553	80	429	283	
trad_right_5.png	405836	106	415	233	
trad_right_5.png	406069	57	409	200	
trad_right_5.png	406286	4	362	150	
trad_right_5.png	406469	325	154	133	
trad_right_5.png	406619	359	77	233	
trad_right_5.png	406935	61	736	33	
trad_right_5.png	406969	2	741	233	
trad_right_5.png	407219	15	808	133	
trad_right_5.png	407402	-3	347	283	
trad_right_5.png	407685	-3	364	416	
trad_right_5.png	408101	50	407	350	
trad_right_5.png	408451	88	418	216	
trad_right_5.png	408668	135	407	383	
trad_right_5.png	409051	190	377	766	
trad_right_5.png	409834	79	343	233	
trad_right_5.png	410067	108	344	233	
trad_right_5.png	410300	81	316	333	
trad_right_5.png	410650	181	328	200	
trad_right_5.png	410850	224	278	266	
trad_right_5.png	411116	219	257	117	
trad_right_5.png	411249	59	215	233	
trad_right_5.png	411483	-2	213	166	
trad_right_5.png	411682	231	254	200	
trad_right_5.png	411882	232	275	933	
trad_right_5.png	412815	232	269	999	
trad_right_5.png	413848	111	672	266	
trad_right_5.png	414164	227	361	167	
trad_right_6.png	414381	60	735	217	
trad_right_6.png	414630	95	646	233	
trad_right_6.png	415047	224	273	150	
trad_right_6.png	415197	262	313	33	
trad_right_6.png	415230	243	300	316	
trad_right_6.png	415580	188	120	217	
trad_right_6.png	415796	188	89	166	
trad_right_6.png	415980	422	2	167	
trad_right_6.png	416146	471	23	150	
trad_right_6.png	416346	62	163	166	
trad_right_6.png	416513	4	162	67	
trad_right_6.png	416579	5	153	133	
trad_right_6.png	416729	228	296	33	
trad_right_6.png	416762	244	316	1432	
trad_right_6.png	418361	307	300	183	
trad_right_6.png	418545	333	315	100	
trad_right_6.png	418661	109	542	67	
trad_right_6.png	418728	50	554	133	
trad_right_6.png	418878	-1	480	300	
trad_right_6.png	419244	111	660	150	
trad_right_6.png	419394	84	656	200	
trad_right_6.png	419611	45	767	183	
trad_right_6.png	419827	294	850	183	
trad_right_6.png	420010	325	854	166	
trad_right_6.png	420194	455	872	150	
trad_right_6.png	420393	478	359	233	
trad_right_6.png	420660	454	56	233	
trad_right_6.png	420926	199	62	166	
trad_right_6.png	421110	8	150	216	
trad_right_6.png	421409	19	704	266	
trad_right_6.png	421709	215	848	200	
trad_right_6.png	421909	260	870	117	
trad_right_6.png	422026	322	869	100	
trad_right_6.png	422159	458	898	350	
trad_right_6.png	422542	162	767	33	
trad_right_6.png	422575	95	758	150	
trad_right_6.png	422725	53	781	316	
trad_right_6.png	423042	101	759	316	
trad_right_6.png	423358	141	732	250	
trad_right_6.png	423625	140	691	33	
trad_right_6.png	423658	93	656	350	
trad_right_6.png	424008	131	665	400	
trad_right_6.png	424407	91	646	650	
trad_right_6.png	425074	144	636	300	
trad_right_6.png	425374	219	626	216	
trad_right_6.png	425590	185	726	350	
trad_right_6.png	425940	134	671	366	
trad_right_6.png	426306	93	655	500	
trad_right_6.png	426806	132	654	266	
trad_right_6.png	427072	94	655	650	
trad_right_6.png	427755	281	464	133	
trad_right_6.png	427888	339	462	33	
trad_right_6.png	427922	344	431	200	
trad_right_6.png	428138	253	401	117	
trad_right_6.png	428255	192	409	216	
trad_right_6.png	428505	22	458	183	
trad_right_6.png	428705	-7	495	400	
trad_right_6.png	429121	-12	487	350	
trad_right_6.png	429471	32	489	233	
trad_right_6.png	429704	136	501	200	
trad_right_6.png	429904	186	508	233	
trad_right_6.png	430137	213	614	217	
trad_right_6.png	430354	227	620	133	
trad_right_6.png	430520	139	495	167	
trad_right_6.png	430703	-18	491	300	
trad_right_6.png	431020	137	493	233	
trad_right_6.png	431253	185	504	283	
trad_right_6.png	431536	223	622	316	
trad_right_6.png	431869	91	643	416	
trad_right_6.png	432319	201	622	133	
trad_right_6.png	432452	225	622	83	
trad_right_6.png	432535	225	614	333	
trad_right_6.png	432885	164	511	300	
trad_right_6.png	433202	-22	505	233	
trad_right_6.png	433452	168	625	200	
trad_right_6.png	433651	207	595	216	
trad_right_6.png	433868	182	510	200	
trad_right_6.png	434068	230	609	316	
trad_right_6.png	434384	240	623	100	
trad_right_6.png	434484	314	620	383	
trad_right_6.png	434884	303	472	150	
trad_right_6.png	435050	300	362	283	
trad_right_6.png	435334	306	334	183	
trad_right_6.png	435534	335	304	366	
trad_right_6.png	435917	397	218	550	
trad_right_6.png	436500	331	329	200	
trad_right_6.png	436699	348	339	133	
trad_right_6.png	436833	308	354	200	
trad_right_6.png	437033	400	382	200	
trad_right_6.png	437249	446	235	383	
trad_right_6.png	437649	471	425	383	
trad_right_6.png	438049	440	257	250	
trad_right_6.png	438298	439	247	283	
trad_right_6.png	438598	374	353	233	
trad_right_6.png	438848	295	367	217	
trad_right_6.png	439081	461	429	183	
trad_right_6.png	439264	484	449	233	
trad_right_6.png	439498	492	468	250	
trad_right_6.png	439764	414	584	300	
trad_right_6.png	440081	253	618	250	
trad_right_6.png	440347	155	654	183	
trad_right_6.png	440530	102	657	50	
trad_right_6.png	440597	196	805	216	
trad_right_6.png	440847	411	479	50	
trad_right_6.png	440897	470	468	183	
trad_right_6.png	441080	490	461	483	
trad_right_6.png	441580	429	614	183	
trad_right_6.png	441780	373	685	50	
trad_right_6.png	441846	143	716	33	
trad_right_6.png	441913	71	781	83	
trad_right_6.png	441996	11	774	67	
trad_right_6.png	442063	43	778	266	
trad_right_6.png	442346	297	874	200	
trad_right_6.png	442546	351	872	366	
trad_right_6.png	442929	270	802	283	
trad_right_6.png	443228	234	754	33	
trad_right_6.png	443295	414	541	167	
trad_right_6.png	443478	506	457	250	
trad_right_6.png	443761	428	278	233	
trad_right_6.png	443995	449	254	150	
trad_right_6.png	444161	353	290	233	
trad_right_6.png	444411	358	336	250	
trad_right_6.png	444678	297	358	616	
trad_right_6.png	445294	315	350	217	
trad_right_6.png	445527	390	371	350	
trad_right_6.png	445877	492	444	383	
trad_right_6.png	446260	493	469	899	
trad_right_6.png	447193	454	338	167	
trad_right_6.png	447376	439	261	316	
trad_right_6.png	447692	347	310	100	
