ortho_top_6.png	0	927	465	452	
ortho_top_6.png	502	926	455	200	
ortho_top_6.png	752	922	457	100	
ortho_top_6.png	968	847	124	67	
ortho_top_6.png	1068	830	114	50	
ortho_top_6.png	1185	176	550	83	
ortho_top_6.png	1301	193	555	133	
ortho_top_6.png	1434	141	667	33	
ortho_top_6.png	1518	139	674	200	
ortho_top_6.png	1767	138	676	266	
ortho_top_6.png	2067	672	908	283	
ortho_top_6.png	2350	684	808	200	
ortho_top_6.png	2567	584	697	183	
ortho_top_6.png	2750	559	617	117	
ortho_top_6.png	2867	556	568	266	
ortho_top_6.png	3150	524	455	133	
ortho_top_6.png	3300	310	394	183	
ortho_top_6.png	3533	111	477	133	
ortho_top_6.png	3699	62	247	33	
ortho_top_6.png	3783	62	238	100	
ortho_top_6.png	3966	1178	296	117	
ortho_top_6.png	4116	797	696	33	
ortho_top_6.png	4149	775	715	150	
ortho_top_6.png	4299	764	711	50	
ortho_top_6.png	4349	866	778	150	
ortho_top_6.png	4549	879	788	117	
ortho_top_6.png	4665	866	748	50	
ortho_top_6.png	4799	871	659	166	
ortho_top_6.png	4982	876	527	183	
ortho_top_6.png	5182	790	462	150	
ortho_top_6.png	5365	1009	401	150	
ortho_top_6.png	5565	1008	401	33	
ortho_top_6.png	5615	747	325	183	
ortho_top_6.png	5831	340	359	167	
ortho_top_6.png	6031	138	458	167	
ortho_top_6.png	6198	130	592	266	
ortho_top_6.png	6481	119	326	200	
ortho_top_6.png	6697	410	337	83	
ortho_top_6.png	6931	1305	290	100	
ortho_top_6.png	7097	1583	311	100	
ortho_top_6.png	7197	1570	275	50	
ortho_top_6.png	7247	1576	252	33	
ortho_top_6.png	7280	1470	411	67	
ortho_top_6.png	7347	1469	413	67	
ortho_top_6.png	7447	669	440	83	
ortho_top_6.png	7580	667	447	50	
ortho_top_6.png	7647	293	444	117	
ortho_top_6.png	7763	301	458	100	
ortho_top_6.png	7880	119	614	183	
ortho_top_6.png	8097	340	422	200	
ortho_top_6.png	8313	767	424	166	
ortho_top_6.png	8496	940	390	50	
ortho_top_6.png	8596	961	395	67	
ortho_top_6.png	8713	947	693	83	
ortho_top_6.png	8846	898	790	117	
ortho_top_6.png	8979	898	554	200	
ortho_top_6.png	9179	917	454	166	
ortho_top_6.png	9346	838	393	183	
ortho_top_6.png	9529	777	332	167	
ortho_top_6.png	9696	752	326	116	
ortho_top_6.png	9862	755	320	700	
ortho_top_6.png	10611	758	311	466	
ortho_top_6.png	11128	1489	293	167	
ortho_top_6.png	11294	1482	515	33	
ortho_top_6.png	11328	1464	535	250	
ortho_top_6.png	11677	817	324	117	
ortho_top_6.png	11794	772	326	33	
ortho_top_6.png	11877	760	317	433	
ortho_right_1.png	12327	475	449	250	
ortho_right_1.png	12610	207	348	200	
ortho_right_1.png	12810	135	341	33	
ortho_right_1.png	12893	137	342	83	
ortho_right_1.png	12977	109	332	50	
ortho_right_1.png	13043	173	165	200	
ortho_right_1.png	13260	265	74	333	
ortho_right_1.png	13643	330	71	233	
ortho_right_1.png	13909	362	345	466	
ortho_right_1.png	14376	358	463	167	
ortho_right_1.png	14576	371	700	33	
ortho_right_1.png	14659	369	708	200	
ortho_right_1.png	14925	326	728	183	
ortho_right_1.png	15109	341	730	233	
ortho_right_1.png	15342	382	737	200	
ortho_right_1.png	15542	413	752	83	
ortho_right_1.png	15658	412	753	50	
ortho_right_1.png	15708	414	800	167	
ortho_right_1.png	15908	439	646	150	
ortho_right_1.png	16092	449	462	416	
ortho_right_1.png	16525	448	834	100	
ortho_right_1.png	16675	445	838	33	
ortho_right_1.png	16725	444	508	150	
ortho_right_1.png	16924	442	467	716	
ortho_right_1.png	17691	439	461	200	
ortho_right_1.png	17940	442	454	416	
ortho_top_5.png	18407	1641	279	116	
ortho_top_5.png	18590	965	319	134	
ortho_top_5.png	19056	281	312	133	
ortho_top_5.png	19190	175	417	150	
ortho_top_5.png	19372	107	383	233	
ortho_top_5.png	19606	108	318	50	
ortho_top_5.png	19705	109	313	83	
ortho_top_5.png	19822	696	232	83	
ortho_top_5.png	19955	695	228	100	
ortho_top_5.png	20122	1255	209	116	
ortho_top_5.png	20272	1545	133	50	
ortho_top_5.png	20322	1524	148	133	
ortho_top_5.png	20455	1593	154	133	
ortho_top_5.png	20622	775	112	50	
ortho_top_5.png	20722	780	111	67	
ortho_top_5.png	20888	134	313	33	
ortho_top_5.png	21005	140	395	183	
ortho_top_5.png	21188	104	309	150	
ortho_top_5.png	21338	110	255	150	
ortho_top_5.png	21521	733	213	416	
ortho_top_5.png	21987	722	226	699	
ortho_top_5.png	22737	718	224	67	
ortho_top_5.png	22837	81	260	100	
ortho_top_5.png	23004	654	232	33	
ortho_top_5.png	23037	686	233	100	
ortho_top_5.png	23154	721	233	550	
ortho_right_2.png	23770	32	187	183	
ortho_right_2.png	24020	159	200	183	
ortho_right_2.png	24203	158	215	400	
ortho_right_2.png	24619	31	157	100	
ortho_right_2.png	24736	27	157	100	
ortho_right_2.png	24869	388	416	100	
ortho_right_2.png	25019	389	415	100	
ortho_right_2.png	25152	60	129	200	
ortho_right_2.png	25369	24	55	167	
ortho_right_2.png	25552	147	30	166	
ortho_right_2.png	25768	145	27	100	
ortho_right_2.png	25885	221	104	83	
ortho_right_2.png	26018	222	101	150	
ortho_right_2.png	26185	24	117	167	
ortho_right_2.png	26351	10	148	333	
ortho_right_2.png	26685	98	147	50	
ortho_right_2.png	26784	97	148	150	
ortho_right_2.png	26951	231	126	33	
ortho_right_2.png	27034	234	132	167	
ortho_right_2.png	27201	253	124	216	
ortho_right_2.png	27434	244	237	233	
ortho_right_2.png	27684	126	398	67	
ortho_right_2.png	27784	124	396	100	
ortho_right_2.png	27884	101	414	117	
ortho_right_2.png	28100	292	694	150	
ortho_right_2.png	28267	343	813	216	
ortho_right_2.png	28483	402	856	266	
ortho_right_2.png	28800	380	871	100	
ortho_right_2.png	28933	109	710	67	
ortho_right_2.png	29050	106	708	167	
ortho_right_2.png	29216	111	765	266	
ortho_right_2.png	29499	186	653	150	
ortho_right_2.png	29666	194	740	100	
ortho_right_2.png	29816	195	742	150	
ortho_right_2.png	29966	232	717	50	
ortho_right_2.png	30066	229	715	67	
ortho_right_2.png	30132	259	592	216	
ortho_right_2.png	30365	251	506	200	
ortho_right_2.png	30582	294	454	200	
ortho_right_2.png	30798	299	361	200	
ortho_right_2.png	30998	287	290	33	
ortho_right_2.png	31082	287	280	100	
ortho_right_2.png	31198	234	282	200	
ortho_right_2.png	31398	216	140	183	
ortho_right_2.png	31581	210	39	183	
ortho_right_2.png	31831	187	336	200	
ortho_right_2.png	32081	182	335	67	
ortho_right_2.png	32164	247	320	250	
ortho_right_2.png	32414	282	420	200	
ortho_right_2.png	32647	296	533	150	
ortho_right_2.png	32847	291	538	67	
ortho_right_2.png	32914	235	648	133	
ortho_right_2.png	33114	222	750	150	
ortho_right_2.png	33280	138	757	200	
ortho_right_2.png	33496	220	738	233	
ortho_right_2.png	33730	261	639	83	
ortho_right_2.png	33830	260	632	217	
ortho_right_2.png	34113	284	574	116	
ortho_right_2.png	34246	292	441	233	
ortho_right_2.png	34496	238	393	217	
ortho_right_2.png	34712	257	383	100	
ortho_right_2.png	34862	293	355	166	
ortho_right_2.png	35112	291	267	100	
ortho_right_2.png	35212	292	290	216	
ortho_right_2.png	35429	305	189	267	
ortho_right_2.png	35695	154	193	133	
ortho_right_2.png	35878	156	197	50	
ortho_right_2.png	35928	85	183	150	
ortho_right_2.png	36128	26	170	117	
ortho_right_2.png	36261	328	162	200	
ortho_right_2.png	36478	352	410	33	
ortho_right_2.png	36511	352	427	333	
ortho_right_2.png	36861	348	423	233	
ortho_right_2.png	37144	343	427	700	
ortho_right_2.png	37894	340	429	200	
ortho_right_2.png	38143	340	429	450	
ortho_top_4.png	38626	521	394	166	
ortho_top_4.png	38826	767	105	33	
ortho_top_4.png	39159	1544	244	33	
ortho_top_4.png	39226	1541	257	33	
ortho_top_4.png	39259	1610	245	33	
ortho_top_4.png	39342	1641	242	100	
ortho_top_4.png	39459	1525	477	50	
ortho_top_4.png	39525	1517	468	83	
ortho_top_4.png	39709	173	264	167	
ortho_top_4.png	39875	186	286	33	
ortho_top_4.png	39925	197	605	183	
ortho_top_4.png	40175	230	795	150	
ortho_top_4.png	40342	363	824	167	
ortho_top_4.png	40508	385	839	250	
ortho_top_4.png	40775	374	602	100	
ortho_top_4.png	40925	368	595	50	
ortho_top_4.png	40974	359	554	133	
ortho_top_4.png	41124	548	500	250	
ortho_top_4.png	41408	767	455	200	
ortho_top_4.png	41624	930	644	250	
ortho_top_4.png	41940	988	769	100	
ortho_top_4.png	42090	1276	800	33	
ortho_top_4.png	42190	1278	818	116	
ortho_top_4.png	42340	1434	705	50	
ortho_top_4.png	42407	1428	709	166	
ortho_top_4.png	42607	1032	880	216	
ortho_top_4.png	42823	917	903	133	
ortho_top_4.png	42990	556	853	166	
ortho_top_4.png	43206	425	850	166	
ortho_top_4.png	43373	390	840	183	
ortho_top_4.png	43556	370	745	200	
ortho_top_4.png	43773	364	657	133	
ortho_top_4.png	43956	330	584	233	
ortho_top_4.png	44206	295	825	33	
ortho_top_4.png	44239	295	841	167	
ortho_top_4.png	44439	229	438	216	
ortho_top_4.png	44705	918	212	166	
ortho_top_4.png	44972	1650	241	150	
ortho_top_4.png	45122	1647	289	33	
ortho_top_4.png	45222	1572	463	33	
ortho_top_4.png	45255	1562	433	67	
ortho_top_4.png	45488	259	753	83	
ortho_top_4.png	45588	323	855	183	
ortho_top_4.png	45771	384	843	416	
ortho_top_4.png	46238	465	906	216	
ortho_top_4.png	46471	400	757	283	
ortho_top_4.png	46754	378	766	183	
ortho_top_4.png	46987	342	714	216	
ortho_top_4.png	47237	364	752	316	
ortho_top_4.png	47553	396	754	200	
ortho_top_4.png	47753	410	681	200	
ortho_top_4.png	48003	302	674	183	
ortho_top_4.png	48253	282	842	167	
ortho_top_4.png	48453	290	626	250	
ortho_top_4.png	48719	347	595	500	
ortho_top_4.png	49269	343	592	700	
ortho_right_3.png	50018	-218	576	200	
ortho_right_3.png	50268	188	390	383	
ortho_right_3.png	50835	203	847	150	
ortho_right_3.png	51051	371	880	183	
ortho_right_3.png	51301	434	924	133	
ortho_right_3.png	51501	456	185	117	
ortho_right_3.png	51634	458	36	416	
ortho_right_3.png	52084	294	71	166	
ortho_right_3.png	52300	105	145	200	
ortho_right_3.png	52500	67	297	166	
ortho_right_3.png	52683	64	406	216	
ortho_right_3.png	52900	63	441	100	
ortho_right_3.png	53050	57	443	200	
ortho_right_3.png	53300	1	458	266	
ortho_right_3.png	53566	13	617	216	
ortho_right_3.png	53799	100	627	217	
ortho_right_3.png	54066	102	622	100	
ortho_right_3.png	54182	51	446	83	
ortho_right_3.png	54316	53	445	133	
ortho_right_3.png	54449	119	437	316	
ortho_right_3.png	54782	167	416	200	
ortho_right_3.png	54982	207	414	233	
ortho_right_3.png	55215	244	445	67	
ortho_right_3.png	55332	240	445	50	
ortho_right_3.png	55382	257	433	183	
ortho_right_3.png	55582	253	484	400	
ortho_right_3.png	55981	288	516	50	
ortho_right_3.png	56081	297	520	100	
ortho_right_3.png	56181	301	574	150	
ortho_right_3.png	56348	223	622	183	
ortho_right_3.png	56548	118	639	267	
ortho_right_3.png	56831	272	629	216	
ortho_right_3.png	57098	289	523	200	
ortho_right_3.png	57347	238	507	217	
ortho_right_3.png	57581	253	438	383	
ortho_right_3.png	57964	256	514	83	
ortho_right_3.png	58097	258	513	83	
ortho_right_3.png	58197	276	607	117	
ortho_right_3.png	58363	276	608	33	
ortho_right_3.png	58397	308	560	283	
ortho_right_3.png	58680	303	639	250	
ortho_right_3.png	58930	260	744	133	
ortho_right_3.png	59113	259	743	150	
ortho_right_3.png	59279	207	830	50	
ortho_right_3.png	59379	203	826	117	
ortho_right_3.png	59529	295	542	550	
ortho_right_3.png	60129	341	458	183	
ortho_right_3.png	60379	298	549	700	
ortho_right_3.png	61162	23	576	183	
ortho_right_3.png	61395	238	562	217	
ortho_right_3.png	61611	163	602	200	
ortho_right_3.png	61811	301	541	266	
ortho_right_3.png	62144	263	633	217	
ortho_right_3.png	62411	310	539	133	
ortho_right_3.png	62544	305	548	333	
ortho_right_3.png	62894	193	617	216	
ortho_right_3.png	63160	196	618	50	
ortho_right_3.png	63210	277	617	150	
ortho_right_3.png	63410	276	613	33	
ortho_right_3.png	63460	248	461	450	
ortho_right_3.png	63910	293	552	200	
ortho_right_3.png	64159	300	552	183	
ortho_right_3.png	64343	190	616	33	
ortho_right_3.png	64426	185	618	100	
ortho_right_3.png	64543	130	634	200	
ortho_right_3.png	64759	213	645	183	
ortho_right_3.png	64942	266	625	183	
ortho_right_3.png	65175	268	625	83	
ortho_right_3.png	65275	292	520	117	
ortho_right_3.png	65475	249	440	166	
ortho_right_3.png	65658	99	424	266	
ortho_right_3.png	65925	255	428	450	
ortho_right_3.png	66441	234	471	150	
ortho_right_3.png	66591	251	488	233	
ortho_right_3.png	66841	303	552	333	
ortho_top_3.png	67224	861	562	183	
ortho_top_3.png	67457	475	436	250	
ortho_top_3.png	67724	759	328	33	
ortho_top_3.png	67774	780	318	67	
ortho_top_3.png	68056	843	518	67	
ortho_top_3.png	68156	1449	545	33	
ortho_top_3.png	68240	1436	557	183	
ortho_top_3.png	68473	1437	560	83	
ortho_top_3.png	68573	1472	806	166	
ortho_top_3.png	68756	1415	866	233	
ortho_top_3.png	69006	1269	913	183	
ortho_top_3.png	69256	1228	918	400	
ortho_top_3.png	69655	1263	847	250	
ortho_top_3.png	69922	1275	709	200	
ortho_top_3.png	70138	1423	909	167	
ortho_top_3.png	70305	1468	900	100	
ortho_top_3.png	70488	1584	329	166	
ortho_top_3.png	70671	1615	245	150	
ortho_top_3.png	70921	37	40	83	
ortho_top_3.png	71071	39	216	33	
ortho_top_3.png	71104	7	189	50	
ortho_top_3.png	71154	15	187	33	
ortho_top_3.png	71188	41	207	33	
ortho_top_3.png	71537	1432	823	50	
ortho_top_3.png	71587	1409	901	100	
ortho_top_3.png	71687	1444	913	100	
ortho_top_3.png	71787	1340	829	450	
ortho_top_3.png	72287	1359	901	266	
ortho_top_3.png	72553	1361	836	316	
ortho_top_3.png	72870	1438	785	350	
ortho_top_3.png	73220	1464	826	200	
ortho_top_3.png	73436	1330	685	33	
ortho_top_3.png	73519	1323	679	283	
ortho_top_3.png	73803	1336	615	200	
ortho_top_3.png	74002	1350	575	150	
ortho_top_3.png	74169	1354	511	83	
ortho_top_3.png	74302	1355	508	133	
ortho_top_3.png	74452	1059	414	33	
ortho_top_3.png	74535	1044	410	150	
ortho_top_3.png	74685	888	400	316	
ortho_top_3.png	75035	518	388	233	
ortho_top_3.png	75318	500	432	183	
ortho_top_3.png	75535	962	382	83	
ortho_top_3.png	75635	959	380	67	
ortho_top_3.png	75701	1012	401	166	
ortho_top_3.png	75885	832	329	150	
ortho_top_3.png	76068	487	421	316	
ortho_top_3.png	76401	482	506	100	
ortho_top_3.png	76551	480	510	83	
ortho_top_3.png	76651	387	612	183	
ortho_top_3.png	76867	236	777	316	
ortho_top_3.png	77184	232	875	100	
ortho_top_3.png	77334	236	881	67	
ortho_top_3.png	77434	607	857	83	
ortho_top_3.png	77567	610	855	50	
ortho_top_3.png	77633	851	880	150	
ortho_top_3.png	77783	930	903	250	
ortho_top_3.png	78050	1009	760	233	
ortho_top_3.png	78350	960	717	117	
ortho_top_3.png	78483	995	626	133	
ortho_top_3.png	78616	1007	572	183	
ortho_top_3.png	78816	1197	590	183	
ortho_top_3.png	78999	1157	596	166	
ortho_top_3.png	79182	1327	535	217	
ortho_top_3.png	79399	1356	517	133	
ortho_top_3.png	79632	945	510	183	
ortho_top_3.png	79815	838	486	266	
ortho_top_3.png	80098	1074	455	183	
ortho_top_3.png	80365	1327	487	117	
ortho_top_3.png	80498	1011	420	33	
ortho_top_3.png	80598	1018	411	733	
ortho_top_3.png	81381	1030	408	183	
ortho_top_3.png	81614	1029	406	300	
ortho_top_3.png	82014	177	324	167	
ortho_top_3.png	82180	79	250	183	
ortho_right_4.png	82430	211	274	217	
ortho_right_4.png	82680	484	446	250	
ortho_right_4.png	82930	472	355	183	
ortho_right_4.png	83146	444	50	200	
ortho_right_4.png	83396	448	47	50	
ortho_right_4.png	83463	286	166	117	
ortho_right_4.png	83629	287	165	100	
ortho_right_4.png	83746	99	218	250	
ortho_right_4.png	84013	63	400	266	
ortho_right_4.png	84296	198	412	67	
ortho_right_4.png	84412	204	415	50	
ortho_right_4.png	84496	203	585	100	
ortho_right_4.png	84646	202	591	266	
ortho_right_4.png	84912	145	695	216	
ortho_right_4.png	85129	45	765	233	
ortho_right_4.png	85428	78	822	316	
ortho_right_4.png	85745	123	863	117	
ortho_right_4.png	85878	363	911	167	
ortho_right_4.png	86045	351	898	166	
ortho_right_4.png	86228	124	846	33	
ortho_right_4.png	86261	110	843	50	
ortho_right_4.png	86311	93	838	67	
ortho_right_4.png	86428	94	837	33	
ortho_right_4.png	86461	40	797	150	
ortho_right_4.png	86661	40	793	50	
ortho_right_4.png	86711	72	788	183	
ortho_right_4.png	86911	132	793	250	
ortho_right_4.png	87160	147	818	233	
ortho_right_4.png	87444	165	809	183	
ortho_right_4.png	87677	199	843	416	
ortho_right_4.png	88094	183	806	233	
ortho_right_4.png	88327	227	797	67	
ortho_right_4.png	88443	225	794	183	
ortho_right_4.png	88677	248	816	200	
ortho_right_4.png	88876	230	834	200	
ortho_right_4.png	89076	193	854	316	
ortho_right_4.png	89459	222	792	183	
ortho_right_4.png	89692	217	786	266	
ortho_right_4.png	89976	263	784	450	
ortho_right_4.png	90475	260	782	183	
ortho_right_4.png	90708	259	784	533	
ortho_right_4.png	91258	285	511	183	
ortho_right_4.png	91508	255	395	133	
ortho_right_4.png	91708	223	200	133	
ortho_right_4.png	91841	57	268	133	
ortho_right_4.png	92008	44	450	67	
ortho_right_4.png	92207	59	670	33	
ortho_top_2.png	92607	812	825	67	
ortho_top_2.png	92724	814	816	150	
ortho_top_2.png	92874	747	761	216	
ortho_top_2.png	93390	805	288	50	
ortho_top_2.png	93557	1450	180	66	
ortho_top_2.png	93656	1426	228	33	
ortho_top_2.png	93739	1536	200	233	
ortho_top_2.png	93989	1411	511	33	
ortho_top_2.png	94023	1397	538	233	
ortho_top_2.png	94272	1341	674	200	
ortho_top_2.png	94489	1367	758	233	
ortho_top_2.png	94722	1379	750	350	
ortho_top_2.png	95089	1321	614	250	
ortho_top_2.png	95388	823	668	100	
ortho_top_2.png	95521	822	671	50	
ortho_top_2.png	95571	731	742	133	
ortho_top_2.png	95755	722	740	83	
ortho_top_2.png	95888	158	804	183	
ortho_top_2.png	96088	170	813	67	
ortho_top_2.png	96171	108	738	316	
ortho_top_2.png	96554	131	596	167	
ortho_top_2.png	96771	127	590	83	
ortho_top_2.png	96871	292	583	216	
ortho_top_2.png	97087	272	508	233	
ortho_top_2.png	97354	271	609	50	
ortho_top_2.png	97420	440	520	83	
ortho_top_2.png	97554	441	517	100	
ortho_top_2.png	97687	376	424	183	
ortho_top_2.png	97870	543	409	250	
ortho_top_2.png	98120	490	411	266	
ortho_top_2.png	98403	725	341	100	
ortho_top_2.png	98553	723	333	33	
ortho_top_2.png	98586	741	325	150	
ortho_top_2.png	98786	741	323	83	
ortho_top_2.png	98886	922	348	166	
ortho_top_2.png	99052	951	412	167	
ortho_top_2.png	99236	805	575	183	
ortho_top_2.png	99452	675	490	67	
ortho_top_2.png	99569	674	482	150	
ortho_top_2.png	99802	647	667	150	
ortho_top_2.png	99969	562	440	183	
ortho_top_2.png	100152	493	435	134	
ortho_top_2.png	100285	499	497	250	
ortho_top_2.png	100585	543	669	117	
ortho_top_2.png	100802	727	719	183	
ortho_top_2.png	101052	702	470	50	
ortho_top_2.png	101251	973	404	200	
ortho_top_2.png	101451	958	365	100	
ortho_top_2.png	101634	1082	473	133	
ortho_top_2.png	101818	1319	587	33	
ortho_top_2.png	101851	1333	588	133	
ortho_top_2.png	102001	1349	722	150	
ortho_top_2.png	102201	1163	487	183	
ortho_top_2.png	102401	1089	483	150	
ortho_top_2.png	102551	1048	438	233	
ortho_top_2.png	102800	1042	439	100	
ortho_top_2.png	102917	938	410	167	
ortho_top_2.png	103117	553	388	50	
ortho_top_2.png	103317	283	413	50	
ortho_top_2.png	103367	282	399	83	
ortho_top_2.png	103483	240	599	83	
ortho_top_2.png	103616	242	602	50	
ortho_top_2.png	103716	251	722	67	
ortho_top_2.png	103866	273	864	50	
ortho_top_2.png	104166	298	336	83	
ortho_top_2.png	104249	302	331	83	
ortho_top_2.png	104383	905	327	100	
ortho_top_2.png	104849	1396	364	100	
ortho_top_2.png	104966	1396	360	100	
ortho_top_2.png	105065	1434	354	117	
ortho_top_2.png	105199	1410	486	116	
ortho_top_2.png	105415	746	294	116	
ortho_top_2.png	105565	731	314	33	
ortho_top_2.png	105648	730	314	166	
ortho_top_2.png	105865	731	315	749	
ortho_right_5.png	106647	165	302	283	
ortho_right_5.png	106964	352	380	150	
ortho_right_5.png	107130	204	314	117	
ortho_right_5.png	107247	191	307	150	
ortho_right_5.png	107397	245	323	216	
ortho_right_5.png	107663	252	321	50	
ortho_right_5.png	107730	279	123	100	
ortho_right_5.png	107880	276	113	33	
ortho_right_5.png	107930	240	320	33	
ortho_right_5.png	107963	237	331	216	
ortho_right_5.png	108180	83	253	166	
ortho_right_5.png	108363	86	74	233	
ortho_right_5.png	108596	238	64	33	
ortho_right_5.png	108679	247	61	117	
ortho_right_5.png	108813	192	140	300	
ortho_right_5.png	109129	274	173	83	
ortho_right_5.png	109379	278	158	117	
ortho_right_5.png	109496	289	58	150	
ortho_right_5.png	109695	287	53	100	
ortho_right_5.png	109795	129	145	67	
ortho_right_5.png	109912	125	155	133	
ortho_right_5.png	110045	89	101	250	
ortho_right_5.png	110295	138	109	233	
ortho_right_5.png	110528	227	146	200	
ortho_right_5.png	110728	266	160	150	
ortho_right_5.png	110928	303	26	233	
ortho_right_5.png	111178	294	173	216	
ortho_right_5.png	111394	310	222	167	
ortho_right_5.png	111594	305	404	67	
ortho_right_5.png	111711	304	408	117	
ortho_right_5.png	111844	172	419	133	
ortho_right_5.png	111977	111	326	200	
ortho_right_5.png	112177	71	295	166	
ortho_right_5.png	112377	246	314	233	
ortho_right_5.png	112610	292	302	67	
ortho_right_5.png	112727	296	300	50	
ortho_right_5.png	112777	306	198	117	
ortho_right_5.png	112943	305	193	67	
ortho_right_5.png	113043	309	346	266	
ortho_right_5.png	113326	306	419	533	
ortho_right_5.png	113859	267	427	50	
ortho_right_5.png	113959	258	422	250	
ortho_right_5.png	114209	299	422	266	
ortho_right_5.png	114492	315	268	200	
ortho_right_5.png	114742	313	266	150	
ortho_right_5.png	114959	289	152	100	
ortho_right_5.png	115059	304	183	383	
ortho_right_5.png	115442	256	187	266	
ortho_right_5.png	115758	254	185	150	
ortho_right_5.png	115975	161	160	366	
ortho_right_5.png	116358	306	196	366	
ortho_right_5.png	116757	307	197	133	
ortho_right_5.png	116891	254	183	50	
ortho_right_5.png	116991	249	183	83	
ortho_right_5.png	117091	258	190	150	
ortho_right_5.png	117240	308	263	483	
ortho_right_5.png	117773	314	274	117	
ortho_right_5.png	117890	287	413	50	
ortho_right_5.png	117990	286	412	200	
ortho_right_5.png	118190	266	418	217	
ortho_right_5.png	118490	73	301	250	
ortho_right_5.png	118789	62	296	67	
ortho_right_5.png	118856	161	286	100	
ortho_right_5.png	119006	166	286	83	
ortho_right_5.png	119089	213	276	200	
ortho_right_5.png	119306	238	209	183	
ortho_right_5.png	119489	208	162	167	
ortho_right_5.png	119656	165	172	100	
ortho_right_5.png	119839	114	321	133	
ortho_right_5.png	120022	112	324	50	
ortho_right_5.png	120105	76	479	167	
ortho_right_5.png	120288	30	663	200	
ortho_right_5.png	120538	321	828	233	
ortho_right_5.png	120821	425	865	100	
ortho_right_5.png	121021	483	433	83	
ortho_right_5.png	121121	339	52	250	
ortho_right_5.png	121404	76	341	183	
ortho_right_5.png	121588	58	314	183	
ortho_right_5.png	121821	79	303	133	
ortho_right_5.png	121954	129	295	33	
ortho_right_5.png	122037	138	302	583	
ortho_right_5.png	122620	97	298	167	
ortho_right_5.png	122837	186	287	217	
ortho_right_5.png	123053	205	257	416	
ortho_right_5.png	123470	80	235	316	
ortho_right_5.png	123786	205	220	216	
ortho_right_5.png	124053	190	173	566	
ortho_right_5.png	124619	254	177	183	
ortho_right_5.png	124852	257	180	100	
ortho_right_5.png	124952	228	134	67	
ortho_right_5.png	125069	225	139	83	
ortho_right_5.png	125169	145	108	333	
ortho_right_5.png	125502	214	134	233	
ortho_right_5.png	125752	246	179	67	
ortho_right_5.png	125868	250	184	183	
ortho_right_5.png	126085	256	186	766	
ortho_right_5.png	126884	259	188	150	
ortho_right_5.png	127084	260	190	466	
ortho_top_1.png	127567	811	94	166	
ortho_top_1.png	127767	1479	119	67	
ortho_top_1.png	127884	1397	211	117	
ortho_top_1.png	128000	1418	253	50	
ortho_top_1.png	128133	1289	411	366	
ortho_top_1.png	128517	1282	304	183	
ortho_top_1.png	128700	1279	262	150	
ortho_top_1.png	128900	1310	262	166	
ortho_top_1.png	129116	1382	204	117	
ortho_top_1.png	129266	849	153	266	
ortho_top_1.png	129549	743	134	133	
ortho_top_1.png	129699	295	434	33	
ortho_top_1.png	129732	278	459	167	
ortho_top_1.png	129916	144	495	167	
ortho_top_1.png	130115	146	495	50	
ortho_top_1.png	130165	208	384	150	
ortho_top_1.png	130349	726	276	233	
ortho_top_1.png	130598	746	173	183	
ortho_top_1.png	130798	615	245	67	
ortho_top_1.png	130915	615	245	67	
ortho_top_1.png	130998	804	160	83	
ortho_top_1.png	131165	1182	231	33	
ortho_top_1.png	131198	1193	236	50	
ortho_top_1.png	131248	1189	263	100	
ortho_top_1.png	131348	1254	335	233	
ortho_top_1.png	131581	1288	261	266	
ortho_top_1.png	131848	1323	246	33	
ortho_top_1.png	131931	1319	241	100	
ortho_top_1.png	132048	1388	233	50	
ortho_top_1.png	132148	1397	226	33	
ortho_top_1.png	132231	873	147	117	
ortho_top_1.png	132364	773	133	533	
ortho_top_1.png	132947	778	136	516	
ortho_top_1.png	133530	1692	1	150	
ortho_top_1.png	133680	1575	149	150	
ortho_right_6.png	133946	240	130	167	
ortho_right_6.png	134163	190	63	383	
ortho_right_6.png	134546	175	49	333	
ortho_right_6.png	134963	76	67	150	
ortho_right_6.png	135179	204	52	150	
ortho_right_6.png	135329	176	31	166	
ortho_right_6.png	135496	250	28	250	
ortho_right_6.png	135762	262	294	167	
ortho_right_6.png	136045	227	553	200	
ortho_right_6.png	136261	108	461	183	
ortho_right_6.png	136478	71	156	250	
ortho_right_6.png	136761	219	381	166	
ortho_right_6.png	136978	204	451	167	
ortho_right_6.png	137194	200	449	33	
ortho_right_6.png	137227	149	453	166	
ortho_right_6.png	137394	121	452	167	
ortho_right_6.png	137577	207	446	366	
ortho_right_6.png	137994	200	443	117	
ortho_right_6.png	138110	66	494	50	
ortho_right_6.png	138210	58	496	200	
ortho_right_6.png	138427	199	487	383	
ortho_right_6.png	138810	234	520	150	
ortho_right_6.png	139010	223	466	133	
ortho_right_6.png	139143	199	459	33	
ortho_right_6.png	139210	199	458	166	
ortho_right_6.png	139376	161	457	150	
ortho_right_6.png	139543	253	456	250	
ortho_right_6.png	139793	256	344	183	
ortho_right_6.png	140026	261	280	150	
ortho_right_6.png	140226	262	284	50	
ortho_right_6.png	140292	236	415	250	
ortho_right_6.png	140542	158	446	233	
ortho_right_6.png	140775	188	456	167	
ortho_right_6.png	140942	324	447	33	
ortho_right_6.png	141025	332	453	167	
ortho_right_6.png	141241	327	455	100	
ortho_right_6.png	141358	310	646	200	
ortho_right_6.png	141575	285	780	183	
ortho_right_6.png	141774	428	535	150	
ortho_right_6.png	141924	398	485	67	
ortho_right_6.png	142091	437	836	117	
ortho_right_6.png	142274	415	876	316	
ortho_right_6.png	142591	457	867	416	
ortho_right_6.png	143057	457	876	33	
ortho_right_6.png	143107	428	881	100	
ortho_right_6.png	143257	432	875	300	
ortho_right_6.png	143557	467	871	350	
ortho_right_6.png	143923	512	675	83	
ortho_right_6.png	144073	518	470	150	
ortho_right_6.png	144273	507	479	750	
ortho_bottom_6.png	145072	1066	495	167	
ortho_bottom_6.png	145422	1020	379	150	
ortho_bottom_6.png	145572	1047	415	166	
ortho_bottom_6.png	145772	725	99	166	
ortho_bottom_6.png	145955	718	25	200	
ortho_bottom_6.png	146188	338	341	233	
ortho_bottom_6.png	146438	161	383	200	
ortho_bottom_6.png	146705	122	675	33	
ortho_bottom_6.png	146771	86	691	183	
ortho_bottom_6.png	146988	183	388	50	
ortho_bottom_6.png	147088	182	385	167	
ortho_bottom_6.png	147304	179	461	200	
ortho_bottom_6.png	147554	301	640	167	
ortho_bottom_6.png	147754	187	453	150	
ortho_bottom_6.png	147904	185	418	150	
ortho_bottom_6.png	148120	205	649	150	
ortho_bottom_6.png	148387	1228	762	100	
ortho_bottom_6.png	148537	867	872	33	
ortho_bottom_6.png	148570	830	881	100	
ortho_bottom_6.png	148737	130	813	50	
ortho_bottom_6.png	148787	73	836	200	
ortho_bottom_6.png	149003	174	529	33	
ortho_bottom_6.png	149036	183	512	50	
ortho_bottom_6.png	149120	179	509	83	
ortho_bottom_6.png	149203	169	477	150	
ortho_bottom_6.png	149353	188	410	233	
ortho_bottom_6.png	149586	187	538	183	
ortho_bottom_6.png	149786	289	546	183	
ortho_bottom_6.png	149969	213	440	117	
ortho_bottom_6.png	150119	205	441	171	
ortho_bottom_6.png	150340	193	441	67	
ortho_bottom_6.png	150406	179	491	250	
ortho_bottom_6.png	150673	204	569	117	
ortho_bottom_6.png	150806	301	582	200	
ortho_bottom_6.png	151023	401	499	266	
ortho_bottom_6.png	151356	455	456	67	
ortho_bottom_6.png	151422	455	423	233	
ortho_bottom_6.png	151672	434	499	183	
ortho_bottom_6.png	151855	454	518	150	
ortho_bottom_6.png	152005	355	603	100	
ortho_bottom_6.png	152155	349	606	67	
ortho_bottom_6.png	152222	461	631	283	
ortho_bottom_6.png	152522	382	693	150	
ortho_bottom_6.png	152672	571	681	183	
ortho_bottom_6.png	152872	556	532	167	
ortho_bottom_6.png	153038	559	500	83	
ortho_bottom_6.png	153171	559	499	33	
ortho_bottom_6.png	153221	545	614	100	
ortho_bottom_6.png	153371	557	600	200	
ortho_bottom_6.png	153604	879	687	150	
ortho_bottom_6.png	153771	1077	681	416	
ortho_bottom_6.png	154221	1607	557	116	
ortho_bottom_6.png	154387	1600	561	33	
ortho_bottom_6.png	154471	878	733	666	
ortho_bottom_6.png	155187	872	749	783	
ortho_bottom_6.png	156003	1178	440	150	
ortho_bottom_6.png	156203	1037	409	150	
ortho_bottom_6.png	156402	1052	422	83	
ortho_bottom_6.png	156502	1274	544	216	
ortho_bottom_6.png	156736	1061	620	200	
ortho_bottom_6.png	156952	855	711	150	
ortho_bottom_6.png	157119	605	606	250	
ortho_bottom_6.png	157419	872	751	666	
ortho_left_1.png	158101	119	466	67	
ortho_left_1.png	158218	106	456	100	
ortho_left_1.png	158351	138	144	233	
ortho_left_1.png	158601	210	204	167	
ortho_left_1.png	158784	83	50	200	
ortho_left_1.png	159034	381	691	150	
ortho_left_1.png	159267	433	637	117	
ortho_left_1.png	159434	429	637	33	
ortho_left_1.png	159484	303	687	383	
ortho_left_1.png	159884	406	619	216	
ortho_left_1.png	160150	305	886	167	
ortho_left_1.png	160317	275	868	83	
ortho_left_1.png	160450	268	861	483	
ortho_left_1.png	160950	412	633	250	
ortho_left_1.png	161249	426	609	133	
ortho_left_1.png	161583	349	584	133	
ortho_left_1.png	161732	209	570	133	
ortho_left_1.png	161916	218	851	266	
ortho_left_1.png	162182	259	846	33	
ortho_left_1.png	162265	262	850	166	
ortho_left_1.png	162482	255	853	333	
ortho_left_1.png	162815	222	863	67	
ortho_left_1.png	162882	207	854	333	
ortho_left_1.png	163281	-64	991	133	
ortho_left_1.png	163481	222	861	466	
ortho_left_1.png	163998	-152	1102	233	
ortho_left_1.png	164281	-172	1136	167	
ortho_left_1.png	164497	-173	1136	300	
ortho_left_1.png	164997	346	752	67	
ortho_left_1.png	165064	318	745	50	
ortho_left_1.png	165130	285	750	117	
ortho_left_1.png	165297	269	809	166	
ortho_left_1.png	165513	261	839	583	
ortho_left_1.png	166096	196	838	150	
ortho_left_1.png	166330	221	704	133	
ortho_left_1.png	166513	219	700	33	
ortho_left_1.png	166579	198	850	150	
ortho_left_1.png	166763	159	571	283	
ortho_left_1.png	167062	214	477	200	
ortho_left_1.png	167312	227	327	150	
ortho_left_1.png	167529	199	219	117	
ortho_left_1.png	167645	212	204	167	
ortho_left_1.png	167812	183	186	200	
ortho_left_1.png	168012	159	189	416	
ortho_left_1.png	168428	125	133	67	
ortho_left_1.png	168545	113	131	300	
ortho_left_1.png	168845	68	138	166	
ortho_left_1.png	169028	67	323	166	
ortho_left_1.png	169211	101	102	67	
ortho_left_1.png	169328	103	96	67	
ortho_left_1.png	169411	163	152	83	
ortho_left_1.png	169561	199	170	250	
ortho_left_1.png	169827	103	123	167	
ortho_left_1.png	169994	72	45	283	
ortho_left_1.png	170344	152	88	100	
ortho_left_1.png	170444	96	160	67	
ortho_left_1.png	170560	93	164	67	
ortho_left_1.png	170644	87	379	216	
ortho_left_1.png	170877	139	273	83	
ortho_left_1.png	170960	140	238	117	
ortho_left_1.png	171093	127	508	216	
ortho_left_1.png	171360	124	517	33	
ortho_left_1.png	171410	179	534	117	
ortho_left_1.png	171576	176	534	50	
ortho_left_1.png	171643	272	714	33	
ortho_left_1.png	171676	275	720	150	
ortho_left_1.png	171843	236	812	166	
ortho_left_1.png	172009	254	829	117	
ortho_left_1.png	172143	156	570	33	
ortho_left_1.png	172176	146	541	150	
ortho_left_1.png	172376	89	525	150	
ortho_left_1.png	172576	102	267	183	
ortho_left_1.png	172759	162	193	433	
ortho_left_1.png	173192	114	168	150	
ortho_left_1.png	173425	49	465	116	
ortho_left_1.png	173592	55	489	750	
ortho_bottom_5.png	174391	605	510	167	
ortho_bottom_5.png	174658	725	194	167	
ortho_bottom_5.png	174841	821	77	150	
ortho_bottom_5.png	175007	881	36	133	
ortho_bottom_5.png	175174	719	755	150	
ortho_bottom_5.png	175407	823	907	50	
ortho_bottom_5.png	175490	1578	878	67	
ortho_bottom_5.png	175557	1580	917	150	
ortho_bottom_5.png	175724	1588	800	116	
ortho_bottom_5.png	175857	1577	751	67	
ortho_bottom_5.png	175923	1578	759	33	
ortho_bottom_5.png	176057	104	737	216	
ortho_bottom_5.png	176290	38	751	83	
ortho_bottom_5.png	176423	34	755	50	
ortho_bottom_5.png	176673	843	71	150	
ortho_bottom_5.png	176823	980	28	33	
ortho_bottom_5.png	176856	1020	83	150	
ortho_bottom_5.png	177006	1069	49	183	
ortho_bottom_5.png	177206	1011	162	133	
ortho_bottom_5.png	177423	426	310	150	
ortho_bottom_5.png	177639	254	264	83	
ortho_bottom_5.png	177739	140	542	183	
ortho_bottom_5.png	177956	534	139	183	
ortho_bottom_5.png	178155	818	52	183	
ortho_bottom_5.png	178355	1036	173	33	
ortho_bottom_5.png	178439	1025	173	100	
ortho_bottom_5.png	178572	1461	389	183	
ortho_bottom_5.png	178772	1378	179	33	
ortho_bottom_5.png	178805	1379	161	116	
ortho_bottom_5.png	178955	998	63	33	
ortho_bottom_5.png	178988	975	56	183	
ortho_bottom_5.png	179188	1063	57	167	
ortho_bottom_5.png	179355	1009	141	50	
ortho_bottom_5.png	179455	1013	145	150	
ortho_bottom_5.png	179654	1013	146	67	
ortho_bottom_5.png	179738	1011	288	250	
ortho_bottom_5.png	180004	962	123	166	
ortho_bottom_5.png	180171	872	56	216	
ortho_bottom_5.png	180404	844	184	216	
ortho_bottom_5.png	180670	838	231	150	
ortho_bottom_5.png	180820	826	327	200	
ortho_bottom_5.png	181020	826	397	233	
ortho_bottom_5.png	181287	562	386	133	
ortho_bottom_5.png	181503	806	404	200	
ortho_bottom_5.png	181703	815	328	250	
ortho_bottom_5.png	181970	840	204	167	
ortho_bottom_5.png	182153	815	99	266	
ortho_bottom_5.png	182486	815	211	117	
ortho_bottom_5.png	182603	800	234	50	
ortho_bottom_5.png	182686	802	235	100	
ortho_bottom_5.png	182802	812	313	716	
ortho_bottom_5.png	183535	946	264	117	
ortho_bottom_5.png	183702	951	264	117	
ortho_bottom_5.png	183835	1008	193	133	
ortho_bottom_5.png	183968	999	149	183	
ortho_bottom_5.png	184168	992	278	150	
ortho_bottom_5.png	184318	999	321	133	
ortho_bottom_5.png	184518	851	380	150	
ortho_bottom_5.png	184718	821	409	750	
ortho_bottom_5.png	185517	815	411	200	
ortho_bottom_5.png	185734	807	578	200	
ortho_bottom_5.png	185934	841	723	33	
ortho_bottom_5.png	185967	842	733	83	
ortho_bottom_5.png	186084	1511	663	33	
ortho_bottom_5.png	186117	1535	661	183	
ortho_bottom_5.png	186300	1499	563	150	
ortho_bottom_5.png	186483	924	434	117	
ortho_bottom_5.png	186617	847	416	67	
ortho_bottom_5.png	186733	830	411	466	
ortho_left_2.png	187216	45	439	216	
ortho_left_2.png	187533	134	112	166	
ortho_left_2.png	187749	413	191	316	
ortho_left_2.png	188082	215	118	266	
ortho_left_2.png	188349	120	79	150	
ortho_left_2.png	188549	121	75	67	
ortho_left_2.png	188632	328	198	67	
ortho_left_2.png	188765	401	179	233	
ortho_left_2.png	189015	491	265	217	
ortho_left_2.png	189248	460	386	250	
ortho_left_2.png	189548	408	610	150	
ortho_left_2.png	189765	397	796	100	
ortho_left_2.png	189881	400	860	166	
ortho_left_2.png	190048	489	871	167	
ortho_left_2.png	190214	498	862	233	
ortho_left_2.png	190448	447	851	67	
ortho_left_2.png	190564	445	851	117	
ortho_left_2.png	190697	334	861	33	
ortho_left_2.png	190781	330	862	133	
ortho_left_2.png	190931	287	775	200	
ortho_left_2.png	191130	267	722	183	
ortho_left_2.png	191314	271	680	217	
ortho_left_2.png	191580	268	678	150	
ortho_left_2.png	191780	252	684	117	
ortho_left_2.png	191897	220	667	383	
ortho_left_2.png	192296	199	520	183	
ortho_left_2.png	192496	194	438	33	
ortho_left_2.png	192580	187	439	133	
ortho_left_2.png	192713	170	405	33	
ortho_left_2.png	192796	166	403	100	
ortho_left_2.png	192913	154	508	466	
ortho_left_2.png	193396	186	426	150	
ortho_left_2.png	193596	192	422	100	
ortho_left_2.png	193696	313	351	83	
ortho_left_2.png	193812	324	352	217	
ortho_left_2.png	194029	274	392	233	
ortho_left_2.png	194262	204	372	117	
ortho_left_2.png	194395	223	119	167	
ortho_left_2.png	194612	220	120	50	
ortho_left_2.png	194678	291	136	83	
ortho_left_2.png	194811	295	134	50	
ortho_left_2.png	194878	394	166	333	
ortho_left_2.png	195211	316	192	233	
ortho_left_2.png	195444	274	237	133	
ortho_left_2.png	195611	272	236	67	
ortho_left_2.png	195678	244	328	100	
ortho_left_2.png	195827	242	330	150	
ortho_left_2.png	195977	183	403	433	
ortho_left_2.png	196410	208	399	166	
ortho_left_2.png	196627	210	402	83	
ortho_left_2.png	196727	339	284	67	
ortho_left_2.png	196843	349	289	50	
ortho_left_2.png	196910	492	253	316	
ortho_left_2.png	197227	418	270	333	
ortho_left_2.png	197560	350	237	33	
ortho_left_2.png	197643	343	232	83	
ortho_left_2.png	197726	315	198	67	
ortho_left_2.png	197843	314	202	183	
ortho_left_2.png	198026	283	245	183	
ortho_left_2.png	198209	347	363	166	
ortho_left_2.png	198392	458	397	316	
ortho_left_2.png	198709	374	371	100	
ortho_left_2.png	198859	369	370	167	
ortho_left_2.png	199025	288	382	483	
ortho_left_2.png	199508	274	355	100	
ortho_left_2.png	199658	271	354	50	
ortho_left_2.png	199725	367	255	100	
ortho_left_2.png	199875	366	249	366	
ortho_left_2.png	200241	312	224	383	
ortho_left_2.png	200674	309	224	83	
ortho_left_2.png	200758	271	239	67	
ortho_left_2.png	200874	271	243	50	
ortho_left_2.png	200941	264	399	250	
ortho_left_2.png	201191	238	367	250	
ortho_left_2.png	201457	206	435	383	
ortho_left_2.png	201890	208	432	167	
ortho_left_2.png	202057	265	397	216	
ortho_left_2.png	202273	248	397	316	
ortho_left_2.png	202590	199	393	33	
ortho_left_2.png	202740	203	443	33	
ortho_left_2.png	202773	200	441	83	
ortho_left_2.png	202906	216	555	133	
ortho_left_2.png	203056	366	555	266	
ortho_left_2.png	203323	217	579	333	
ortho_left_2.png	203706	200	638	166	
ortho_left_2.png	203889	197	434	233	
ortho_left_2.png	204122	197	417	266	
ortho_left_2.png	204405	176	628	167	
ortho_left_2.png	204605	213	767	167	
ortho_left_2.png	204789	380	764	83	
ortho_left_2.png	204922	388	762	67	
ortho_left_2.png	205005	420	863	117	
ortho_left_2.png	205138	483	721	133	
ortho_left_2.png	205288	216	721	33	
ortho_left_2.png	205322	199	723	150	
ortho_left_2.png	205488	177	546	83	
ortho_left_2.png	205571	166	450	100	
ortho_left_2.png	205721	166	448	67	
ortho_left_2.png	205788	127	348	100	
ortho_left_2.png	205954	168	424	316	
ortho_left_2.png	206304	157	531	383	
ortho_left_2.png	206737	158	534	150	
ortho_left_2.png	206937	162	535	966	
ortho_left_2.png	207970	151	131	283	
ortho_left_2.png	208253	103	87	316	
ortho_left_2.png	208603	44	504	100	
ortho_left_2.png	208753	40	507	33	
ortho_left_2.png	208803	172	538	117	
ortho_bottom_4.png	208969	728	551	283	
ortho_bottom_4.png	209286	378	431	166	
ortho_bottom_4.png	209485	657	110	183	
ortho_bottom_4.png	209669	726	128	50	
ortho_bottom_4.png	209769	729	127	150	
ortho_bottom_4.png	209952	712	539	200	
ortho_bottom_4.png	210218	111	759	166	
ortho_bottom_4.png	210385	125	773	83	
ortho_bottom_4.png	210568	1565	709	200	
ortho_bottom_4.png	210918	520	86	33	
ortho_bottom_4.png	210985	532	120	67	
ortho_bottom_4.png	211051	463	27	100	
ortho_bottom_4.png	211151	487	52	83	
ortho_bottom_4.png	211251	474	210	183	
ortho_bottom_4.png	211451	537	291	166	
ortho_bottom_4.png	211634	724	180	100	
ortho_bottom_4.png	211801	731	149	150	
ortho_bottom_4.png	212001	729	149	83	
ortho_bottom_4.png	212084	771	213	316	
ortho_bottom_4.png	212434	857	325	166	
ortho_bottom_4.png	212617	567	356	133	
ortho_bottom_4.png	212800	568	360	33	
ortho_bottom_4.png	212833	677	403	133	
ortho_bottom_4.png	213017	676	398	67	
ortho_bottom_4.png	213117	1036	420	316	
ortho_bottom_4.png	213450	1408	391	33	
ortho_bottom_4.png	213483	1433	392	150	
ortho_bottom_4.png	213700	644	351	50	
ortho_bottom_4.png	213799	645	354	50	
ortho_bottom_4.png	213883	542	110	100	
ortho_bottom_4.png	214033	549	113	117	
ortho_bottom_4.png	214166	522	233	166	
ortho_bottom_4.png	214349	318	475	250	
ortho_bottom_4.png	214632	522	230	133	
ortho_bottom_4.png	214815	520	234	50	
ortho_bottom_4.png	214882	486	134	117	
ortho_bottom_4.png	215032	486	133	83	
ortho_bottom_4.png	215132	532	210	233	
ortho_bottom_4.png	215365	535	299	250	
ortho_bottom_4.png	215632	716	335	167	
ortho_bottom_4.png	215831	735	205	167	
ortho_bottom_4.png	216048	757	178	233	
ortho_bottom_4.png	216281	836	277	233	
ortho_bottom_4.png	216548	661	400	150	
ortho_bottom_4.png	216714	860	342	33	
ortho_bottom_4.png	216831	1265	204	83	
ortho_bottom_4.png	216914	1256	189	33	
ortho_bottom_4.png	216981	1252	177	33	
ortho_bottom_4.png	217081	1325	367	50	
ortho_bottom_4.png	217131	1341	416	117	
ortho_bottom_4.png	217297	1572	599	33	
ortho_bottom_4.png	217331	1558	560	33	
ortho_bottom_4.png	217381	1558	563	50	
ortho_bottom_4.png	217480	1605	828	83	
ortho_bottom_4.png	217564	1607	792	33	
ortho_bottom_4.png	217647	655	775	150	
ortho_bottom_4.png	217847	90	746	216	
ortho_bottom_4.png	218097	479	449	33	
ortho_bottom_4.png	218130	510	442	117	
ortho_bottom_4.png	218280	740	372	200	
ortho_bottom_4.png	218496	760	246	217	
ortho_bottom_4.png	218713	728	173	100	
ortho_bottom_4.png	218896	740	367	133	
ortho_bottom_4.png	219079	679	409	966	
ortho_left_3.png	220095	114	394	400	
ortho_left_3.png	220528	166	145	233	
ortho_left_3.png	220762	87	64	67	
ortho_left_3.png	220878	83	69	83	
ortho_left_3.png	220978	266	149	166	
ortho_left_3.png	221161	344	150	366	
ortho_left_3.png	221544	222	164	233	
ortho_left_3.png	221778	200	146	83	
ortho_left_3.png	221894	199	146	100	
ortho_left_3.png	222111	309	655	133	
ortho_left_3.png	222261	451	639	200	
ortho_left_3.png	222494	306	168	183	
ortho_left_3.png	222677	349	156	183	
ortho_left_3.png	222944	237	144	133	
ortho_left_3.png	223127	233	145	133	
ortho_left_3.png	223277	165	128	233	
ortho_left_3.png	223643	116	143	233	
ortho_left_3.png	223926	117	142	33	
ortho_left_3.png	223976	52	309	133	
ortho_left_3.png	224143	41	469	133	
ortho_left_3.png	224309	323	174	250	
ortho_left_3.png	224559	294	159	183	
ortho_left_3.png	224742	243	150	266	
ortho_left_3.png	225026	144	146	83	
ortho_left_3.png	225142	145	144	67	
ortho_left_3.png	225209	123	175	167	
ortho_left_3.png	225375	107	145	300	
ortho_left_3.png	225675	147	132	166	
ortho_left_3.png	225858	250	144	33	
ortho_left_3.png	225942	256	142	167	
ortho_left_3.png	226158	201	167	316	
ortho_left_3.png	226475	90	171	217	
ortho_left_3.png	226708	69	366	167	
ortho_left_3.png	226958	51	461	67	
ortho_left_3.png	227058	79	176	67	
ortho_left_3.png	227174	76	181	233	
ortho_left_3.png	227424	59	478	33	
ortho_left_3.png	227457	61	508	466	
ortho_left_3.png	227957	11	489	100	
ortho_left_3.png	228074	49	142	33	
ortho_left_3.png	228107	51	121	150	
ortho_left_3.png	228257	51	31	366	
ortho_left_3.png	228673	48	432	133	
ortho_left_3.png	228823	46	477	100	
ortho_left_3.png	228973	57	494	166	
ortho_left_3.png	229190	57	497	100	
ortho_left_3.png	229306	87	534	267	
ortho_left_3.png	229573	137	543	283	
ortho_left_3.png	229889	362	534	50	
ortho_left_3.png	229989	369	534	133	
ortho_left_3.png	230206	454	584	100	
ortho_left_3.png	230322	282	628	250	
ortho_left_3.png	230589	195	607	150	
ortho_left_3.png	230755	53	491	200	
ortho_left_3.png	230989	51	503	183	
ortho_left_3.png	231205	51	498	750	
ortho_bottom_3.png	232005	616	516	167	
ortho_bottom_3.png	232221	617	520	133	
ortho_bottom_3.png	232371	692	292	183	
ortho_bottom_3.png	232554	695	242	183	
ortho_bottom_3.png	232787	277	630	50	
ortho_bottom_3.png	232837	281	644	100	
ortho_bottom_3.png	233021	75	741	117	
ortho_bottom_3.png	233254	1338	695	117	
ortho_bottom_3.png	233387	1554	603	200	
ortho_bottom_3.png	233620	1039	157	166	
ortho_bottom_3.png	233803	1054	74	150	
ortho_bottom_3.png	233953	1003	44	183	
ortho_bottom_3.png	234153	745	260	50	
ortho_bottom_3.png	234236	742	259	117	
ortho_bottom_3.png	234353	739	312	216	
ortho_bottom_3.png	234586	716	456	233	
ortho_bottom_3.png	234819	741	478	167	
ortho_bottom_3.png	235036	755	329	167	
ortho_bottom_3.png	235252	759	320	133	
ortho_bottom_3.png	235536	734	457	33	
ortho_bottom_3.png	235569	740	468	133	
ortho_bottom_3.png	235702	759	493	167	
ortho_bottom_3.png	235885	962	505	116	
ortho_bottom_3.png	236069	1012	559	183	
ortho_bottom_3.png	236285	1067	284	183	
ortho_bottom_3.png	236502	1031	129	250	
ortho_bottom_3.png	236768	951	147	167	
ortho_bottom_3.png	236935	988	316	33	
ortho_bottom_3.png	236968	989	334	50	
ortho_bottom_3.png	237068	991	331	33	
ortho_bottom_3.png	237118	1069	528	100	
ortho_bottom_3.png	237268	1065	537	33	
ortho_bottom_3.png	237318	1297	522	166	
ortho_bottom_3.png	237501	1342	294	33	
ortho_bottom_3.png	237534	1345	274	167	
ortho_bottom_3.png	237701	1345	203	150	
ortho_bottom_3.png	237867	1539	491	33	
ortho_bottom_3.png	237901	1542	512	183	
ortho_bottom_3.png	238101	1165	571	33	
ortho_bottom_3.png	238134	1130	575	100	
ortho_bottom_3.png	238284	1046	590	749	
ortho_bottom_3.png	239083	1045	594	283	
ortho_bottom_3.png	239433	65	734	50	
ortho_bottom_3.png	239483	84	752	183	
ortho_bottom_3.png	239716	686	905	133	
ortho_bottom_3.png	239899	1046	573	133	
ortho_bottom_3.png	240099	1047	589	150	
ortho_bottom_3.png	240299	1225	124	167	
ortho_bottom_3.png	240482	1346	172	167	
ortho_bottom_3.png	240682	1340	373	200	
ortho_bottom_3.png	240899	1313	485	266	
ortho_bottom_3.png	241199	1344	247	67	
ortho_bottom_3.png	241315	1341	238	67	
ortho_bottom_3.png	241399	986	152	200	
ortho_bottom_3.png	241598	992	103	133	
ortho_bottom_3.png	241748	981	356	200	
ortho_bottom_3.png	241965	750	451	100	
ortho_bottom_3.png	242115	739	448	133	
ortho_bottom_3.png	242248	760	349	150	
ortho_bottom_3.png	242415	927	506	217	
ortho_bottom_3.png	242648	1006	575	150	
ortho_bottom_3.png	242798	1044	584	283	
ortho_bottom_3.png	243131	1045	583	150	
ortho_left_4.png	243331	483	561	183	
ortho_left_4.png	243547	153	355	383	
ortho_left_4.png	243980	185	61	133	
ortho_left_4.png	244147	186	61	133	
ortho_left_4.png	244347	352	112	183	
ortho_left_4.png	244546	412	195	150	
ortho_left_4.png	244696	421	211	233	
ortho_left_4.png	244996	212	838	100	
ortho_left_4.png	245146	199	835	133	
ortho_left_4.png	245363	457	813	200	
ortho_left_4.png	245579	486	602	283	
ortho_left_4.png	245879	432	564	217	
ortho_left_4.png	246162	488	408	150	
ortho_left_4.png	246362	512	332	200	
ortho_left_4.png	246562	449	334	283	
ortho_left_4.png	246845	368	303	216	
ortho_left_4.png	247062	428	253	67	
ortho_left_4.png	247178	423	255	117	
ortho_left_4.png	247378	486	259	133	
ortho_left_4.png	247511	364	316	316	
ortho_left_4.png	247828	332	312	167	
ortho_left_4.png	247994	306	241	133	
ortho_left_4.png	248194	268	217	150	
ortho_left_4.png	248394	251	367	217	
ortho_left_4.png	248627	221	239	384	
ortho_left_4.png	249011	214	147	133	
ortho_left_4.png	249194	211	147	150	
ortho_left_4.png	249394	206	443	699	
ortho_left_4.png	250110	268	256	50	
ortho_left_4.png	250210	267	251	83	
ortho_left_4.png	250310	229	137	50	
ortho_left_4.png	250410	224	136	233	
ortho_left_4.png	250643	267	131	133	
ortho_left_4.png	250793	382	68	266	
ortho_left_4.png	251059	395	186	100	
ortho_left_4.png	251209	394	192	117	
ortho_left_4.png	251343	245	195	33	
ortho_left_4.png	251426	241	193	183	
ortho_left_4.png	251609	225	192	183	
ortho_left_4.png	251809	409	206	216	
ortho_left_4.png	252042	478	258	133	
ortho_left_4.png	252225	487	282	150	
ortho_left_4.png	252425	470	332	133	
ortho_left_4.png	252575	311	248	333	
ortho_left_4.png	252908	266	217	200	
ortho_left_4.png	253141	268	373	50	
ortho_left_4.png	253241	269	378	133	
ortho_left_4.png	253441	235	479	500	
ortho_left_4.png	253957	261	369	233	
ortho_left_4.png	254274	242	238	133	
ortho_left_4.png	254441	240	231	83	
ortho_left_4.png	254557	218	478	233	
ortho_left_4.png	254790	207	450	416	
ortho_left_4.png	255257	208	453	150	
ortho_left_4.png	255456	208	452	350	
ortho_left_4.png	255840	325	246	166	
ortho_left_4.png	256023	203	165	200	
ortho_left_4.png	256273	356	204	150	
ortho_left_4.png	256472	404	203	416	
ortho_left_4.png	256889	310	209	333	
ortho_left_4.png	257272	246	229	150	
ortho_left_4.png	257472	244	233	183	
ortho_left_4.png	257655	340	238	300	
ortho_left_4.png	257972	432	274	266	
ortho_left_4.png	258288	430	277	150	
ortho_left_4.png	258488	316	254	183	
ortho_left_4.png	258671	258	249	200	
ortho_left_4.png	258871	223	252	266	
ortho_left_4.png	259137	224	432	117	
ortho_left_4.png	259304	222	468	150	
ortho_left_4.png	259504	214	455	466	
ortho_left_4.png	259987	274	480	200	
ortho_left_4.png	260203	391	437	50	
ortho_left_4.png	260303	388	439	67	
ortho_left_4.png	260370	468	337	100	
ortho_left_4.png	260503	485	342	150	
ortho_left_4.png	260670	362	340	216	
ortho_left_4.png	260886	310	418	216	
ortho_left_4.png	261103	249	501	167	
ortho_left_4.png	261319	213	462	150	
ortho_left_4.png	261519	213	456	200	
ortho_left_4.png	261769	232	644	250	
ortho_left_4.png	262019	338	643	166	
ortho_left_4.png	262185	314	651	100	
ortho_left_4.png	262335	314	652	50	
ortho_left_4.png	262402	418	682	83	
ortho_left_4.png	262585	410	796	100	
ortho_left_4.png	262702	143	854	266	
ortho_left_4.png	262985	79	889	133	
ortho_left_4.png	263151	38	383	33	
ortho_left_4.png	263185	46	366	100	
ortho_left_4.png	263335	71	-3	166	
ortho_left_4.png	263551	72	-2	33	
ortho_left_4.png	263651	213	448	450	
ortho_bottom_2.png	264134	582	177	166	
ortho_bottom_2.png	264351	692	58	33	
ortho_bottom_2.png	264384	702	44	133	
ortho_bottom_2.png	264900	206	405	67	
ortho_bottom_2.png	264983	176	743	183	
ortho_bottom_2.png	265200	784	894	117	
ortho_bottom_2.png	265366	823	898	83	
ortho_bottom_2.png	265499	947	451	33	
ortho_bottom_2.png	265633	304	159	100	
ortho_bottom_2.png	265733	326	201	100	
ortho_bottom_2.png	265833	266	225	200	
ortho_bottom_2.png	266032	285	348	200	
ortho_bottom_2.png	266232	340	389	150	
ortho_bottom_2.png	266382	377	413	166	
ortho_bottom_2.png	266565	704	448	33	
ortho_bottom_2.png	266599	722	449	200	
ortho_bottom_2.png	266799	845	440	233	
ortho_bottom_2.png	267065	571	502	183	
ortho_bottom_2.png	267265	727	568	67	
ortho_bottom_2.png	267382	731	572	83	
ortho_bottom_2.png	267481	904	281	67	
ortho_bottom_2.png	267598	915	274	67	
ortho_bottom_2.png	267665	935	249	133	
ortho_bottom_2.png	267815	896	329	167	
ortho_bottom_2.png	267998	857	489	166	
ortho_bottom_2.png	268181	666	524	167	
ortho_bottom_2.png	268398	746	570	83	
ortho_bottom_2.png	268498	1182	568	33	
ortho_bottom_2.png	268531	1203	571	33	
ortho_bottom_2.png	268614	1206	570	100	
ortho_bottom_2.png	268747	1277	315	183	
ortho_bottom_2.png	268931	1403	214	183	
ortho_bottom_2.png	269130	1411	87	200	
ortho_bottom_2.png	269397	1350	528	167	
ortho_bottom_2.png	269613	883	575	167	
ortho_bottom_2.png	269780	1030	571	166	
ortho_bottom_2.png	269946	1151	578	416	
ortho_bottom_2.png	270413	1352	600	167	
ortho_bottom_2.png	270646	702	619	233	
ortho_bottom_2.png	270896	915	675	416	
ortho_bottom_2.png	271329	698	619	33	
ortho_bottom_2.png	271429	687	624	67	
ortho_bottom_2.png	271512	905	662	50	
ortho_bottom_2.png	271562	922	666	616	
ortho_bottom_2.png	272212	1208	590	233	
ortho_bottom_2.png	272462	972	664	133	
ortho_bottom_2.png	272645	928	669	516	
ortho_bottom_2.png	273178	1166	488	217	
ortho_bottom_2.png	273444	1164	488	150	
ortho_bottom_2.png	273661	1164	563	83	
ortho_bottom_2.png	273761	917	639	167	
ortho_bottom_2.png	273927	924	668	483	
ortho_left_5.png	274460	357	652	67	
ortho_left_5.png	274560	86	414	150	
ortho_left_5.png	274744	196	57	316	
ortho_left_5.png	275093	118	470	366	
ortho_left_5.png	275493	392	587	133	
ortho_left_5.png	275676	400	590	50	
ortho_left_5.png	275743	477	665	150	
ortho_left_5.png	275893	499	686	283	
ortho_left_5.png	276176	429	689	233	
ortho_left_5.png	276476	384	654	166	
ortho_left_5.png	276692	339	646	483	
ortho_left_5.png	277192	109	868	250	
ortho_left_5.png	277492	467	820	250	
ortho_left_5.png	277742	483	842	200	
ortho_left_5.png	277941	407	829	383	
ortho_left_5.png	278325	444	798	333	
ortho_left_5.png	278708	368	784	300	
ortho_left_5.png	279007	408	778	233	
ortho_left_5.png	279241	332	774	216	
ortho_left_5.png	279507	320	780	166	
ortho_left_5.png	279724	316	741	167	
ortho_left_5.png	279890	307	697	350	
ortho_left_5.png	280257	292	595	150	
ortho_left_5.png	280423	287	262	50	
ortho_left_5.png	280523	286	260	67	
ortho_left_5.png	280606	333	154	183	
ortho_left_5.png	280790	443	172	216	
ortho_left_5.png	281056	477	376	200	
ortho_left_5.png	281289	421	517	267	
ortho_left_5.png	281573	484	647	117	
ortho_left_5.png	281756	491	686	200	
ortho_left_5.png	281956	412	687	183	
ortho_left_5.png	282139	393	656	266	
ortho_left_5.png	282406	345	656	83	
ortho_left_5.png	282539	343	659	133	
ortho_left_5.png	282672	304	663	33	
ortho_left_5.png	282755	302	661	416	
ortho_left_5.png	283172	302	703	333	
ortho_left_5.png	283555	301	699	150	
ortho_left_5.png	283755	269	685	133	
ortho_left_5.png	283905	302	714	200	
ortho_left_5.png	284104	307	764	167	
ortho_left_5.png	284271	450	758	200	
ortho_left_5.png	284488	295	727	33	
ortho_left_5.png	284554	288	720	166	
ortho_left_5.png	284771	282	702	83	
ortho_left_5.png	284854	255	718	666	
ortho_left_5.png	285570	253	721	167	
ortho_left_5.png	285787	252	727	750	
ortho_bottom_1.png	286586	802	734	33	
ortho_bottom_1.png	286636	657	545	100	
ortho_bottom_1.png	287053	1043	222	33	
ortho_bottom_1.png	287086	1033	235	67	
ortho_bottom_1.png	287169	1044	229	33	
ortho_bottom_1.png	287219	1043	236	50	
ortho_bottom_1.png	287269	1042	223	33	
ortho_bottom_1.png	287369	1034	228	133	
ortho_bottom_1.png	287635	1038	220	116	
ortho_bottom_1.png	287802	1037	219	250	
ortho_bottom_1.png	288068	1144	376	250	
ortho_bottom_1.png	288368	312	543	216	
ortho_bottom_1.png	288584	322	579	183	
ortho_bottom_1.png	288818	314	735	166	
ortho_bottom_1.png	288984	342	743	316	
ortho_bottom_1.png	289317	339	604	250	
ortho_bottom_1.png	289617	333	580	166	
ortho_bottom_1.png	289817	751	327	233	
ortho_bottom_1.png	290100	371	513	133	
ortho_bottom_1.png	290233	331	574	233	
ortho_bottom_1.png	290483	351	686	117	
ortho_bottom_1.png	290633	348	682	50	
ortho_bottom_1.png	290683	326	630	100	
ortho_bottom_1.png	290833	331	589	200	
ortho_bottom_1.png	291033	313	766	133	
ortho_bottom_1.png	291199	779	843	167	
ortho_bottom_1.png	291399	356	699	100	
ortho_bottom_1.png	291499	368	707	67	
ortho_bottom_1.png	291582	351	631	150	
ortho_bottom_1.png	291732	326	603	67	
ortho_bottom_1.png	291849	326	600	100	
ortho_bottom_1.png	291949	325	666	233	
ortho_bottom_1.png	292182	268	749	250	
ortho_bottom_1.png	292432	332	811	150	
ortho_bottom_1.png	292648	790	828	117	
ortho_bottom_1.png	292765	839	818	183	
ortho_bottom_1.png	292965	951	717	166	
ortho_bottom_1.png	293198	382	696	166	
ortho_bottom_1.png	293381	404	705	183	
ortho_bottom_1.png	293565	391	672	50	
ortho_bottom_1.png	293665	393	620	150	
ortho_bottom_1.png	293864	387	607	150	
ortho_bottom_1.png	294014	385	671	250	
ortho_bottom_1.png	294281	763	709	33	
ortho_bottom_1.png	294314	793	716	133	
ortho_bottom_1.png	294464	986	701	166	
ortho_bottom_1.png	294647	1060	653	150	
ortho_bottom_1.png	294880	1138	388	117	
ortho_bottom_1.png	295014	1041	324	166	
ortho_bottom_1.png	295180	1028	247	167	
ortho_bottom_1.png	295347	1039	236	166	
ortho_bottom_1.png	295547	1030	395	83	
ortho_bottom_1.png	295680	1029	405	33	
ortho_bottom_1.png	295730	913	518	166	
ortho_bottom_1.png	295913	901	596	150	
ortho_bottom_1.png	296080	1035	699	183	
ortho_bottom_1.png	296279	966	764	200	
ortho_bottom_1.png	296513	495	727	50	
ortho_bottom_1.png	296563	469	720	83	
ortho_bottom_1.png	296696	473	720	33	
ortho_bottom_1.png	296762	349	674	83	
ortho_bottom_1.png	296896	353	672	33	
ortho_bottom_1.png	296929	336	634	167	
ortho_bottom_1.png	297096	357	804	216	
ortho_bottom_1.png	297329	829	844	33	
ortho_bottom_1.png	297362	862	844	167	
ortho_bottom_1.png	297529	857	833	333	
ortho_bottom_1.png	297912	861	832	400	
ortho_bottom_1.png	298345	97	801	33	
ortho_bottom_1.png	298378	79	805	266	
ortho_bottom_1.png	298711	817	828	116	
ortho_bottom_1.png	298828	861	829	616	
ortho_left_6.png	299477	120	527	150	
ortho_left_6.png	299644	80	472	33	
ortho_left_6.png	299727	76	469	67	
ortho_left_6.png	299827	186	102	50	
ortho_left_6.png	299927	191	101	216	
ortho_left_6.png	300160	372	163	250	
ortho_left_6.png	300410	471	187	383	
ortho_left_6.png	300810	393	199	83	
ortho_left_6.png	300943	387	199	133	
ortho_left_6.png	301243	464	193	183	
ortho_left_6.png	301493	300	720	150	
ortho_left_6.png	301659	154	845	33	
ortho_left_6.png	301743	147	851	150	
ortho_left_6.png	301892	173	821	217	
ortho_left_6.png	302126	397	778	117	
ortho_left_6.png	302242	416	783	166	
ortho_left_6.png	302409	468	737	250	
ortho_left_6.png	302659	364	730	50	
ortho_left_6.png	302792	347	725	116	
ortho_left_6.png	302959	262	715	200	
ortho_left_6.png	303175	267	541	166	
ortho_left_6.png	303359	276	415	150	
ortho_left_6.png	303525	251	659	216	
ortho_left_6.png	303742	238	633	150	
ortho_left_6.png	303975	222	417	216	
ortho_left_6.png	304208	213	496	400	
ortho_left_6.png	304624	300	306	100	
ortho_left_6.png	304741	299	303	83	
ortho_left_6.png	304841	335	190	83	
ortho_left_6.png	304974	339	189	33	
ortho_left_6.png	305024	432	237	167	
ortho_left_6.png	305191	454	207	150	
ortho_left_6.png	305357	303	307	166	
ortho_left_6.png	305524	288	358	183	
ortho_left_6.png	305707	257	379	50	
ortho_left_6.png	305790	259	379	100	
ortho_left_6.png	305990	305	462	83	
ortho_left_6.png	306073	357	553	283	
ortho_left_6.png	306373	260	425	217	
ortho_left_6.png	306606	175	486	150	
ortho_left_6.png	306806	177	150	150	
ortho_left_6.png	307006	151	76	133	
ortho_left_6.png	307206	105	773	117	
ortho_left_6.png	307339	112	860	83	
ortho_left_6.png	307456	250	466	316	
ortho_left_6.png	307822	253	461	167	
ortho_left_6.png	308005	294	320	250	
ortho_left_6.png	308272	230	414	167	
ortho_left_6.png	308455	202	489	300	
ortho_left_6.png	308855	223	633	117	
ortho_left_6.png	309022	221	637	66	
ortho_left_6.png	309088	291	720	266	
ortho_left_6.png	309371	400	720	150	
ortho_left_6.png	309538	227	627	233	
ortho_left_6.png	309838	219	507	133	
ortho_left_6.png	310037	213	485	100	
ortho_left_6.png	310154	262	384	266	
ortho_left_6.png	310437	400	311	333	
ortho_left_6.png	310854	251	421	133	
ortho_left_6.png	311037	208	493	783	
ortho_left_6.png	311836	207	494	166	
ortho_left_6.png	312053	263	398	266	
ortho_left_6.png	312336	214	498	216	
