No media	16	819	480	33	
ortho_top_4.png	150	657	383	50	
ortho_top_4.png	383	670	368	83	
ortho_top_4.png	516	982	605	50	
ortho_top_4.png	566	977	580	100	
ortho_top_4.png	682	1028	581	33	
ortho_top_4.png	766	1253	856	83	
ortho_top_4.png	916	1331	866	83	
ortho_top_4.png	1033	1240	744	100	
ortho_top_4.png	1149	1326	525	33	
ortho_top_4.png	1182	1304	548	100	
ortho_top_4.png	1316	1617	241	50	
ortho_top_4.png	1366	1566	267	67	
ortho_top_4.png	1449	1571	262	33	
ortho_top_4.png	1582	1803	124	33	
ortho_top_4.png	1698	926	57	33	
ortho_top_4.png	1782	815	59	67	
ortho_top_4.png	1998	-58	127	33	
ortho_top_4.png	2048	-51	122	33	
ortho_top_4.png	2098	12	494	33	
ortho_top_4.png	2131	-2	472	50	
ortho_top_4.png	2215	6	458	83	
ortho_top_4.png	2398	327	651	83	
ortho_top_4.png	2515	561	791	133	
ortho_top_4.png	2665	396	873	150	
ortho_top_4.png	2815	405	814	200	
ortho_top_4.png	3031	395	606	316	
ortho_top_4.png	3348	408	700	333	
ortho_top_4.png	3697	440	497	333	
ortho_top_4.png	4047	565	513	250	
ortho_top_4.png	4314	616	441	67	
ortho_top_4.png	4414	886	458	117	
ortho_top_4.png	4547	941	664	250	
ortho_top_4.png	4830	568	727	266	
ortho_top_4.png	5130	912	882	266	
ortho_top_4.png	5430	403	828	300	
ortho_top_4.png	5763	363	634	200	
ortho_top_4.png	5996	551	578	200	
ortho_top_4.png	6196	551	551	316	
ortho_top_4.png	6546	553	688	316	
ortho_top_4.png	6879	613	847	166	
ortho_top_4.png	7062	434	768	316	
ortho_top_4.png	7378	436	816	266	
ortho_top_4.png	7661	381	654	33	
ortho_top_4.png	7695	382	632	150	
ortho_top_4.png	7861	328	583	83	
ortho_top_4.png	7945	332	587	166	
ortho_top_4.png	8111	332	601	300	
ortho_top_4.png	8411	333	596	117	
ortho_top_4.png	8544	333	600	150	
ortho_top_4.png	8727	1076	623	200	
ortho_top_4.png	8944	1031	828	216	
ortho_top_5.png	9194	750	793	300	
ortho_top_5.png	9510	560	616	200	
ortho_top_5.png	9743	235	445	50	
ortho_top_5.png	9793	266	462	183	
ortho_top_5.png	10010	115	384	216	
ortho_top_5.png	10243	143	308	83	
ortho_top_5.png	10360	139	307	33	
ortho_top_5.png	10426	646	270	133	
ortho_top_5.png	10576	759	263	416	
ortho_top_5.png	11059	58	262	50	
ortho_top_5.png	11109	73	273	100	
ortho_top_5.png	11226	101	344	150	
ortho_top_5.png	11392	94	343	100	
ortho_top_5.png	11525	760	264	300	
ortho_top_5.png	11842	1007	171	33	
ortho_top_5.png	11875	987	179	133	
ortho_top_5.png	12058	1584	147	50	
ortho_top_5.png	12158	1572	142	50	
ortho_top_5.png	12308	1668	240	33	
ortho_top_5.png	12374	1694	210	100	
ortho_top_5.png	12524	819	204	33	
ortho_top_5.png	12558	847	207	34	
ortho_top_5.png	12591	744	255	100	
ortho_top_5.png	12691	721	267	233	
ortho_top_5.png	12941	726	266	250	
ortho_top_5.png	13191	729	260	33	
ortho_top_5.png	13291	945	743	266	
ortho_top_5.png	13574	740	658	233	
ortho_top_5.png	13824	895	397	383	
ortho_top_3.png	14224	826	285	217	
ortho_top_3.png	14473	384	551	216	
ortho_top_3.png	14707	505	760	50	
ortho_top_3.png	14757	495	743	83	
ortho_top_3.png	14873	1072	794	33	
ortho_top_3.png	14906	1033	786	133	
ortho_top_3.png	15056	1177	860	217	
ortho_top_3.png	15289	1168	609	33	
ortho_top_3.png	15323	1167	627	183	
ortho_top_3.png	15539	1360	512	83	
ortho_top_3.png	15623	1350	520	133	
ortho_top_3.png	15822	1610	205	66	
ortho_top_3.png	15989	1746	175	67	
ortho_top_3.png	16205	643	25	67	
ortho_top_3.png	16389	-67	137	66	
ortho_top_3.png	16488	-108	131	50	
ortho_top_3.png	16555	-94	306	117	
ortho_top_3.png	16705	-124	279	33	
ortho_top_3.png	16888	981	809	50	
ortho_top_3.png	16938	965	813	33	
ortho_top_3.png	16971	986	811	50	
ortho_top_3.png	17022	1080	820	133	
ortho_top_3.png	17172	951	613	266	
ortho_top_3.png	17438	991	643	133	
ortho_top_3.png	17588	949	808	183	
ortho_top_3.png	17788	980	515	300	
ortho_top_3.png	18088	1014	561	200	
ortho_top_3.png	18304	998	473	150	
ortho_top_3.png	18454	1026	431	250	
ortho_top_3.png	18721	1364	449	250	
ortho_top_3.png	18970	1359	508	300	
ortho_top_3.png	19287	1344	696	67	
ortho_top_3.png	19354	1301	757	316	
ortho_top_3.png	19687	1233	903	150	
ortho_top_3.png	19870	1320	570	167	
ortho_top_3.png	20036	1332	500	216	
ortho_top_3.png	20269	1022	525	200	
ortho_top_3.png	20486	897	502	166	
ortho_top_3.png	20669	979	441	150	
ortho_top_3.png	20819	1019	429	533	
ortho_top_3.png	21385	904	759	250	
ortho_top_3.png	21652	887	551	183	
ortho_top_3.png	21852	472	596	33	
ortho_top_3.png	21885	498	601	200	
ortho_top_3.png	22118	284	759	266	
ortho_top_6.png	22385	271	822	216	
ortho_top_6.png	22635	523	633	333	
ortho_top_6.png	23001	122	387	333	
ortho_top_6.png	23367	322	844	266	
ortho_top_6.png	23650	261	667	183	
ortho_top_6.png	23850	152	658	266	
ortho_top_6.png	24134	151	501	83	
ortho_top_6.png	24217	150	513	133	
ortho_top_6.png	24367	413	469	150	
ortho_top_6.png	24517	351	439	233	
ortho_top_6.png	24783	581	723	200	
ortho_top_6.png	25000	505	739	216	
ortho_top_6.png	25233	577	531	400	
ortho_top_6.png	25666	985	449	233	
ortho_top_6.png	25949	1018	850	233	
ortho_top_6.png	26199	787	821	266	
ortho_top_6.png	26482	724	674	316	
ortho_top_6.png	26798	769	671	83	
ortho_top_6.png	26898	854	685	216	
ortho_top_6.png	27131	879	575	233	
ortho_top_6.png	27365	888	526	466	
ortho_top_6.png	27864	1053	369	266	
ortho_top_6.png	28131	1052	372	150	
ortho_top_6.png	28314	649	358	183	
ortho_top_6.png	28514	810	334	133	
ortho_top_6.png	28664	770	349	799	
ortho_top_6.png	29513	1624	237	83	
ortho_top_6.png	29596	1596	256	100	
ortho_top_6.png	29730	1532	437	150	
ortho_top_6.png	29880	1522	445	33	
ortho_top_6.png	29930	1586	217	117	
ortho_top_6.png	30146	5	264	33	
ortho_top_6.png	30179	31	269	50	
ortho_top_6.png	30229	44	263	67	
ortho_top_6.png	30379	6	216	83	
ortho_top_6.png	30529	871	128	50	
ortho_top_6.png	30646	896	113	116	
ortho_top_2.png	30762	847	104	133	
ortho_top_2.png	30912	854	92	50	
ortho_top_2.png	30962	873	112	33	
ortho_top_2.png	31029	863	101	33	
ortho_top_2.png	31079	657	396	33	
ortho_top_2.png	31129	676	400	117	
ortho_top_2.png	31362	153	738	250	
ortho_top_2.png	31645	293	908	166	
ortho_top_2.png	31845	282	812	67	
ortho_top_2.png	31912	286	813	166	
ortho_top_2.png	32078	290	744	133	
ortho_top_2.png	32211	287	744	83	
ortho_top_2.png	32311	151	713	133	
ortho_top_2.png	32445	154	716	133	
ortho_top_2.png	32578	178	714	183	
ortho_top_2.png	32761	127	675	33	
ortho_top_2.png	32794	131	674	749	
ortho_top_2.png	33544	130	680	133	
ortho_top_2.png	33777	290	846	33	
ortho_top_2.png	33810	277	841	283	
ortho_top_2.png	34160	1467	180	33	
ortho_top_2.png	34193	1397	224	83	
ortho_top_2.png	34293	1608	210	67	
ortho_top_2.png	34377	1589	225	150	
ortho_top_2.png	34560	1451	410	233	
ortho_top_2.png	34810	1334	695	266	
ortho_top_2.png	35093	1417	545	83	
ortho_top_2.png	35176	1409	551	83	
ortho_top_2.png	35276	1419	478	167	
ortho_top_2.png	35459	1458	373	133	
ortho_top_2.png	35609	1654	139	50	
ortho_top_2.png	35659	1643	142	50	
ortho_top_2.png	35759	1770	122	50	
ortho_top_2.png	35858	779	78	33	
ortho_top_2.png	35925	815	85	100	
ortho_top_2.png	36142	742	347	50	
ortho_top_2.png	36209	761	355	67	
ortho_top_2.png	36342	984	588	33	
ortho_top_2.png	36392	932	646	67	
ortho_top_2.png	36458	980	570	33	
ortho_top_2.png	36542	1267	805	233	
ortho_top_2.png	36775	1303	754	183	
ortho_top_2.png	36975	1260	648	283	
ortho_top_2.png	37258	1182	711	233	
ortho_top_2.png	37508	1016	759	350	
ortho_top_2.png	37874	986	688	233	
ortho_top_2.png	38107	982	599	300	
ortho_top_2.png	38424	792	590	183	
ortho_top_2.png	38607	768	684	250	
ortho_top_2.png	38873	814	527	217	
ortho_top_2.png	39107	952	448	466	
ortho_top_2.png	39606	697	446	250	
ortho_top_2.png	39873	488	449	67	
ortho_top_2.png	39956	504	448	183	
ortho_top_2.png	40156	506	441	67	
ortho_top_2.png	40223	566	435	50	
ortho_top_2.png	40272	570	440	150	
ortho_top_2.png	40439	506	499	166	
ortho_top_2.png	40606	490	518	799	
ortho_top_2.png	41405	475	519	283	
ortho_top_2.png	41705	281	445	33	
ortho_top_2.png	41755	270	443	300	
ortho_top_2.png	42071	459	428	283	
ortho_top_2.png	42354	504	432	116	
ortho_top_2.png	42488	814	348	183	
ortho_top_2.png	42671	724	352	83	
ortho_top_2.png	42837	319	595	183	
ortho_top_2.png	43054	336	806	250	
ortho_top_2.png	43354	703	327	133	
ortho_top_2.png	43487	738	348	1249	
ortho_right_1.png	44736	177	331	233	
ortho_right_1.png	44986	257	383	200	
ortho_right_1.png	45469	23	406	133	
ortho_right_1.png	45602	118	382	133	
ortho_right_1.png	45785	162	219	250	
ortho_right_1.png	46069	265	743	150	
ortho_right_1.png	46235	406	843	333	
ortho_right_1.png	46602	470	591	133	
ortho_right_1.png	46751	489	482	500	
ortho_right_1.png	47284	380	735	300	
ortho_right_1.png	47601	306	742	200	
ortho_right_1.png	47801	359	739	483	
ortho_right_1.png	48284	407	763	233	
ortho_right_1.png	48534	443	525	200	
ortho_right_1.png	48734	460	462	899	
ortho_right_1.png	49633	405	357	266	
ortho_right_1.png	49933	363	821	50	
ortho_right_1.png	49983	365	798	100	
ortho_right_1.png	50083	399	750	183	
ortho_right_1.png	50266	348	735	233	
ortho_right_1.png	50499	379	737	250	
ortho_right_1.png	50749	426	755	133	
ortho_right_1.png	50899	474	486	33	
ortho_right_1.png	50932	464	498	117	
ortho_right_1.png	51049	457	462	166	
ortho_right_1.png	51282	319	140	50	
ortho_right_1.png	51332	320	168	166	
ortho_right_1.png	51532	267	117	266	
ortho_top_1.png	51798	828	127	200	
ortho_top_1.png	52031	759	415	150	
ortho_top_1.png	52181	766	411	50	
ortho_top_1.png	52248	940	492	133	
ortho_top_1.png	52431	399	595	117	
ortho_top_1.png	52548	409	592	117	
ortho_top_1.png	52697	597	762	266	
ortho_top_1.png	52981	613	650	366	
ortho_top_1.png	53364	605	606	133	
ortho_top_1.png	53530	951	375	183	
ortho_top_1.png	53747	1349	237	250	
ortho_top_1.png	54030	1290	422	183	
ortho_top_1.png	54230	1305	292	266	
ortho_top_1.png	54496	1330	273	200	
ortho_top_1.png	54713	1419	238	283	
ortho_top_1.png	55029	768	163	200	
ortho_top_1.png	55229	783	182	316	
ortho_top_1.png	55545	785	185	566	
ortho_top_1.png	56145	1701	177	33	
ortho_top_1.png	56178	1670	170	50	
ortho_top_1.png	56261	1769	127	50	
ortho_top_1.png	56411	1747	46	33	
ortho_top_1.png	56461	1720	43	33	
ortho_top_1.png	56545	1746	58	50	
ortho_right_2.png	56644	1165	79	33	
ortho_right_2.png	56711	1199	60	67	
ortho_right_2.png	56894	339	240	84	
ortho_right_2.png	56978	229	283	83	
ortho_right_2.png	57095	274	403	283	
ortho_right_2.png	57411	129	399	466	
ortho_right_2.png	57911	161	101	83	
ortho_right_2.png	58011	162	120	100	
ortho_right_2.png	58110	133	94	150	
ortho_right_2.png	58327	35	130	133	
ortho_right_2.png	58460	115	138	67	
ortho_right_2.png	58543	118	143	83	
ortho_right_2.png	58627	118	134	50	
ortho_right_2.png	58677	175	143	283	
ortho_right_2.png	58977	240	122	216	
ortho_right_2.png	59226	329	276	150	
ortho_right_2.png	59376	328	267	33	
ortho_right_2.png	59426	133	378	350	
ortho_right_2.png	59793	252	401	200	
ortho_right_2.png	60009	407	437	150	
ortho_right_2.png	60209	397	800	266	
ortho_right_2.png	60492	197	782	183	
ortho_right_2.png	60675	134	774	133	
ortho_right_2.png	60842	430	843	200	
ortho_right_2.png	61058	367	856	183	
ortho_right_2.png	61258	221	780	366	
ortho_right_2.png	61641	130	664	266	
ortho_right_2.png	61925	39	677	216	
ortho_right_2.png	62158	159	624	216	
ortho_right_2.png	62374	171	674	233	
ortho_right_2.png	62607	225	696	217	
ortho_right_2.png	62824	270	588	283	
ortho_right_2.png	63124	324	545	150	
ortho_right_2.png	63273	316	549	50	
ortho_right_2.png	63340	426	491	183	
ortho_right_2.png	63557	334	462	183	
ortho_right_2.png	63757	282	589	233	
ortho_right_2.png	63990	228	629	150	
ortho_right_2.png	64173	261	395	117	
ortho_right_2.png	64323	321	322	383	
ortho_right_2.png	64739	352	408	300	
ortho_right_2.png	65072	307	557	266	
ortho_right_2.png	65339	263	600	333	
ortho_right_2.png	65672	245	625	183	
ortho_right_2.png	65872	46	650	316	
ortho_right_2.png	66188	76	606	200	
ortho_right_2.png	66405	27	556	266	
ortho_right_2.png	66688	133	572	283	
ortho_right_2.png	66988	181	588	200	
ortho_right_2.png	67187	139	604	183	
ortho_right_2.png	67387	251	570	466	
ortho_right_2.png	67854	262	607	400	
ortho_right_2.png	68270	194	651	183	
ortho_right_2.png	68453	108	692	183	
ortho_right_2.png	68636	206	697	200	
ortho_right_2.png	68836	245	728	350	
ortho_right_2.png	69203	228	665	216	
ortho_right_2.png	69419	258	636	416	
ortho_right_2.png	69852	66	685	366	
ortho_right_2.png	70235	149	697	183	
ortho_right_2.png	70469	103	287	183	
ortho_right_2.png	70668	59	233	183	
ortho_right_2.png	70852	63	218	33	
ortho_right_2.png	70885	62	234	117	
ortho_right_2.png	71002	114	192	216	
ortho_right_2.png	71218	119	210	33	
ortho_right_2.png	71251	193	205	250	
ortho_right_2.png	71501	199	104	316	
ortho_right_2.png	71834	269	163	167	
ortho_right_2.png	72001	272	195	250	
ortho_right_2.png	72251	332	213	266	
ortho_right_2.png	72517	333	225	50	
ortho_right_2.png	72567	305	226	183	
ortho_right_2.png	73300	196	325	50	
ortho_right_2.png	73350	287	291	50	
ortho_right_2.png	73400	266	305	300	
ortho_right_2.png	73700	298	287	233	
ortho_right_2.png	73933	316	197	333	
ortho_right_2.png	74299	293	308	217	
ortho_right_2.png	74516	275	298	766	
ortho_right_2.png	75282	282	301	100	
ortho_right_2.png	75399	286	310	33	
ortho_right_2.png	75432	289	292	33	
ortho_right_2.png	75465	288	302	133	
ortho_right_2.png	75615	324	319	250	
ortho_right_2.png	75881	364	444	516	
ortho_right_2.png	76414	337	270	250	
ortho_right_2.png	76664	332	191	167	
ortho_right_2.png	76831	321	191	150	
ortho_right_2.png	77014	299	339	183	
ortho_right_2.png	77197	302	316	300	
ortho_right_2.png	77497	267	305	200	
ortho_right_2.png	77714	271	293	50	
ortho_right_2.png	77764	205	285	133	
ortho_right_2.png	77930	269	220	250	
ortho_right_2.png	78180	261	219	83	
ortho_right_2.png	78280	50	200	67	
ortho_right_2.png	78346	48	215	100	
ortho_right_2.png	78446	40	205	33	
ortho_right_2.png	78480	36	191	33	
ortho_right_2.png	78513	52	208	33	
ortho_right_2.png	78546	52	224	50	
ortho_right_2.png	78630	288	236	100	
ortho_right_2.png	80079	-25	205	117	
ortho_right_2.png	80195	55	188	250	
ortho_right_2.png	80445	139	169	33	
ortho_right_2.png	80478	149	173	233	
ortho_right_2.png	80728	164	65	350	
ortho_right_2.png	81095	148	146	333	
ortho_right_2.png	81428	204	193	366	
ortho_right_2.png	81811	266	192	533	
ortho_right_2.png	82377	252	319	166	
ortho_right_2.png	82544	269	278	733	
ortho_right_2.png	83310	310	271	300	
ortho_right_2.png	83610	333	375	150	
ortho_right_2.png	83776	308	627	300	
ortho_right_2.png	84093	130	658	350	
ortho_right_2.png	84442	135	716	233	
ortho_right_2.png	84676	188	651	216	
ortho_right_2.png	84892	230	725	250	
ortho_right_2.png	85175	321	477	167	
ortho_right_2.png	85342	358	432	683	
ortho_right_2.png	86041	306	553	516	
ortho_right_2.png	86591	314	321	366	
ortho_right_2.png	86974	309	226	216	
ortho_right_2.png	87207	309	227	33	
ortho_right_2.png	87274	381	472	100	
ortho_bottom_6.png	87374	930	446	300	
ortho_bottom_6.png	87707	570	459	117	
ortho_bottom_6.png	87823	583	472	67	
ortho_bottom_6.png	87940	568	598	116	
ortho_bottom_6.png	88090	759	837	183	
ortho_bottom_6.png	88290	905	720	217	
ortho_bottom_6.png	88506	872	744	100	
ortho_bottom_6.png	88639	491	664	167	
ortho_bottom_6.png	88823	660	402	33	
ortho_bottom_6.png	88856	645	425	167	
ortho_bottom_6.png	89056	407	261	133	
ortho_bottom_6.png	89222	858	89	33	
ortho_bottom_6.png	89256	830	97	200	
ortho_bottom_6.png	89506	1209	72	67	
ortho_bottom_6.png	89572	1211	63	67	
ortho_bottom_6.png	89689	1194	73	83	
ortho_bottom_6.png	89772	1205	239	133	
ortho_bottom_6.png	89905	1201	237	167	
ortho_bottom_6.png	90072	1266	242	233	
ortho_bottom_6.png	90338	1248	310	183	
ortho_bottom_6.png	90522	1248	304	67	
ortho_bottom_6.png	90621	1582	196	216	
ortho_bottom_6.png	90921	1682	319	67	
ortho_bottom_6.png	91004	1681	332	33	
ortho_bottom_6.png	91037	1665	301	33	
ortho_bottom_6.png	91071	1689	310	50	
ortho_bottom_6.png	91171	1592	226	50	
ortho_bottom_6.png	91221	1603	254	33	
ortho_bottom_6.png	91254	1591	242	33	
ortho_bottom_6.png	91287	1602	229	83	
ortho_bottom_6.png	91420	1575	177	100	
ortho_bottom_6.png	91520	1562	167	50	
ortho_bottom_6.png	91637	1617	230	67	
ortho_bottom_6.png	91704	1611	246	33	
ortho_bottom_6.png	91737	1632	240	33	
ortho_bottom_6.png	91787	1635	255	33	
ortho_bottom_6.png	91870	1604	262	33	
ortho_bottom_6.png	91937	1687	290	33	
ortho_bottom_6.png	91970	1664	286	33	
ortho_bottom_6.png	92003	1677	294	50	
ortho_bottom_6.png	92070	1677	301	50	
ortho_bottom_6.png	92137	1716	285	67	
ortho_bottom_6.png	92203	1708	277	117	
ortho_bottom_6.png	92353	1675	223	50	
ortho_bottom_6.png	92420	1676	210	83	
ortho_bottom_6.png	92553	1351	423	50	
ortho_bottom_6.png	92603	1366	424	84	
ortho_bottom_6.png	92687	1237	444	50	
ortho_bottom_6.png	92737	1078	456	183	
ortho_bottom_6.png	92937	1055	421	250	
ortho_bottom_6.png	93203	1276	483	250	
ortho_bottom_6.png	93470	1046	589	166	
ortho_bottom_6.png	93636	1072	570	67	
ortho_bottom_6.png	93703	1073	561	83	
ortho_bottom_6.png	93819	1006	292	216	
ortho_bottom_6.png	94052	727	459	166	
ortho_bottom_6.png	94236	595	522	233	
ortho_bottom_6.png	94469	592	564	166	
ortho_bottom_6.png	94635	584	521	183	
ortho_bottom_6.png	94835	596	619	150	
ortho_bottom_6.png	95002	1060	655	250	
ortho_bottom_6.png	95285	652	660	167	
ortho_bottom_6.png	95468	1035	648	200	
ortho_bottom_6.png	95668	997	669	83	
ortho_bottom_6.png	95785	700	715	216	
ortho_bottom_6.png	96034	298	638	250	
ortho_bottom_6.png	96301	324	316	33	
ortho_bottom_6.png	96334	327	344	183	
ortho_bottom_6.png	96534	482	424	183	
ortho_bottom_6.png	96734	492	521	233	
ortho_bottom_6.png	97000	379	715	183	
ortho_bottom_6.png	97217	787	734	150	
ortho_bottom_6.png	97384	861	743	166	
ortho_bottom_6.png	97567	462	720	33	
ortho_bottom_6.png	97600	489	719	133	
ortho_bottom_6.png	97750	858	747	150	
ortho_bottom_6.png	97900	872	742	433	
ortho_right_3.png	98349	287	505	266	
ortho_right_3.png	98633	492	475	33	
ortho_right_3.png	98666	475	484	183	
ortho_right_3.png	98866	401	74	133	
ortho_right_3.png	98999	407	83	300	
ortho_right_3.png	99332	150	244	216	
ortho_right_3.png	99549	149	241	33	
ortho_right_3.png	99582	161	228	33	
ortho_right_3.png	99665	63	404	300	
ortho_right_3.png	99982	99	472	117	
ortho_right_3.png	100615	19	464	67	
ortho_right_3.png	100698	69	466	316	
ortho_right_3.png	101031	81	698	250	
ortho_right_3.png	101298	114	623	250	
ortho_right_3.png	101564	39	593	183	
ortho_right_3.png	101747	23	578	233	
ortho_right_3.png	101980	75	577	416	
ortho_right_3.png	102413	170	630	416	
ortho_right_3.png	102830	228	633	233	
ortho_right_3.png	103080	271	660	67	
ortho_right_3.png	103180	330	831	200	
ortho_right_3.png	103396	327	780	167	
ortho_right_3.png	103563	397	746	216	
ortho_right_3.png	103813	208	824	250	
ortho_right_3.png	104079	355	855	200	
ortho_right_3.png	104329	523	127	33	
ortho_right_3.png	104379	502	188	100	
ortho_right_3.png	104479	499	26	216	
ortho_right_3.png	104695	443	56	117	
ortho_right_3.png	104812	450	36	33	
ortho_right_3.png	104845	444	53	33	
ortho_right_3.png	104895	216	226	283	
ortho_right_3.png	105212	102	528	250	
ortho_right_3.png	105478	54	463	200	
ortho_right_3.png	105711	365	431	283	
ortho_right_3.png	105994	423	417	350	
ortho_right_3.png	106344	355	421	183	
ortho_right_3.png	106544	84	510	316	
ortho_right_3.png	106860	43	594	217	
ortho_right_3.png	107094	148	615	366	
ortho_right_3.png	107477	195	629	266	
ortho_right_3.png	107760	254	577	233	
ortho_right_3.png	107993	263	528	250	
ortho_right_3.png	108259	278	623	500	
ortho_right_3.png	108759	272	464	233	
ortho_right_3.png	109026	194	204	200	
ortho_right_3.png	109225	78	207	250	
ortho_right_3.png	109509	45	339	83	
ortho_right_3.png	109592	53	331	83	
ortho_right_3.png	109675	99	428	50	
ortho_right_3.png	109725	103	417	200	
ortho_right_3.png	109925	76	441	233	
ortho_right_3.png	110158	133	444	283	
ortho_right_3.png	110458	184	438	133	
ortho_right_3.png	110591	237	419	216	
ortho_right_3.png	110808	217	413	233	
ortho_right_3.png	111058	298	418	216	
ortho_right_3.png	111291	319	493	200	
ortho_right_3.png	111491	306	594	233	
ortho_right_3.png	111724	311	538	649	
ortho_right_3.png	112373	308	545	150	
ortho_bottom_5.png	112540	930	185	200	
ortho_bottom_5.png	112740	929	195	183	
ortho_bottom_5.png	112956	885	79	167	
ortho_bottom_5.png	113123	887	80	100	
ortho_bottom_5.png	113239	921	266	283	
ortho_bottom_5.png	113539	984	155	233	
ortho_bottom_5.png	113806	831	632	33	
ortho_bottom_5.png	113839	846	608	200	
ortho_bottom_5.png	114039	820	638	200	
ortho_bottom_5.png	114272	1034	168	283	
ortho_bottom_5.png	114572	1071	75	150	
ortho_bottom_5.png	114722	1069	83	67	
ortho_bottom_5.png	114822	859	72	150	
ortho_bottom_5.png	114988	771	102	83	
ortho_bottom_5.png	115121	852	278	233	
ortho_bottom_5.png	115355	988	342	233	
ortho_bottom_5.png	115604	858	424	100	
ortho_bottom_5.png	115738	1258	422	183	
ortho_bottom_5.png	115954	1365	121	183	
ortho_bottom_5.png	116137	1369	120	100	
ortho_bottom_5.png	116271	1337	234	200	
ortho_bottom_5.png	116470	1349	221	33	
ortho_bottom_5.png	116537	806	519	33	
ortho_bottom_5.png	116570	832	501	200	
ortho_bottom_5.png	116787	812	595	166	
ortho_bottom_5.png	116987	230	548	216	
ortho_bottom_5.png	117220	266	718	33	
ortho_bottom_5.png	117253	260	703	67	
ortho_bottom_5.png	117386	1336	790	50	
ortho_bottom_5.png	117470	1560	837	33	
ortho_bottom_5.png	117503	1539	828	150	
ortho_bottom_5.png	117686	1526	559	117	
ortho_bottom_5.png	117836	821	540	33	
ortho_bottom_5.png	117869	865	540	233	
ortho_bottom_5.png	118119	861	129	33	
ortho_bottom_5.png	118153	854	160	283	
ortho_bottom_5.png	118452	867	356	300	
ortho_bottom_5.png	118752	821	418	233	
ortho_bottom_5.png	118985	854	522	166	
ortho_bottom_5.png	119169	813	590	350	
ortho_bottom_5.png	119568	764	469	83	
ortho_bottom_5.png	119668	592	469	450	
ortho_bottom_5.png	120118	564	473	183	
ortho_bottom_5.png	120318	777	408	67	
ortho_bottom_5.png	120401	766	407	200	
ortho_bottom_5.png	121151	811	314	266	
ortho_bottom_5.png	121417	853	334	350	
ortho_bottom_5.png	121783	865	464	166	
ortho_bottom_5.png	121950	864	461	33	
ortho_bottom_5.png	122000	1061	494	133	
ortho_bottom_5.png	122183	1410	213	33	
ortho_bottom_5.png	122217	1400	214	133	
ortho_bottom_5.png	122400	1397	215	117	
ortho_bottom_5.png	122600	1071	98	133	
ortho_bottom_5.png	122733	1072	106	50	
ortho_bottom_5.png	122799	1009	305	350	
ortho_bottom_5.png	123166	821	427	500	
ortho_bottom_5.png	123665	827	412	233	
ortho_bottom_5.png	123932	673	270	117	
ortho_bottom_5.png	124049	677	278	67	
ortho_bottom_5.png	124149	1238	103	67	
ortho_bottom_5.png	124232	1217	114	166	
ortho_bottom_5.png	124415	1048	135	200	
ortho_bottom_5.png	124632	1077	79	166	
ortho_bottom_5.png	124831	1053	184	216	
ortho_bottom_5.png	125048	1051	242	283	
ortho_bottom_5.png	125331	1071	120	267	
ortho_bottom_5.png	125597	1081	155	200	
ortho_bottom_5.png	125814	1057	268	166	
ortho_bottom_5.png	126014	817	466	150	
ortho_bottom_5.png	126164	834	422	283	
ortho_bottom_5.png	126464	963	343	250	
ortho_bottom_5.png	126730	899	144	266	
ortho_bottom_5.png	127046	844	322	183	
ortho_bottom_5.png	127230	824	409	400	
ortho_bottom_5.png	127630	827	341	67	
ortho_bottom_5.png	127713	836	336	100	
ortho_bottom_5.png	127829	977	323	400	
ortho_right_4.png	128712	123	276	33	
ortho_right_4.png	128746	67	283	216	
ortho_right_4.png	128995	116	815	50	
ortho_right_4.png	129045	121	778	300	
ortho_right_4.png	129345	57	795	283	
ortho_right_4.png	129645	134	830	233	
ortho_right_4.png	129878	174	832	400	
ortho_right_4.png	130294	108	772	316	
ortho_right_4.png	130628	66	819	300	
ortho_right_4.png	130927	136	845	266	
ortho_right_4.png	131211	210	777	333	
ortho_right_4.png	131560	58	798	350	
ortho_right_4.png	131910	143	789	283	
ortho_right_4.png	132226	288	594	83	
ortho_right_4.png	132326	290	446	166	
ortho_right_4.png	132526	153	299	216	
ortho_right_4.png	132743	68	273	150	
ortho_right_4.png	132926	429	123	316	
ortho_right_4.png	133276	376	598	316	
ortho_right_4.png	133609	290	710	267	
ortho_right_4.png	133875	256	697	200	
ortho_right_4.png	134092	132	761	433	
ortho_right_4.png	134542	10	792	300	
ortho_right_4.png	134841	80	801	350	
ortho_right_4.png	135191	60	792	266	
ortho_right_4.png	135491	207	375	83	
ortho_right_4.png	135674	126	417	50	
ortho_right_4.png	135724	118	423	83	
ortho_right_4.png	135841	86	790	183	
ortho_right_4.png	136024	63	824	333	
ortho_right_4.png	136357	118	826	400	
ortho_right_4.png	136773	185	839	466	
ortho_right_4.png	137256	273	732	366	
ortho_right_4.png	137623	269	755	183	
ortho_right_4.png	137806	265	702	250	
ortho_right_4.png	138056	222	701	516	
ortho_right_4.png	138572	271	715	116	
ortho_right_4.png	138689	275	805	233	
ortho_right_4.png	138922	237	804	200	
ortho_right_4.png	139138	149	854	333	
ortho_right_4.png	139488	265	785	633	
ortho_right_4.png	140154	180	477	217	
ortho_right_4.png	140388	482	457	233	
ortho_right_4.png	140637	436	62	166	
ortho_right_4.png	140804	441	78	67	
ortho_right_4.png	140937	330	812	200	
ortho_bottom_4.png	141137	783	773	250	
ortho_bottom_4.png	141420	744	300	33	
ortho_bottom_4.png	141454	745	343	233	
ortho_bottom_4.png	141703	338	355	33	
ortho_bottom_4.png	141737	372	357	167	
ortho_bottom_4.png	141953	153	718	250	
ortho_bottom_4.png	142286	551	81	100	
ortho_bottom_4.png	142386	545	81	100	
ortho_bottom_4.png	142503	862	161	216	
ortho_bottom_4.png	142719	814	176	200	
ortho_bottom_4.png	142969	1554	641	67	
ortho_bottom_4.png	143036	1535	626	117	
ortho_bottom_4.png	143169	1594	639	133	
ortho_bottom_4.png	143319	1528	420	167	
ortho_bottom_4.png	143552	789	102	200	
ortho_bottom_4.png	143752	741	169	200	
ortho_bottom_4.png	143968	692	325	183	
ortho_bottom_4.png	144168	547	333	350	
ortho_bottom_4.png	144551	538	423	133	
ortho_bottom_4.png	144701	739	435	133	
ortho_bottom_4.png	144851	997	458	167	
ortho_bottom_4.png	145018	918	515	233	
ortho_bottom_4.png	145334	733	308	183	
ortho_bottom_4.png	145534	1159	278	133	
ortho_bottom_4.png	145667	1214	179	183	
ortho_bottom_4.png	145867	1075	139	200	
ortho_bottom_4.png	146084	773	139	166	
ortho_bottom_4.png	146267	738	199	50	
ortho_bottom_4.png	146317	735	193	150	
ortho_bottom_4.png	146467	745	257	33	
ortho_bottom_4.png	146500	747	286	183	
ortho_bottom_4.png	146683	775	360	116	
ortho_bottom_4.png	146817	691	437	183	
ortho_bottom_4.png	147000	691	421	383	
ortho_bottom_4.png	147383	698	423	67	
ortho_bottom_4.png	147466	659	356	167	
ortho_bottom_4.png	147649	530	209	50	
ortho_bottom_4.png	147699	553	206	67	
ortho_bottom_4.png	147766	550	212	117	
ortho_bottom_4.png	147899	464	371	166	
ortho_bottom_4.png	148082	707	411	383	
ortho_right_5.png	148482	409	441	233	
ortho_right_5.png	148749	300	67	183	
ortho_right_5.png	148932	240	81	167	
ortho_right_5.png	149115	85	167	300	
ortho_right_5.png	149415	124	150	233	
ortho_right_5.png	149648	196	185	50	
ortho_right_5.png	149715	196	189	266	
ortho_right_5.png	149981	240	204	217	
ortho_right_5.png	150198	286	225	216	
ortho_right_5.png	150581	268	247	100	
ortho_right_5.png	150681	276	235	50	
ortho_right_5.png	150747	103	307	283	
ortho_right_5.png	151030	157	375	233	
ortho_right_5.png	151280	235	378	233	
ortho_right_5.png	151530	113	301	133	
ortho_right_5.png	151680	115	298	200	
ortho_right_5.png	151896	215	320	67	
ortho_right_5.png	151963	216	312	400	
ortho_right_5.png	152379	176	544	217	
ortho_right_5.png	152613	70	708	300	
ortho_right_5.png	152946	320	814	183	
ortho_right_5.png	153129	436	857	216	
ortho_right_5.png	153379	244	550	183	
ortho_right_5.png	153562	220	516	300	
ortho_right_5.png	153895	105	356	433	
ortho_right_5.png	154328	169	323	316	
ortho_right_5.png	154644	216	320	183	
ortho_right_5.png	154828	254	292	150	
ortho_right_5.png	154994	282	198	183	
ortho_right_5.png	155177	178	203	33	
ortho_right_5.png	155211	180	205	366	
ortho_right_5.png	155594	267	228	600	
ortho_right_5.png	156194	265	232	33	
ortho_right_5.png	156227	328	224	117	
ortho_right_5.png	156343	333	84	33	
ortho_right_5.png	156377	339	67	116	
ortho_right_5.png	156493	342	67	200	
ortho_right_5.png	156760	417	706	217	
ortho_right_5.png	156976	447	864	266	
ortho_right_5.png	157243	360	867	483	
ortho_bottom_3.png	157759	753	404	183	
ortho_bottom_3.png	157942	756	352	216	
ortho_bottom_3.png	158192	726	768	33	
ortho_bottom_3.png	158225	727	740	233	
ortho_bottom_3.png	158509	218	551	83	
ortho_bottom_3.png	158592	227	553	67	
ortho_bottom_3.png	158675	76	768	150	
ortho_bottom_3.png	158825	75	768	33	
ortho_bottom_3.png	158892	264	329	183	
ortho_bottom_3.png	159108	470	138	183	
ortho_bottom_3.png	159341	945	350	100	
ortho_bottom_3.png	159591	1506	468	67	
ortho_bottom_3.png	159658	1517	469	67	
ortho_bottom_3.png	159741	1541	430	117	
ortho_bottom_3.png	159891	1069	312	150	
ortho_bottom_3.png	160041	1078	315	67	
ortho_bottom_3.png	160141	1312	143	250	
ortho_bottom_3.png	160391	1352	153	100	
ortho_bottom_3.png	160490	1352	144	183	
ortho_bottom_3.png	160690	1234	89	217	
ortho_bottom_3.png	160940	1187	265	150	
ortho_bottom_3.png	161107	1343	290	116	
ortho_bottom_3.png	161223	1337	294	67	
ortho_bottom_3.png	161307	1329	401	150	
ortho_bottom_3.png	161473	1297	447	133	
ortho_bottom_3.png	161606	1305	438	67	
ortho_bottom_3.png	161690	1307	129	66	
ortho_bottom_3.png	161806	1313	141	100	
ortho_bottom_3.png	161923	1313	140	33	
ortho_bottom_3.png	161989	1033	120	200	
ortho_bottom_3.png	162189	1030	125	33	
ortho_bottom_3.png	162239	913	291	166	
ortho_bottom_3.png	162406	920	278	67	
ortho_bottom_3.png	162489	978	412	183	
ortho_bottom_3.png	162689	770	403	283	
ortho_bottom_3.png	163022	1040	591	1016	
ortho_bottom_3.png	164071	1452	605	133	
ortho_bottom_3.png	164221	1560	591	150	
ortho_bottom_3.png	164404	919	775	150	
ortho_bottom_3.png	164571	807	872	266	
ortho_bottom_3.png	164871	673	557	383	
ortho_right_6.png	165271	225	473	300	
ortho_right_6.png	165770	93	132	167	
ortho_right_6.png	165937	162	130	67	
ortho_right_6.png	166003	175	87	233	
ortho_right_6.png	166253	274	78	167	
ortho_right_6.png	166436	275	232	50	
ortho_right_6.png	166486	276	224	50	
ortho_right_6.png	166536	273	234	33	
ortho_right_6.png	166586	272	226	216	
ortho_right_6.png	166820	264	95	166	
ortho_right_6.png	166986	206	88	117	
ortho_right_6.png	167169	270	293	433	
ortho_right_6.png	167619	103	275	300	
ortho_right_6.png	167935	282	275	366	
ortho_right_6.png	168318	273	493	250	
ortho_right_6.png	168585	324	592	283	
ortho_right_6.png	168885	376	675	166	
ortho_right_6.png	169068	210	731	216	
ortho_right_6.png	169301	411	846	799	
ortho_right_6.png	170101	465	863	117	
ortho_right_6.png	170217	463	863	100	
ortho_right_6.png	170317	480	875	83	
ortho_right_6.png	170400	485	876	300	
ortho_right_6.png	170717	511	524	100	
ortho_right_6.png	170867	503	541	67	
ortho_right_6.png	170933	498	480	583	
ortho_right_6.png	171566	414	873	716	
ortho_bottom_2.png	172316	1000	463	366	
ortho_bottom_2.png	172715	746	478	250	
ortho_bottom_2.png	172965	751	473	167	
ortho_bottom_2.png	173149	780	759	216	
ortho_bottom_2.png	173382	876	795	350	
ortho_bottom_2.png	173965	928	467	50	
ortho_bottom_2.png	174048	929	475	67	
ortho_bottom_2.png	174115	835	456	33	
ortho_bottom_2.png	174198	801	932	166	
ortho_bottom_2.png	174414	196	851	183	
ortho_bottom_2.png	174598	145	811	216	
ortho_bottom_2.png	174864	516	215	33	
ortho_bottom_2.png	174897	494	248	750	
ortho_bottom_2.png	175664	267	233	166	
ortho_bottom_2.png	175830	256	259	50	
ortho_bottom_2.png	175880	256	258	233	
ortho_bottom_2.png	176113	256	259	216	
ortho_bottom_2.png	176330	254	254	683	
ortho_bottom_2.png	177013	262	263	250	
ortho_bottom_2.png	177279	391	257	183	
ortho_bottom_2.png	177496	347	387	217	
ortho_bottom_2.png	177729	462	308	250	
ortho_bottom_2.png	178012	272	261	233	
ortho_bottom_2.png	178295	205	679	200	
ortho_bottom_2.png	178512	101	808	233	
ortho_bottom_2.png	178828	1247	747	183	
ortho_bottom_2.png	179045	1389	512	33	
ortho_bottom_2.png	179078	1387	512	100	
ortho_bottom_2.png	179211	1454	233	50	
ortho_bottom_2.png	179261	1442	258	33	
ortho_bottom_2.png	179294	1450	250	83	
ortho_bottom_2.png	179394	1453	246	50	
ortho_bottom_2.png	179461	1408	12	150	
ortho_bottom_2.png	179710	1548	270	33	
ortho_bottom_2.png	179777	1541	260	83	
ortho_bottom_2.png	179927	1570	249	33	
ortho_bottom_2.png	179960	1554	241	83	
ortho_bottom_2.png	180093	1548	418	50	
ortho_bottom_2.png	180177	1538	416	50	
ortho_bottom_2.png	180227	1539	438	33	
ortho_bottom_2.png	180260	1513	442	50	
ortho_bottom_2.png	180327	1514	480	67	
ortho_bottom_2.png	180393	1508	485	33	
ortho_bottom_2.png	180460	1362	535	33	
ortho_bottom_2.png	180493	1324	534	33	
ortho_bottom_2.png	180543	1190	576	50	
ortho_bottom_2.png	180593	1204	564	33	
ortho_bottom_2.png	180693	513	255	167	
ortho_bottom_2.png	180877	316	264	233	
ortho_bottom_2.png	181126	412	469	216	
ortho_bottom_2.png	181360	644	508	167	
ortho_bottom_2.png	181526	581	513	300	
ortho_bottom_2.png	181843	729	588	200	
ortho_bottom_2.png	182059	919	600	233	
ortho_bottom_2.png	182309	1125	534	216	
ortho_bottom_2.png	182542	1243	547	33	
ortho_bottom_2.png	182575	1247	538	150	
ortho_bottom_2.png	182742	1164	565	183	
ortho_bottom_2.png	182959	715	655	183	
ortho_bottom_2.png	183142	706	659	167	
ortho_bottom_2.png	183342	927	668	266	
ortho_bottom_2.png	183675	203	638	33	
ortho_bottom_2.png	183708	232	643	216	
ortho_bottom_2.png	183941	304	565	200	
ortho_bottom_2.png	184158	562	524	150	
ortho_bottom_2.png	184341	392	302	233	
ortho_bottom_2.png	184591	280	258	200	
ortho_bottom_2.png	184824	401	466	200	
ortho_bottom_2.png	185040	829	629	183	
ortho_bottom_2.png	185240	923	666	133	
ortho_bottom_2.png	185424	1505	337	33	
ortho_bottom_2.png	185457	1468	364	216	
ortho_bottom_2.png	185690	1343	530	33	
ortho_bottom_2.png	185723	1349	516	350	
ortho_bottom_2.png	186106	857	630	250	
ortho_bottom_2.png	186373	712	612	150	
ortho_bottom_2.png	186523	705	600	183	
ortho_bottom_2.png	186723	940	634	183	
ortho_bottom_2.png	186922	1254	546	183	
ortho_bottom_2.png	187106	1311	565	166	
ortho_bottom_2.png	187272	1352	562	100	
ortho_bottom_2.png	187372	1166	558	200	
ortho_bottom_2.png	187572	1162	501	233	
ortho_bottom_2.png	187805	1161	506	200	
ortho_bottom_2.png	188005	1221	504	150	
ortho_bottom_2.png	188172	1377	500	233	
ortho_bottom_2.png	188438	1431	246	150	
ortho_bottom_2.png	188588	1419	261	50	
ortho_bottom_2.png	188655	1429	261	33	
ortho_bottom_2.png	188705	1380	40	33	
ortho_bottom_2.png	188738	1373	16	50	
ortho_bottom_2.png	188871	1518	14	67	
ortho_bottom_2.png	188954	1508	17	33	
ortho_bottom_2.png	189054	491	128	116	
ortho_bottom_2.png	189187	290	151	50	
ortho_bottom_2.png	189271	125	269	50	
ortho_bottom_2.png	189321	144	256	67	
ortho_bottom_2.png	189437	263	433	67	
ortho_bottom_2.png	189504	251	427	34	
ortho_bottom_2.png	189554	611	565	216	
ortho_bottom_2.png	189787	719	613	133	
ortho_bottom_2.png	189937	916	664	383	
ortho_bottom_2.png	190337	709	614	200	
ortho_bottom_2.png	190553	830	787	133	
ortho_bottom_2.png	190687	885	750	183	
ortho_left_1.png	190886	345	637	283	
ortho_left_1.png	191170	296	531	200	
ortho_left_1.png	191386	85	420	233	
ortho_left_1.png	191636	106	124	300	
ortho_left_1.png	191986	162	563	167	
ortho_left_1.png	192169	433	575	200	
ortho_left_1.png	192369	411	595	300	
ortho_left_1.png	192669	410	591	50	
ortho_left_1.png	192752	350	787	33	
ortho_left_1.png	192785	367	809	33	
ortho_left_1.png	192818	375	782	216	
ortho_left_1.png	193052	254	837	566	
ortho_left_1.png	193618	187	841	167	
ortho_left_1.png	193818	132	243	33	
ortho_left_1.png	193851	132	290	67	
ortho_left_1.png	193934	58	33	33	
ortho_left_1.png	193968	74	61	266	
ortho_left_1.png	194251	134	94	150	
ortho_left_1.png	194434	142	71	50	
ortho_left_1.png	194501	215	227	383	
ortho_left_1.png	194884	190	232	33	
ortho_left_1.png	194934	145	234	266	
ortho_left_1.png	195200	124	166	216	
ortho_left_1.png	195433	124	161	83	
ortho_left_1.png	195717	-18	293	50	
ortho_left_1.png	195816	62	422	50	
ortho_left_1.png	195883	35	575	100	
ortho_left_1.png	195983	68	515	1582	
ortho_bottom_1.png	197582	666	486	183	
ortho_bottom_1.png	197798	798	895	200	
ortho_bottom_1.png	198048	323	772	183	
ortho_bottom_1.png	198248	341	612	50	
ortho_bottom_1.png	198331	346	630	100	
ortho_bottom_1.png	198431	359	606	200	
ortho_bottom_1.png	198631	375	709	200	
ortho_bottom_1.png	198848	340	641	100	
ortho_bottom_1.png	198964	346	637	217	
ortho_bottom_1.png	199197	276	706	150	
ortho_bottom_1.png	199347	278	704	100	
ortho_bottom_1.png	199464	393	682	83	
ortho_bottom_1.png	199597	829	819	183	
ortho_bottom_1.png	199814	398	804	183	
ortho_bottom_1.png	200013	914	816	33	
ortho_bottom_1.png	200047	883	804	200	
ortho_bottom_1.png	200280	1168	484	133	
ortho_bottom_1.png	200430	1307	379	233	
ortho_bottom_1.png	200696	1036	161	200	
ortho_bottom_1.png	200896	1049	261	283	
ortho_bottom_1.png	201179	1056	260	33	
ortho_bottom_1.png	201229	1047	258	167	
ortho_bottom_1.png	201429	1039	578	33	
ortho_bottom_1.png	201496	870	789	166	
ortho_bottom_1.png	201662	849	826	100	
ortho_bottom_1.png	201829	350	742	216	
ortho_bottom_1.png	202062	307	638	167	
ortho_bottom_1.png	202229	333	611	200	
ortho_bottom_1.png	202428	356	729	400	
ortho_bottom_1.png	202828	346	662	116	
ortho_bottom_1.png	202945	351	665	67	
ortho_bottom_1.png	203045	802	792	150	
ortho_bottom_1.png	203211	863	823	150	
ortho_bottom_1.png	203411	307	602	33	
ortho_bottom_1.png	203445	335	608	233	
ortho_bottom_1.png	203678	332	677	250	
ortho_bottom_1.png	203928	251	761	216	
ortho_bottom_1.png	204194	848	822	133	
ortho_bottom_1.png	204327	859	817	433	
ortho_bottom_1.png	204794	1003	708	150	
ortho_bottom_1.png	204943	974	730	100	
ortho_bottom_1.png	205077	511	738	150	
ortho_bottom_1.png	205243	390	731	699	
ortho_left_2.png	205976	207	496	266	
ortho_left_2.png	206276	361	417	167	
ortho_left_2.png	206442	467	411	216	
ortho_left_2.png	206676	390	619	200	
ortho_left_2.png	206892	414	574	150	
ortho_left_2.png	207075	392	797	250	
ortho_left_2.png	207342	480	772	383	
ortho_left_2.png	207742	313	742	350	
ortho_left_2.png	208091	271	742	183	
ortho_left_2.png	208275	273	636	183	
ortho_left_2.png	208458	256	686	183	
ortho_left_2.png	208641	216	650	600	
ortho_left_2.png	209274	202	403	150	
ortho_left_2.png	209424	178	429	550	
ortho_left_2.png	209990	180	427	117	
ortho_left_2.png	210107	147	460	83	
ortho_left_2.png	210190	153	540	300	
ortho_left_2.png	210490	179	508	166	
ortho_left_2.png	210673	183	266	100	
ortho_left_2.png	210773	171	152	33	
ortho_left_2.png	210806	179	126	67	
ortho_left_2.png	210873	175	144	216	
ortho_left_2.png	211089	179	148	133	
ortho_left_2.png	211239	-23	10	67	
ortho_left_2.png	211822	392	210	216	
ortho_left_2.png	212055	183	402	33	
ortho_left_2.png	212089	196	382	250	
ortho_left_2.png	212372	244	627	33	
ortho_left_2.png	212405	247	603	100	
ortho_left_2.png	212522	384	717	200	
ortho_left_2.png	212738	481	727	183	
ortho_left_2.png	212938	298	741	350	
ortho_left_2.png	213288	300	715	150	
ortho_left_2.png	213454	278	665	283	
ortho_left_2.png	213738	258	668	333	
ortho_left_2.png	214087	123	549	183	
ortho_left_2.png	214271	165	545	816	
ortho_left_2.png	215103	206	449	200	
ortho_left_2.png	215303	223	436	283	
ortho_left_2.png	215603	198	693	166	
ortho_left_2.png	215769	235	686	183	
ortho_left_2.png	215953	227	771	183	
ortho_left_2.png	216136	240	675	233	
ortho_left_2.png	216369	270	682	117	
ortho_left_2.png	216502	165	540	366	
ortho_left_2.png	216885	340	467	200	
ortho_left_2.png	217085	248	447	167	
ortho_left_2.png	217268	389	562	283	
ortho_left_2.png	217568	287	546	433	
ortho_left_6.png	218651	146	489	33	
ortho_left_6.png	218684	64	475	33	
ortho_left_6.png	218817	136	94	250	
ortho_left_6.png	219100	343	190	150	
ortho_left_6.png	219267	496	259	250	
ortho_left_6.png	219517	464	221	350	
ortho_left_6.png	219883	353	343	366	
ortho_left_6.png	220250	483	357	333	
ortho_left_6.png	220583	452	447	500	
ortho_left_6.png	221099	286	378	250	
ortho_left_6.png	221382	336	644	300	
ortho_left_6.png	221682	337	683	200	
ortho_left_6.png	221899	126	793	200	
ortho_left_6.png	222115	362	667	200	
ortho_left_6.png	222332	254	508	400	
ortho_left_6.png	222731	224	479	416	
ortho_left_6.png	223181	121	801	216	
ortho_left_6.png	223398	188	823	216	
ortho_left_6.png	223614	158	873	250	
ortho_left_6.png	223931	130	62	83	
ortho_left_6.png	224031	129	88	33	
ortho_left_6.png	224064	132	100	67	
ortho_left_6.png	224147	261	231	67	
ortho_left_6.png	224230	242	540	200	
ortho_left_6.png	224430	238	493	233	
ortho_left_6.png	224663	233	502	616	
ortho_left_6.png	225313	267	185	316	
ortho_left_3.png	225646	222	507	333	
ortho_left_3.png	225996	203	293	117	
ortho_left_3.png	226112	195	306	100	
ortho_left_3.png	226229	253	236	216	
ortho_left_3.png	226462	347	199	483	
ortho_left_3.png	226979	258	207	266	
ortho_left_3.png	227278	166	156	200	
ortho_left_3.png	227495	100	94	366	
ortho_left_3.png	227878	367	209	466	
ortho_left_3.png	228361	148	216	250	
ortho_left_3.png	228611	227	186	267	
ortho_left_3.png	228877	219	192	50	
ortho_left_3.png	228961	76	179	166	
ortho_left_3.png	229144	58	430	150	
ortho_left_3.png	229310	67	522	366	
ortho_left_3.png	229710	406	632	217	
ortho_left_3.png	229943	269	789	200	
ortho_left_3.png	230176	81	489	216	
ortho_left_3.png	230459	69	65	100	
ortho_left_3.png	230559	81	75	166	
ortho_left_3.png	230743	191	102	200	
ortho_left_3.png	230959	241	97	67	
ortho_left_3.png	231026	239	85	117	
ortho_left_3.png	231176	69	517	916	
ortho_left_5.png	232125	264	160	100	
ortho_left_5.png	232225	253	168	117	
ortho_left_5.png	232342	258	174	266	
ortho_left_5.png	232641	415	379	216	
ortho_left_5.png	232875	255	430	67	
ortho_left_5.png	232941	264	425	167	
ortho_left_5.png	233124	63	479	333	
ortho_left_5.png	234124	4	130	50	
ortho_left_5.png	234224	257	255	50	
ortho_left_5.png	234274	326	227	150	
ortho_left_5.png	234457	448	375	200	
ortho_left_5.png	234657	441	374	117	
ortho_left_5.png	234790	394	574	233	
ortho_left_5.png	235806	404	257	283	
ortho_left_5.png	236106	444	448	233	
ortho_left_5.png	236372	520	634	416	
ortho_left_5.png	236805	457	345	283	
ortho_left_5.png	237122	403	175	250	
ortho_left_5.png	237405	413	718	250	
ortho_left_5.png	237671	455	776	233	
ortho_left_5.png	237938	491	680	183	
ortho_left_5.png	238154	375	680	283	
ortho_left_5.png	238437	358	662	433	
ortho_left_5.png	238870	326	671	200	
ortho_left_5.png	239070	307	708	533	
ortho_left_5.png	239603	255	721	866	
ortho_left_5.png	240503	37	450	33	
ortho_left_5.png	240536	29	462	33	
ortho_left_5.png	240952	78	33	33	
ortho_left_5.png	241285	35	127	33	
ortho_left_5.png	241402	83	848	50	
ortho_left_5.png	241452	21	789	33	
ortho_left_5.png	241519	87	813	50	
ortho_left_5.png	241652	123	857	33	
ortho_left_5.png	241719	126	861	33	
ortho_left_5.png	241768	128	869	67	
ortho_left_4.png	242002	194	861	33	
ortho_left_4.png	242068	205	878	67	
ortho_left_4.png	242185	245	207	33	
ortho_left_4.png	242218	238	258	183	
ortho_left_4.png	242418	228	97	100	
ortho_left_4.png	242518	225	91	33	
ortho_left_4.png	242568	228	97	83	
ortho_left_4.png	242701	417	-67	33	
ortho_left_4.png	242934	583	416	33	
ortho_left_4.png	242968	484	373	133	
ortho_left_4.png	243101	520	359	166	
ortho_left_4.png	243267	477	281	266	
ortho_left_4.png	243567	422	241	566	
ortho_left_4.png	244134	358	227	150	
ortho_left_4.png	244283	362	213	33	
ortho_left_4.png	244317	355	250	33	
ortho_left_4.png	244583	446	232	67	
ortho_left_4.png	244717	279	217	50	
ortho_left_4.png	244783	284	218	200	
ortho_left_4.png	245000	435	253	300	
ortho_left_4.png	245299	418	258	33	
ortho_left_4.png	245333	412	245	433	
ortho_left_4.png	245766	332	223	316	
ortho_left_4.png	246082	332	229	250	
ortho_left_4.png	246349	428	226	33	
ortho_left_4.png	246382	441	229	33	
ortho_left_4.png	246415	434	239	200	
ortho_left_4.png	246632	406	228	266	
ortho_left_4.png	246898	313	222	550	
ortho_left_4.png	247448	397	233	166	
ortho_left_4.png	247631	429	234	350	
ortho_left_4.png	247981	401	232	33	
ortho_left_4.png	248031	401	226	283	
ortho_left_4.png	248331	317	222	250	
ortho_left_4.png	248597	279	239	167	
ortho_left_4.png	248780	463	270	766	
ortho_left_4.png	249563	265	267	533	
ortho_left_4.png	250096	221	452	316	
ortho_left_4.png	250429	457	415	183	
ortho_left_4.png	250629	497	375	166	
ortho_left_4.png	250812	365	351	400	
ortho_left_4.png	251212	376	316	200	
ortho_left_4.png	251412	420	318	649	
ortho_left_4.png	252078	449	382	200	
ortho_left_4.png	252278	492	375	150	
ortho_left_4.png	252461	350	718	266	
ortho_left_4.png	252744	167	840	250	
ortho_left_4.png	252994	245	839	200	
ortho_left_4.png	253261	103	113	133	
ortho_left_4.png	253394	96	49	50	
ortho_left_4.png	253444	99	59	250	
ortho_left_4.png	253727	275	466	217	
ortho_left_4.png	253960	430	417	266	
ortho_left_4.png	254227	465	417	133	
ortho_left_4.png	254360	485	360	150	
ortho_left_4.png	254526	302	358	533	
ortho_left_4.png	255093	277	287	200	
ortho_left_4.png	255326	304	268	183	
ortho_left_4.png	255509	408	262	250	
ortho_left_4.png	255775	240	306	167	
ortho_left_4.png	255975	202	483	183	
ortho_left_4.png	256159	215	465	550	
ortho_left_4.png	256708	286	484	183	
ortho_left_4.png	256908	402	408	167	
ortho_left_4.png	257075	450	356	250	
ortho_left_4.png	257341	331	327	200	
ortho_left_4.png	257558	390	305	216	
ortho_left_4.png	257791	301	219	133	
