ortho_right_6.png	82	300	432	83	
ortho_right_6.png	248	293	423	233	
ortho_right_6.png	482	246	439	100	
ortho_right_6.png	598	466	474	217	
ortho_right_6.png	848	243	696	233	
ortho_right_6.png	1148	120	171	33	
ortho_right_6.png	1231	126	174	67	
ortho_right_6.png	1314	221	-49	183	
ortho_right_6.png	1498	269	-28	83	
ortho_right_6.png	1780	303	17	116	
ortho_right_6.png	1914	308	-55	34	
ortho_right_6.png	1947	288	-52	233	
ortho_right_6.png	2264	287	-43	50	
ortho_right_6.png	2330	179	-22	200	
ortho_right_6.png	2580	269	822	266	
ortho_right_6.png	2863	123	770	117	
ortho_right_6.png	3013	398	880	183	
ortho_right_6.png	3280	392	889	183	
ortho_right_6.png	3463	430	896	666	
ortho_right_6.png	4129	440	888	83	
ortho_right_6.png	4279	498	510	166	
ortho_right_6.png	4446	473	499	266	
ortho_right_6.png	4779	430	884	183	
ortho_right_6.png	4962	418	890	266	
ortho_right_6.png	5328	395	903	699	
ortho_right_6.png	6028	427	903	216	
ortho_right_6.png	6344	416	899	383	
ortho_right_6.png	6727	383	895	416	
ortho_right_6.png	7144	414	896	100	
ortho_right_6.png	7294	424	901	350	
ortho_right_6.png	7693	479	604	67	
ortho_right_6.png	7777	484	521	133	
ortho_right_6.png	7910	480	491	350	
ortho_right_6.png	8310	487	483	966	
ortho_right_6.png	9326	489	477	350	
ortho_left_1.png	9992	214	199	33	
ortho_left_1.png	10075	87	262	50	
ortho_left_1.png	10125	110	285	133	
ortho_left_1.png	10258	11	406	33	
ortho_left_1.png	10342	18	420	67	
ortho_left_1.png	10408	13	478	150	
ortho_left_1.png	10791	69	54	67	
ortho_left_1.png	10858	40	67	133	
ortho_left_1.png	11058	40	-31	33	
ortho_left_1.png	11108	39	-33	33	
ortho_left_1.png	11191	90	-25	100	
ortho_left_1.png	11341	128	205	34	
ortho_left_1.png	11374	112	203	166	
ortho_left_1.png	11607	145	781	233	
ortho_left_1.png	11857	185	641	150	
ortho_left_1.png	12057	167	407	67	
ortho_left_1.png	12124	182	271	166	
ortho_left_1.png	12357	190	214	83	
ortho_left_1.png	12690	178	176	183	
ortho_left_1.png	12890	193	122	183	
ortho_left_1.png	13090	215	190	233	
ortho_left_1.png	13389	171	192	333	
ortho_left_1.png	13739	101	119	366	
ortho_left_1.png	14106	104	128	216	
ortho_left_1.png	14422	106	129	167	
ortho_left_1.png	14855	91	212	133	
ortho_left_1.png	14988	76	200	67	
ortho_left_1.png	15072	52	434	167	
ortho_left_1.png	15255	57	497	83	
ortho_left_1.png	15422	51	505	166	
ortho_left_1.png	15605	184	545	217	
ortho_left_1.png	15855	265	783	216	
ortho_left_1.png	16088	428	655	150	
ortho_left_1.png	16254	438	541	100	
ortho_left_1.png	16487	58	437	133	
ortho_left_1.png	16654	108	188	183	
ortho_left_1.png	16854	185	197	150	
ortho_left_1.png	17020	70	45	200	
ortho_left_1.png	17270	88	17	50	
ortho_left_1.png	17436	58	510	933	
ortho_left_1.png	18453	57	530	316	
ortho_right_5.png	18802	357	494	117	
ortho_right_5.png	19069	321	154	167	
ortho_right_5.png	19269	376	848	117	
ortho_right_5.png	19469	386	859	366	
ortho_right_5.png	19885	246	525	216	
ortho_right_5.png	20118	133	520	100	
ortho_right_5.png	20218	42	535	166	
ortho_right_5.png	20468	192	775	383	
ortho_right_5.png	20884	24	762	283	
ortho_right_5.png	21201	104	532	166	
ortho_right_5.png	21584	77	393	100	
ortho_right_5.png	21701	87	294	216	
ortho_right_5.png	21934	173	180	166	
ortho_right_5.png	22100	188	142	133	
ortho_right_5.png	22250	177	164	167	
ortho_right_5.png	22467	176	167	33	
ortho_right_5.png	22500	227	203	167	
ortho_right_5.png	22700	221	460	350	
ortho_right_5.png	23283	187	185	33	
ortho_right_5.png	23333	186	182	83	
ortho_right_5.png	23499	231	180	416	
ortho_right_5.png	24266	210	160	133	
ortho_right_5.png	24399	242	164	33	
ortho_right_5.png	24532	271	195	50	
ortho_right_5.png	24848	287	220	150	
ortho_right_5.png	24998	292	191	316	
ortho_right_5.png	25331	280	417	117	
ortho_right_5.png	25498	277	418	83	
ortho_right_5.png	25598	139	392	216	
ortho_right_5.png	25831	90	350	400	
ortho_right_5.png	26247	167	310	200	
ortho_right_5.png	26531	143	312	250	
ortho_right_5.png	26797	214	288	283	
ortho_right_5.png	27080	259	214	150	
ortho_right_5.png	27397	268	207	67	
ortho_right_5.png	27597	103	545	216	
ortho_right_5.png	27813	97	467	200	
ortho_right_5.png	28046	245	743	166	
ortho_right_5.png	28246	23	746	233	
ortho_right_5.png	28562	175	265	150	
ortho_right_5.png	28712	202	262	166	
ortho_right_5.png	28879	58	304	333	
ortho_right_5.png	29229	183	273	183	
ortho_right_5.png	29412	242	212	67	
ortho_right_5.png	29562	253	211	366	
ortho_right_5.png	30078	189	194	117	
ortho_right_5.png	30195	205	194	200	
ortho_right_5.png	30395	261	192	100	
ortho_right_5.png	30578	214	83	316	
ortho_right_5.png	30894	265	10	333	
ortho_right_5.png	31227	177	50	33	
ortho_right_5.png	31277	175	54	67	
ortho_right_5.png	31344	185	95	33	
ortho_right_5.png	31610	320	5	167	
ortho_right_5.png	31794	368	0	200	
ortho_right_5.png	32043	444	691	150	
ortho_right_5.png	32227	454	881	200	
ortho_right_5.png	32426	397	887	117	
ortho_right_5.png	32876	187	139	67	
ortho_right_5.png	32943	164	142	83	
ortho_right_5.png	33026	189	154	100	
ortho_right_5.png	33143	255	189	117	
ortho_right_5.png	33859	230	169	250	
ortho_right_5.png	34109	258	192	416	
ortho_right_5.png	34542	117	342	33	
ortho_right_5.png	34608	113	345	133	
ortho_right_5.png	34742	96	325	250	
ortho_right_5.png	35008	113	318	167	
ortho_right_5.png	35175	72	464	250	
ortho_right_5.png	35441	97	291	133	
ortho_right_5.png	35624	95	291	67	
ortho_right_5.png	35691	77	310	166	
ortho_right_5.png	35857	99	314	683	
ortho_right_5.png	36540	124	314	50	
ortho_right_5.png	36640	101	317	550	
ortho_right_5.png	37190	61	327	233	
ortho_right_5.png	37556	130	313	33	
ortho_right_5.png	37640	110	312	849	
ortho_right_5.png	38489	162	329	116	
ortho_right_5.png	38656	156	330	133	
ortho_right_5.png	38789	153	347	400	
ortho_right_5.png	39188	59	311	383	
ortho_right_5.png	39755	57	308	883	
ortho_right_5.png	40688	57	316	33	
ortho_right_5.png	40721	99	321	583	
ortho_right_5.png	41304	60	316	216	
ortho_right_5.png	41520	27	259	117	
ortho_right_5.png	41687	28	255	33	
ortho_right_5.png	41720	-4	237	117	
ortho_right_5.png	41987	118	323	316	
ortho_right_5.png	42320	162	349	333	
ortho_right_5.png	42703	169	354	50	
ortho_right_5.png	42753	247	376	250	
ortho_right_5.png	43019	283	460	200	
ortho_right_5.png	43219	289	491	183	
ortho_right_5.png	43552	93	281	117	
ortho_right_5.png	43702	74	308	117	
ortho_right_5.png	43835	70	312	833	
ortho_right_5.png	44718	73	308	266	
ortho_right_5.png	45218	122	343	33	
ortho_right_5.png	45268	116	345	150	
ortho_right_5.png	45468	122	302	216	
ortho_right_5.png	45734	107	312	966	
ortho_right_5.png	46900	80	301	799	
ortho_right_5.png	47749	97	297	316	
ortho_right_5.png	48082	161	293	216	
ortho_right_5.png	48782	138	267	50	
ortho_right_5.png	48832	77	274	416	
ortho_right_5.png	49248	96	300	233	
ortho_right_5.png	49482	147	310	250	
ortho_right_5.png	49781	143	309	33	
ortho_right_5.png	50014	177	341	167	
ortho_right_5.png	50181	178	319	33	
ortho_right_5.png	50214	158	315	333	
ortho_right_5.png	50547	112	307	200	
ortho_right_5.png	50797	107	308	966	
ortho_right_5.png	51813	103	313	216	
ortho_right_5.png	52030	77	332	200	
ortho_right_5.png	52230	123	328	133	
ortho_right_5.png	52513	104	288	250	
ortho_right_5.png	52813	112	304	150	
ortho_right_5.png	52963	108	332	300	
ortho_right_5.png	53262	111	320	333	
ortho_right_5.png	53595	159	331	183	
ortho_right_5.png	53829	173	338	200	
ortho_right_5.png	54228	197	283	183	
ortho_right_5.png	54411	221	279	283	
ortho_right_5.png	54695	175	331	100	
ortho_right_5.png	54845	178	325	83	
ortho_right_5.png	54944	124	322	716	
ortho_right_5.png	55661	149	331	133	
ortho_right_5.png	55977	170	335	533	
ortho_right_5.png	56510	195	318	183	
ortho_right_5.png	56693	228	285	116	
ortho_right_5.png	56860	228	278	50	
ortho_right_5.png	56926	256	228	383	
ortho_right_5.png	57493	208	162	133	
ortho_right_5.png	57626	241	177	50	
ortho_right_5.png	57676	263	184	100	
ortho_right_5.png	57792	148	242	33	
ortho_right_5.png	57859	151	248	133	
ortho_right_5.png	57992	145	246	150	
ortho_right_5.png	58142	66	220	100	
ortho_right_5.png	58259	257	188	566	
ortho_right_5.png	58875	260	193	550	
ortho_right_5.png	59441	304	49	100	
ortho_right_5.png	59558	325	-18	166	
ortho_left_2.png	59958	278	185	183	
ortho_left_2.png	60141	247	187	33	
ortho_left_2.png	60557	305	52	34	
ortho_left_2.png	60607	279	64	50	
ortho_left_2.png	60824	247	79	33	
ortho_left_2.png	60907	246	75	233	
ortho_left_2.png	61157	386	142	117	
ortho_left_2.png	61456	432	156	166	
ortho_left_2.png	61640	413	170	233	
ortho_left_2.png	61923	396	160	366	
ortho_left_2.png	62322	288	520	367	
ortho_left_2.png	62706	227	641	133	
ortho_left_2.png	63072	301	726	83	
ortho_left_2.png	63172	338	886	266	
ortho_left_2.png	63455	467	764	150	
ortho_left_2.png	63639	333	538	183	
ortho_left_2.png	63822	365	505	67	
ortho_left_2.png	63938	361	507	83	
ortho_left_2.png	64022	311	515	150	
ortho_left_2.png	64205	318	193	383	
ortho_left_2.png	64621	372	487	266	
ortho_left_2.png	64971	399	513	100	
ortho_left_2.png	65321	395	517	583	
ortho_left_2.png	66004	397	521	33	
ortho_left_2.png	66037	352	527	433	
ortho_left_2.png	66470	299	554	400	
ortho_left_2.png	66870	264	539	50	
ortho_left_2.png	66970	266	543	100	
ortho_left_2.png	67186	346	495	450	
ortho_left_2.png	67653	261	473	266	
ortho_left_2.png	67969	257	478	33	
ortho_left_2.png	68019	260	396	233	
ortho_left_2.png	68485	240	347	183	
ortho_left_2.png	68668	210	365	166	
ortho_left_2.png	68835	202	398	100	
ortho_left_2.png	68985	204	397	400	
ortho_left_2.png	69401	233	288	133	
ortho_left_2.png	69535	247	232	150	
ortho_left_2.png	69718	212	377	166	
ortho_left_2.png	69918	258	193	33	
ortho_left_2.png	70001	258	190	166	
ortho_left_2.png	70184	375	217	283	
ortho_left_2.png	70467	446	239	133	
ortho_left_2.png	71067	265	162	233	
ortho_left_2.png	71317	401	167	250	
ortho_left_2.png	71566	326	158	350	
ortho_left_2.png	71916	358	182	50	
ortho_left_2.png	72016	354	178	100	
ortho_left_2.png	72116	289	207	266	
ortho_left_2.png	72383	273	223	166	
ortho_left_2.png	72549	257	168	266	
ortho_left_2.png	72816	264	155	133	
ortho_left_2.png	73115	279	156	383	
ortho_left_2.png	73515	273	319	200	
ortho_left_2.png	73715	259	348	183	
ortho_left_2.png	73915	208	405	67	
ortho_left_2.png	74032	204	412	333	
ortho_left_2.png	74381	218	592	283	
ortho_left_2.png	74664	210	655	167	
ortho_left_2.png	74848	402	776	150	
ortho_left_2.png	75097	487	777	50	
ortho_left_2.png	75197	234	769	83	
ortho_left_2.png	75514	244	744	33	
ortho_left_2.png	75564	240	733	83	
ortho_left_2.png	75647	250	751	117	
ortho_left_2.png	75764	201	694	233	
ortho_left_2.png	76063	190	497	133	
ortho_left_2.png	76197	197	454	200	
ortho_left_2.png	76397	187	417	250	
ortho_left_2.png	76646	162	410	233	
ortho_left_2.png	76896	143	519	116	
ortho_left_2.png	77063	152	523	167	
ortho_left_2.png	77263	159	257	150	
ortho_left_2.png	77446	175	141	33	
ortho_left_2.png	77512	161	130	33	
ortho_left_2.png	77879	192	495	150	
ortho_left_2.png	78079	156	528	966	
ortho_left_2.png	79095	159	537	550	
ortho_left_2.png	79678	194	419	350	
ortho_right_4.png	80294	249	537	133	
ortho_right_4.png	80444	182	539	250	
ortho_right_4.png	81693	325	148	100	
ortho_right_4.png	82026	234	397	50	
ortho_right_4.png	82126	222	407	100	
ortho_right_4.png	82259	280	869	233	
ortho_right_4.png	82492	248	727	150	
ortho_right_4.png	82892	228	587	67	
ortho_right_4.png	82975	173	584	117	
ortho_right_4.png	83175	156	505	483	
ortho_right_4.png	83658	211	512	283	
ortho_right_4.png	83958	134	340	150	
ortho_right_4.png	84175	157	349	167	
ortho_right_4.png	84341	114	300	100	
ortho_right_4.png	84441	7	258	167	
ortho_right_4.png	84658	19	748	216	
ortho_right_4.png	84891	-1	804	150	
ortho_right_4.png	85424	111	840	133	
ortho_right_4.png	85590	91	606	266	
ortho_right_4.png	85857	114	611	116	
ortho_right_4.png	85990	167	532	133	
ortho_right_4.png	86173	170	534	50	
ortho_right_4.png	86240	207	227	250	
ortho_right_4.png	86506	228	140	167	
ortho_right_4.png	86706	467	45	167	
ortho_right_4.png	86939	96	208	133	
ortho_right_4.png	87222	145	775	200	
ortho_right_4.png	87439	84	831	133	
ortho_right_4.png	87589	128	870	200	
ortho_right_4.png	87789	168	871	233	
ortho_right_4.png	88022	200	865	133	
ortho_right_4.png	88205	216	742	250	
ortho_right_4.png	88455	229	777	166	
ortho_right_4.png	88655	76	790	500	
ortho_right_4.png	89238	84	790	50	
ortho_right_4.png	89288	113	813	200	
ortho_right_4.png	89488	156	822	316	
ortho_right_4.png	89804	178	849	283	
ortho_right_4.png	90087	216	824	83	
ortho_right_4.png	90454	213	789	450	
ortho_right_4.png	90903	254	796	283	
ortho_right_4.png	91237	252	772	150	
ortho_right_4.png	91386	258	712	183	
ortho_right_4.png	91586	248	790	616	
ortho_right_4.png	92236	256	800	783	
ortho_right_4.png	93035	319	891	166	
ortho_right_4.png	93468	496	487	133	
ortho_right_4.png	93618	236	508	183	
ortho_right_4.png	93818	205	408	217	
ortho_right_4.png	94035	214	360	133	
ortho_right_4.png	94268	177	158	150	
ortho_right_4.png	94451	471	22	283	
ortho_right_4.png	94751	485	23	33	
ortho_right_4.png	94834	36	400	250	
ortho_right_4.png	95117	222	770	117	
ortho_right_4.png	95284	248	794	450	
ortho_right_4.png	95733	178	793	250	
ortho_right_4.png	95983	124	808	133	
ortho_right_4.png	96683	200	792	83	
ortho_right_4.png	96766	185	827	483	
ortho_right_4.png	97299	204	796	450	
ortho_right_4.png	97782	201	882	333	
ortho_right_4.png	98115	204	814	150	
ortho_right_4.png	98332	89	782	217	
ortho_right_4.png	98565	140	745	200	
ortho_right_4.png	98765	163	725	100	
ortho_right_4.png	98898	30	793	133	
ortho_right_4.png	99348	101	831	100	
ortho_right_4.png	99448	128	813	383	
ortho_right_4.png	99831	176	816	150	
ortho_right_4.png	99980	220	801	316	
ortho_right_4.png	100380	209	799	167	
ortho_right_4.png	100547	205	844	366	
ortho_right_4.png	101196	213	786	50	
ortho_right_4.png	101246	242	785	50	
ortho_right_4.png	101380	226	785	50	
ortho_right_4.png	101430	254	796	566	
ortho_right_4.png	101996	235	777	183	
ortho_right_4.png	102179	233	730	133	
ortho_right_4.png	102412	188	731	733	
ortho_right_4.png	103162	252	808	167	
ortho_left_3.png	103412	242	806	67	
ortho_left_3.png	103861	306	248	50	
ortho_left_3.png	104677	385	215	100	
ortho_left_3.png	104777	395	190	100	
ortho_left_3.png	105043	254	129	184	
ortho_left_3.png	105244	222	144	100	
ortho_left_3.png	105443	320	165	117	
ortho_left_3.png	105560	351	147	66	
ortho_left_3.png	105660	347	127	167	
ortho_left_3.png	105843	212	94	167	
ortho_left_3.png	106293	266	150	50	
ortho_left_3.png	106609	199	108	117	
ortho_left_3.png	106726	240	121	116	
ortho_left_3.png	106859	339	129	266	
ortho_left_3.png	107126	322	126	233	
ortho_left_3.png	107442	317	128	83	
ortho_left_3.png	107575	180	114	83	
ortho_left_3.png	107659	172	112	533	
ortho_left_3.png	108508	237	95	100	
ortho_left_3.png	108641	330	114	33	
ortho_left_3.png	108675	364	121	100	
ortho_left_3.png	108791	125	114	67	
ortho_left_3.png	108874	124	112	50	
ortho_left_3.png	108941	121	113	166	
ortho_left_3.png	109108	165	116	117	
ortho_left_3.png	109241	164	114	83	
ortho_left_3.png	109341	79	113	50	
ortho_left_3.png	109441	77	114	316	
ortho_left_3.png	109757	73	140	83	
ortho_left_3.png	110074	99	190	50	
ortho_left_3.png	110124	88	210	33	
ortho_left_3.png	110157	93	200	67	
ortho_left_3.png	110240	77	173	100	
ortho_left_3.png	110473	409	350	216	
ortho_left_3.png	110723	491	444	233	
ortho_left_3.png	110973	473	769	33	
ortho_left_3.png	111006	468	790	167	
ortho_left_3.png	111173	496	803	200	
ortho_left_3.png	111489	459	609	50	
ortho_left_3.png	111573	282	651	200	
ortho_left_3.png	112022	288	699	50	
ortho_left_3.png	112072	224	657	350	
ortho_left_3.png	112522	490	662	166	
ortho_left_3.png	112705	485	524	67	
ortho_left_3.png	112805	479	375	266	
ortho_left_3.png	113088	518	286	316	
ortho_left_3.png	113488	504	398	117	
ortho_left_3.png	113638	408	591	183	
ortho_left_3.png	113821	479	630	217	
ortho_left_3.png	114054	272	610	216	
ortho_left_3.png	114271	221	644	167	
ortho_left_3.png	114521	191	535	50	
ortho_left_3.png	114737	166	551	683	
ortho_left_3.png	115420	95	542	33	
ortho_left_3.png	115537	99	540	200	
ortho_left_3.png	115770	106	401	150	
ortho_left_3.png	115953	104	195	516	
ortho_left_3.png	116519	99	194	33	
ortho_left_3.png	116553	70	157	166	
ortho_left_3.png	116736	90	78	150	
ortho_left_3.png	117019	313	132	116	
ortho_left_3.png	117152	369	142	216	
ortho_left_3.png	117419	36	472	50	
ortho_left_3.png	117552	36	467	67	
ortho_left_3.png	117619	49	516	866	
ortho_left_3.png	118568	63	15	83	
ortho_left_3.png	118684	103	35	67	
ortho_left_3.png	118817	40	532	683	
ortho_left_3.png	119551	43	529	300	
ortho_right_3.png	120000	457	450	67	
ortho_right_3.png	120333	299	-34	150	
ortho_right_3.png	120933	353	856	217	
ortho_right_3.png	121716	123	498	400	
ortho_right_3.png	122132	115	607	266	
ortho_right_3.png	122399	148	604	133	
ortho_right_3.png	122582	146	610	50	
ortho_right_3.png	122648	195	486	167	
ortho_right_3.png	123065	201	220	83	
ortho_right_3.png	123198	233	770	233	
ortho_right_3.png	123448	57	635	83	
ortho_right_3.png	123614	60	634	33	
ortho_right_3.png	123648	93	636	450	
ortho_right_3.png	124347	141	605	133	
ortho_right_3.png	124481	161	618	67	
ortho_right_3.png	124597	157	621	966	
ortho_right_3.png	125613	169	618	83	
ortho_right_3.png	125713	172	448	316	
ortho_right_3.png	126046	153	675	183	
ortho_right_3.png	126679	147	617	916	
ortho_right_3.png	127645	137	622	33	
ortho_right_3.png	127678	113	627	916	
ortho_right_3.png	128644	107	620	100	
ortho_right_3.png	128744	172	625	283	
ortho_right_3.png	129327	216	655	100	
ortho_right_3.png	129494	200	637	117	
ortho_right_3.png	129660	197	640	83	
ortho_right_3.png	129743	237	654	233	
ortho_right_3.png	130010	225	289	33	
ortho_right_3.png	130043	223	278	200	
ortho_right_3.png	130260	172	209	316	
ortho_right_3.png	130593	201	511	33	
ortho_right_3.png	130676	195	524	100	
ortho_right_3.png	130793	107	533	150	
ortho_right_3.png	131109	68	507	50	
ortho_right_3.png	131376	111	467	216	
ortho_right_3.png	131675	145	638	566	
ortho_right_3.png	132242	143	632	400	
ortho_right_3.png	132691	140	625	133	
ortho_right_3.png	132825	199	669	683	
ortho_right_3.png	133524	258	618	133	
ortho_right_3.png	134090	267	600	217	
ortho_right_3.png	134340	224	384	233	
ortho_right_3.png	134590	119	380	83	
ortho_right_3.png	134723	123	404	117	
ortho_right_3.png	134857	226	439	200	
ortho_right_3.png	135056	217	482	183	
ortho_right_3.png	135256	104	459	233	
ortho_right_3.png	135490	146	444	50	
ortho_right_3.png	135556	197	419	100	
ortho_right_3.png	135739	195	422	33	
ortho_right_3.png	135789	243	434	133	
ortho_right_3.png	136089	278	435	50	
ortho_right_3.png	136139	278	430	150	
ortho_right_3.png	136306	302	554	400	
ortho_right_3.png	136755	302	575	283	
ortho_right_3.png	137055	319	528	167	
ortho_right_3.png	137238	294	431	266	
ortho_right_3.png	137538	271	72	133	
ortho_right_3.png	137755	292	520	316	
ortho_right_3.png	138304	310	572	117	
ortho_right_3.png	138454	295	817	266	
ortho_right_3.png	138771	302	827	133	
ortho_right_3.png	138920	166	849	233	
ortho_right_3.png	139187	302	543	416	
ortho_right_3.png	139603	308	528	133	
ortho_right_3.png	139837	353	25	216	
ortho_right_3.png	140070	436	-16	266	
ortho_right_3.png	140386	325	391	33	
ortho_left_4.png	140419	324	412	300	
ortho_left_4.png	141569	416	191	167	
ortho_left_4.png	141802	103	-19	316	
ortho_left_4.png	142185	185	766	217	
ortho_left_4.png	142435	390	465	50	
ortho_left_4.png	143001	405	160	50	
ortho_left_4.png	143051	403	185	217	
ortho_left_4.png	144150	409	169	33	
ortho_left_4.png	144183	412	181	250	
ortho_left_4.png	144683	297	169	100	
ortho_left_4.png	144883	315	175	33	
ortho_left_4.png	144933	491	330	266	
ortho_left_4.png	145233	212	786	33	
ortho_left_4.png	145266	202	806	150	
ortho_left_4.png	145433	290	601	67	
ortho_left_4.png	145533	293	484	183	
ortho_left_4.png	145716	282	511	67	
ortho_left_4.png	145832	283	509	67	
ortho_left_4.png	146332	302	92	50	
ortho_left_4.png	146382	320	102	283	
ortho_left_4.png	146665	395	154	133	
ortho_left_4.png	146865	415	173	266	
ortho_left_4.png	147381	327	-16	133	
ortho_left_4.png	147515	338	-34	83	
ortho_left_4.png	147598	398	24	216	
ortho_left_4.png	147881	435	202	200	
ortho_left_4.png	148081	396	193	200	
ortho_left_4.png	148314	294	179	133	
ortho_left_4.png	148447	334	180	150	
ortho_left_4.png	148630	252	206	183	
ortho_left_4.png	148964	492	243	150	
ortho_left_4.png	149147	238	237	233	
ortho_left_4.png	149380	266	252	133	
ortho_left_4.png	149530	446	386	216	
ortho_left_4.png	149746	509	345	83	
ortho_left_4.png	149880	510	346	33	
ortho_left_4.png	149913	417	318	150	
ortho_left_4.png	150329	387	326	33	
ortho_left_4.png	150363	315	366	333	
ortho_left_4.png	150712	278	418	133	
ortho_left_4.png	150896	250	449	133	
ortho_left_4.png	151029	213	453	466	
ortho_left_4.png	151762	218	452	100	
ortho_left_4.png	151912	216	449	166	
ortho_left_4.png	152095	213	446	233	
ortho_left_4.png	152328	166	566	183	
ortho_left_4.png	152544	264	715	200	
ortho_left_4.png	152761	419	769	117	
ortho_left_4.png	152961	461	785	33	
ortho_left_4.png	153044	200	440	166	
ortho_left_4.png	153461	232	429	33	
ortho_left_4.png	153494	226	443	33	
ortho_left_4.png	153544	215	429	350	
ortho_left_4.png	153927	211	437	700	
ortho_left_4.png	154660	158	805	167	
ortho_left_4.png	154843	118	856	50	
ortho_left_4.png	154943	118	860	100	
ortho_left_4.png	155059	273	845	183	
ortho_left_4.png	155259	114	900	266	
ortho_left_4.png	155559	312	862	350	
ortho_left_4.png	155959	306	858	33	
ortho_left_4.png	156292	468	790	283	
ortho_left_4.png	156608	253	384	133	
ortho_left_4.png	156742	216	458	167	
ortho_left_4.png	157008	202	75	133	
ortho_left_4.png	157208	177	7	150	
ortho_left_4.png	157375	82	-19	117	
ortho_left_4.png	157541	130	-19	117	
ortho_left_4.png	157674	345	29	34	
ortho_left_4.png	157708	297	48	216	
ortho_right_2.png	157974	292	49	183	
ortho_right_2.png	158191	156	250	83	
ortho_right_2.png	159490	190	414	166	
ortho_right_2.png	159673	225	688	250	
ortho_right_2.png	160006	147	765	83	
ortho_right_2.png	160289	427	813	133	
ortho_right_2.png	160439	415	821	50	
ortho_right_2.png	160506	143	753	200	
ortho_right_2.png	160706	105	756	250	
ortho_right_2.png	161005	144	760	816	
ortho_right_2.png	162121	148	756	67	
ortho_right_2.png	162205	150	761	50	
ortho_right_2.png	162288	205	564	183	
ortho_right_2.png	162471	173	763	283	
ortho_right_2.png	162754	164	746	150	
ortho_right_2.png	162904	64	679	67	
ortho_right_2.png	163021	70	681	200	
ortho_right_2.png	163221	111	670	166	
ortho_right_2.png	163387	150	668	266	
ortho_right_2.png	163653	211	705	150	
ortho_right_2.png	164203	199	713	400	
ortho_right_2.png	164603	229	709	183	
ortho_right_2.png	164803	245	615	183	
ortho_right_2.png	165053	219	469	117	
ortho_right_2.png	165169	141	477	150	
ortho_right_2.png	165336	208	465	100	
ortho_right_2.png	165702	214	353	317	
ortho_right_2.png	166069	207	345	50	
ortho_right_2.png	166135	178	450	266	
ortho_right_2.png	166402	210	447	150	
ortho_right_2.png	166568	241	707	450	
ortho_right_2.png	167068	268	633	233	
ortho_right_2.png	167551	288	558	33	
ortho_right_2.png	167601	213	442	433	
ortho_right_2.png	168084	163	449	366	
ortho_right_2.png	168450	242	390	316	
ortho_right_2.png	168767	210	374	83	
ortho_right_2.png	168867	127	389	150	
ortho_right_2.png	169083	299	401	450	
ortho_right_2.png	169549	308	522	200	
ortho_right_2.png	169949	287	555	100	
ortho_right_2.png	170116	317	562	33	
ortho_right_2.png	170149	296	543	216	
ortho_right_2.png	170382	305	413	183	
ortho_right_2.png	170565	304	388	200	
ortho_right_2.png	170782	307	335	150	
ortho_right_2.png	170932	313	314	133	
ortho_right_2.png	171115	302	306	50	
ortho_right_2.png	171165	297	346	33	
ortho_right_2.png	171198	320	324	50	
ortho_right_2.png	171248	297	377	150	
ortho_right_2.png	171398	299	341	166	
ortho_right_2.png	171581	265	307	166	
ortho_right_2.png	171765	135	131	250	
ortho_right_2.png	172031	35	144	50	
ortho_right_2.png	172264	309	456	50	
ortho_right_2.png	172314	326	443	50	
ortho_right_2.png	172398	251	136	316	
ortho_right_2.png	172731	321	174	150	
ortho_right_2.png	173147	257	158	67	
ortho_right_2.png	173214	312	181	100	
ortho_right_2.png	173314	340	183	216	
ortho_right_2.png	173563	356	429	533	
ortho_right_2.png	174146	353	442	33	
ortho_right_2.png	174180	353	549	450	
ortho_right_2.png	174663	356	431	450	
ortho_right_2.png	175162	353	433	366	
ortho_right_2.png	175562	390	867	366	
ortho_right_2.png	175945	243	815	150	
ortho_left_5.png	176411	391	466	33	
ortho_left_5.png	176528	356	452	100	
ortho_left_5.png	177761	267	70	50	
ortho_left_5.png	177827	503	156	316	
ortho_left_5.png	178427	136	113	316	
ortho_left_5.png	178793	55	474	316	
ortho_left_5.png	179193	165	857	250	
ortho_left_5.png	179459	418	792	150	
ortho_left_5.png	179826	463	698	117	
ortho_left_5.png	179959	408	538	200	
ortho_left_5.png	180209	429	258	216	
ortho_left_5.png	180459	367	145	217	
ortho_left_5.png	180708	409	579	33	
ortho_left_5.png	180742	398	599	167	
ortho_left_5.png	180908	421	655	233	
ortho_left_5.png	181258	413	783	83	
ortho_left_5.png	181341	442	792	200	
ortho_left_5.png	182024	382	753	150	
ortho_left_5.png	182224	371	759	350	
ortho_left_5.png	182590	500	781	266	
ortho_left_5.png	182874	390	777	316	
ortho_left_5.png	183240	393	771	50	
ortho_left_5.png	183290	446	832	200	
ortho_left_5.png	184090	430	777	117	
ortho_left_5.png	184239	423	771	550	
ortho_left_5.png	184789	447	794	416	
ortho_left_5.png	185255	445	792	550	
ortho_left_5.png	186355	443	783	883	
ortho_left_5.png	187754	420	778	216	
ortho_left_5.png	187970	443	781	283	
ortho_left_5.png	188303	443	787	400	
ortho_left_5.png	188703	425	774	150	
ortho_left_5.png	189453	418	740	583	
ortho_left_5.png	190069	254	1194	33	
ortho_left_5.png	190102	252	1213	167	
ortho_left_5.png	190335	423	836	100	
ortho_left_5.png	190452	426	775	166	
ortho_left_5.png	190635	486	770	83	
ortho_left_5.png	191235	444	757	50	
ortho_left_5.png	191335	444	761	966	
ortho_left_5.png	192334	423	766	150	
ortho_left_5.png	192517	472	839	233	
ortho_left_5.png	192750	417	822	283	
ortho_left_5.png	193034	388	825	266	
ortho_left_5.png	193450	358	790	133	
ortho_left_5.png	193583	351	749	166	
ortho_right_1.png	204126	253	100	100	
ortho_right_1.png	204226	272	74	117	
ortho_right_1.png	204342	269	55	83	
ortho_right_1.png	204476	264	47	33	
ortho_right_1.png	204509	253	26	33	
ortho_right_1.png	204542	268	36	333	
ortho_right_1.png	205125	269	-16	116	
ortho_right_1.png	205275	327	107	83	
ortho_right_1.png	205392	327	102	33	
ortho_right_1.png	205508	333	78	183	
ortho_right_1.png	205708	346	308	50	
ortho_right_1.png	205808	364	308	100	
ortho_right_1.png	205908	315	327	50	
ortho_right_1.png	205958	371	312	33	
ortho_right_1.png	205991	311	327	50	
ortho_right_1.png	206091	271	42	50	
ortho_right_1.png	206141	300	74	183	
ortho_right_1.png	206324	216	12	67	
ortho_right_1.png	206408	232	66	50	
ortho_right_1.png	206541	371	223	166	
ortho_right_1.png	206774	332	845	150	
ortho_right_1.png	206941	328	738	216	
ortho_right_1.png	207557	431	870	50	
ortho_right_1.png	207674	317	695	216	
ortho_right_1.png	207890	321	736	50	
ortho_right_1.png	207957	333	742	416	
ortho_right_1.png	208373	377	763	100	
ortho_right_1.png	208573	392	785	550	
ortho_right_1.png	209123	433	750	150	
ortho_right_1.png	209306	435	616	183	
ortho_right_1.png	209556	440	462	117	
ortho_right_1.png	209689	387	363	250	
ortho_right_1.png	210105	384	384	167	
ortho_right_1.png	210272	425	407	233	
ortho_right_1.png	210588	457	459	550	
ortho_right_1.png	211154	421	438	167	
ortho_right_1.png	211338	374	396	167	
ortho_right_1.png	211854	535	421	33	
ortho_right_1.png	211887	418	400	33	
ortho_right_1.png	211954	358	557	200	
ortho_right_1.png	212154	390	455	67	
ortho_right_1.png	212237	397	368	150	
ortho_right_1.png	212404	416	563	33	
ortho_right_1.png	212570	416	585	33	
ortho_right_1.png	212637	392	696	300	
ortho_right_1.png	212937	387	728	216	
ortho_right_1.png	213153	336	738	316	
ortho_right_1.png	213470	378	741	67	
ortho_right_1.png	213570	385	740	183	
ortho_right_1.png	213769	448	488	233	
ortho_right_1.png	214002	456	462	533	
ortho_right_1.png	214585	454	470	216	
ortho_right_1.png	214869	465	820	200	
ortho_right_1.png	215068	461	918	183	
ortho_left_6.png	216667	149	535	33	
ortho_left_6.png	216751	138	557	100	
ortho_left_6.png	217067	179	838	100	
ortho_left_6.png	217167	130	847	216	
ortho_left_6.png	217417	272	646	150	
ortho_left_6.png	217617	147	876	183	
ortho_left_6.png	218300	298	650	283	
ortho_left_6.png	218649	289	349	83	
ortho_left_6.png	218749	279	131	200	
ortho_left_6.png	218966	220	49	250	
ortho_left_6.png	219249	459	167	266	
ortho_left_6.png	219749	318	280	67	
ortho_left_6.png	219815	322	292	67	
ortho_left_6.png	219915	406	233	150	
ortho_left_6.png	220082	448	264	50	
ortho_left_6.png	220148	432	257	50	
ortho_left_6.png	220215	431	261	33	
ortho_left_6.png	220298	439	503	233	
ortho_left_6.png	220548	357	649	33	
ortho_left_6.png	220648	351	651	100	
ortho_left_6.png	220781	475	489	333	
ortho_left_6.png	221114	462	468	150	
ortho_left_6.png	221281	468	477	67	
ortho_left_6.png	221564	473	460	50	
ortho_left_6.png	221664	470	469	50	
ortho_left_6.png	221714	457	430	183	
ortho_left_6.png	221897	472	452	733	
ortho_left_6.png	222880	426	369	33	
ortho_left_6.png	222946	392	245	50	
ortho_left_6.png	223030	448	218	300	
ortho_left_6.png	223329	461	281	250	
ortho_left_6.png	223579	424	299	50	
ortho_left_6.png	223679	414	293	350	
ortho_left_6.png	224046	449	447	150	
ortho_left_6.png	224212	397	265	33	
ortho_left_6.png	224245	396	252	150	
ortho_left_6.png	224395	453	286	116	
ortho_left_6.png	224745	356	290	117	
ortho_left_6.png	224895	323	346	33	
ortho_left_6.png	224928	318	329	150	
ortho_left_6.png	225078	293	342	33	
ortho_left_6.png	225161	478	474	50	
ortho_left_6.png	225228	482	479	200	
ortho_left_6.png	225428	444	453	233	
ortho_left_6.png	225711	448	458	217	
ortho_left_6.png	226227	452	431	33	
ortho_left_6.png	226261	454	440	33	
ortho_left_6.png	226311	463	363	50	
ortho_left_6.png	226377	474	357	283	
ortho_left_6.png	226710	504	353	33	
ortho_left_6.png	226777	396	443	233	
ortho_left_6.png	227027	365	411	150	
ortho_left_6.png	227177	314	344	200	
ortho_left_6.png	227427	286	657	216	
ortho_left_6.png	227643	324	714	33	
ortho_left_6.png	227743	327	717	67	
ortho_left_6.png	227826	457	735	167	
ortho_left_6.png	227993	430	740	166	
ortho_left_6.png	228176	311	730	250	
ortho_left_6.png	228443	247	609	167	
ortho_left_6.png	228642	239	433	50	
ortho_left_6.png	228742	243	430	100	
ortho_left_6.png	229042	266	399	67	
ortho_left_6.png	229109	293	428	50	
ortho_left_6.png	229159	267	399	33	
ortho_left_6.png	229225	360	391	50	
ortho_left_6.png	229309	330	391	83	
ortho_left_6.png	229409	279	373	250	
ortho_left_6.png	229658	253	386	33	
ortho_left_6.png	229742	242	398	67	
ortho_left_6.png	229808	210	479	483	
ortho_left_6.png	230308	127	482	250	
ortho_left_6.png	230558	201	484	150	
ortho_left_6.png	230758	216	489	366	
ortho_left_6.png	231157	96	836	200	
ortho_left_6.png	231374	107	870	166	
ortho_left_6.png	231690	206	79	33	
ortho_left_6.png	231774	205	88	150	
ortho_left_6.png	231940	227	466	33	
ortho_left_6.png	231974	217	491	283	
ortho_left_6.png	232323	151	74	350	
ortho_left_6.png	232673	184	75	50	
ortho_top_6.png	232773	754	83	50	
ortho_top_6.png	232873	751	84	83	
ortho_top_6.png	232973	753	78	33	
ortho_top_6.png	233106	636	527	33	
ortho_top_6.png	233156	645	535	50	
ortho_top_6.png	233506	462	437	83	
ortho_top_6.png	233656	1104	628	33	
ortho_top_6.png	233689	1111	645	50	
ortho_top_6.png	234022	832	723	33	
ortho_top_6.png	234089	860	679	33	
ortho_top_6.png	234938	465	208	50	
ortho_top_6.png	235205	43	129	33	
ortho_top_6.png	235421	1400	252	50	
ortho_top_6.png	235488	1548	258	66	
ortho_top_6.png	235587	1579	222	33	
ortho_top_6.png	235687	878	296	67	
ortho_top_6.png	235821	746	525	183	
ortho_top_6.png	236021	844	645	166	
ortho_top_6.png	236470	503	745	33	
ortho_top_6.png	236670	502	754	117	
ortho_top_6.png	236837	494	750	100	
ortho_top_6.png	236953	370	769	117	
ortho_top_6.png	237087	493	636	233	
ortho_top_6.png	237320	501	662	183	
ortho_top_6.png	237503	494	652	300	
ortho_top_6.png	237853	494	575	117	
ortho_top_6.png	238219	292	597	33	
ortho_top_6.png	238269	159	629	83	
ortho_top_6.png	238353	143	623	133	
ortho_top_6.png	238536	115	532	33	
ortho_top_6.png	238586	118	535	33	
ortho_top_6.png	238619	155	538	50	
ortho_top_6.png	238702	117	500	67	
ortho_top_6.png	238902	413	470	183	
ortho_top_6.png	239085	333	443	216	
ortho_top_6.png	239335	520	575	167	
ortho_top_6.png	239518	491	661	133	
ortho_top_6.png	239668	557	583	133	
ortho_top_6.png	240068	505	590	233	
ortho_top_6.png	240301	528	567	250	
ortho_top_6.png	240551	449	571	200	
ortho_top_6.png	240767	507	593	67	
ortho_top_6.png	240867	508	595	100	
ortho_top_6.png	240967	528	587	416	
ortho_top_6.png	241400	512	682	217	
ortho_top_6.png	241634	438	535	150	
ortho_top_6.png	241800	337	444	50	
ortho_top_6.png	241883	335	441	67	
ortho_top_6.png	242316	767	493	67	
ortho_top_6.png	242383	746	491	67	
ortho_top_6.png	242466	897	611	183	
ortho_top_6.png	242683	886	616	33	
ortho_top_6.png	242766	874	628	83	
ortho_top_6.png	242916	893	540	150	
ortho_top_6.png	243066	889	548	366	
ortho_top_6.png	243432	846	524	117	
ortho_top_6.png	243832	1038	396	33	
ortho_top_6.png	243899	1047	392	300	
ortho_top_6.png	244282	213	420	33	
ortho_top_6.png	244332	217	424	133	
ortho_top_6.png	244515	840	465	100	
ortho_top_6.png	244948	919	370	33	
ortho_top_6.png	244998	948	394	866	
ortho_top_6.png	245931	1008	418	966	
ortho_top_6.png	246946	1024	414	316	
ortho_top_6.png	247296	888	553	233	
ortho_top_6.png	247529	866	631	183	
ortho_top_6.png	247863	867	607	33	
ortho_top_6.png	248162	903	581	83	
ortho_top_6.png	248246	874	578	233	
ortho_top_6.png	248479	867	591	216	
ortho_top_6.png	248712	855	495	183	
ortho_top_6.png	248962	980	411	83	
ortho_top_6.png	249128	739	471	117	
ortho_top_6.png	249561	943	460	117	
ortho_top_6.png	249678	942	444	33	
ortho_top_6.png	249761	772	455	133	
ortho_top_6.png	249961	1021	393	33	
ortho_top_6.png	250044	240	411	33	
ortho_top_6.png	250144	217	413	83	
ortho_top_6.png	250244	218	408	83	
ortho_top_6.png	250344	107	544	233	
ortho_top_6.png	250577	144	586	33	
ortho_top_6.png	250661	144	585	50	
ortho_top_6.png	250727	277	463	117	
ortho_top_6.png	250860	370	406	83	
ortho_top_6.png	250994	373	400	33	
ortho_top_6.png	251060	521	389	200	
ortho_top_6.png	251493	343	393	33	
ortho_top_6.png	251577	337	402	83	
ortho_top_6.png	251660	336	399	67	
ortho_top_6.png	251810	1039	385	117	
ortho_top_6.png	251993	859	490	366	
ortho_top_6.png	252376	989	434	100	
ortho_top_6.png	252742	1010	335	50	
ortho_top_6.png	252809	1012	320	33	
ortho_top_6.png	252876	1027	335	100	
ortho_top_6.png	253009	1031	338	133	
ortho_top_6.png	253192	1292	371	50	
ortho_top_6.png	253259	1482	372	33	
ortho_top_6.png	253292	1496	375	33	
ortho_top_6.png	253342	1500	379	100	
ortho_top_6.png	253475	864	312	167	
ortho_top_6.png	253658	778	316	117	
ortho_top_6.png	253858	1535	406	100	
ortho_top_6.png	254025	1569	259	117	
ortho_top_6.png	254241	210	141	50	
ortho_top_6.png	254341	-14	119	33	
ortho_top_6.png	254408	89	211	150	
ortho_top_6.png	254607	91	344	133	
ortho_top_6.png	254791	855	307	150	
ortho_top_6.png	254958	759	338	34	
ortho_top_6.png	255025	757	354	983	
ortho_bottom_1.png	256057	749	354	167	
ortho_bottom_1.png	256573	1131	562	67	
ortho_bottom_1.png	256673	1445	538	133	
ortho_bottom_1.png	256807	1482	507	167	
ortho_bottom_1.png	257140	669	839	100	
ortho_bottom_1.png	257273	257	743	217	
ortho_bottom_1.png	257506	322	631	150	
ortho_bottom_1.png	257656	315	584	366	
ortho_bottom_1.png	258405	369	566	283	
ortho_bottom_1.png	258889	462	568	116	
ortho_bottom_1.png	259088	324	640	233	
ortho_bottom_1.png	259338	319	648	67	
ortho_bottom_1.png	259422	308	740	216	
ortho_bottom_1.png	259638	279	730	216	
ortho_bottom_1.png	259871	622	795	167	
ortho_bottom_1.png	260138	352	794	100	
ortho_bottom_1.png	260238	366	813	33	
ortho_bottom_1.png	260504	845	813	83	
ortho_bottom_1.png	260587	868	820	133	
ortho_bottom_1.png	260737	952	755	250	
ortho_bottom_1.png	261104	281	735	83	
ortho_bottom_1.png	261187	316	719	183	
ortho_bottom_1.png	261370	307	688	166	
ortho_bottom_1.png	261553	251	707	166	
ortho_bottom_1.png	261737	217	748	200	
ortho_bottom_1.png	261953	150	806	117	
ortho_bottom_1.png	262136	832	331	216	
ortho_bottom_1.png	262419	794	750	117	
ortho_bottom_1.png	262553	808	872	100	
ortho_bottom_1.png	262653	836	841	416	
ortho_bottom_1.png	263119	844	838	966	
ortho_top_5.png	264168	859	841	283	
ortho_top_5.png	264884	861	145	67	
ortho_top_5.png	264968	824	27	100	
ortho_top_5.png	265251	1452	146	66	
ortho_top_5.png	265350	1508	103	83	
ortho_top_5.png	265467	1598	104	300	
ortho_top_5.png	265783	1543	220	250	
ortho_top_5.png	266050	1477	222	50	
ortho_top_5.png	266150	1480	228	33	
ortho_top_5.png	266366	1621	168	166	
ortho_top_5.png	266533	1611	188	183	
ortho_top_5.png	266733	1610	113	167	
ortho_top_5.png	266949	1410	310	167	
ortho_top_5.png	267299	350	251	34	
ortho_top_5.png	267333	321	250	33	
ortho_top_5.png	267483	143	333	150	
ortho_top_5.png	267632	128	376	50	
ortho_top_5.png	267715	156	383	100	
ortho_top_5.png	267832	554	315	133	
ortho_top_5.png	267999	137	328	133	
ortho_top_5.png	268332	237	207	167	
ortho_top_5.png	268531	788	211	167	
ortho_top_5.png	268698	737	206	366	
ortho_top_5.png	269065	771	211	83	
ortho_top_5.png	269198	841	287	67	
ortho_top_5.png	269265	808	298	67	
ortho_top_5.png	269398	1178	95	33	
ortho_top_5.png	269481	1115	126	117	
ortho_top_5.png	269631	1438	165	83	
ortho_top_5.png	269714	1404	232	33	
ortho_top_5.png	269864	710	193	133	
ortho_top_5.png	270014	727	224	150	
ortho_top_5.png	270214	725	234	550	
ortho_top_5.png	270764	706	242	400	
ortho_top_5.png	271213	705	243	466	
ortho_bottom_2.png	271680	869	240	117	
ortho_bottom_2.png	271946	813	555	233	
ortho_bottom_2.png	272279	190	638	133	
ortho_bottom_2.png	272463	808	521	117	
ortho_bottom_2.png	272596	791	460	300	
ortho_bottom_2.png	272929	1079	312	100	
ortho_bottom_2.png	273562	1179	522	150	
ortho_bottom_2.png	273778	311	606	33	
ortho_bottom_2.png	273812	301	607	233	
ortho_bottom_2.png	274095	502	279	117	
ortho_bottom_2.png	274295	911	330	166	
ortho_bottom_2.png	274511	266	363	150	
ortho_bottom_2.png	274778	1522	336	67	
ortho_bottom_2.png	274861	1526	335	83	
ortho_bottom_2.png	274977	955	380	33	
ortho_bottom_2.png	275011	931	377	167	
ortho_bottom_2.png	275261	903	305	33	
ortho_bottom_2.png	275577	923	254	33	
ortho_bottom_2.png	275644	875	285	33	
ortho_bottom_2.png	275710	881	258	100	
ortho_bottom_2.png	275827	860	334	150	
ortho_bottom_2.png	276010	810	442	183	
ortho_bottom_2.png	276293	655	469	200	
ortho_bottom_2.png	276493	618	473	100	
ortho_bottom_2.png	276660	913	338	117	
ortho_bottom_2.png	276776	952	265	316	
ortho_bottom_2.png	277093	930	391	150	
ortho_bottom_2.png	277326	935	510	117	
ortho_bottom_2.png	277459	996	543	233	
ortho_bottom_2.png	277692	1000	565	33	
ortho_bottom_2.png	277742	630	514	33	
ortho_bottom_2.png	277776	603	513	150	
ortho_bottom_2.png	277975	1274	174	33	
ortho_bottom_2.png	278009	1293	174	116	
ortho_bottom_2.png	278158	1468	119	100	
ortho_bottom_2.png	278342	731	538	217	
ortho_bottom_2.png	278825	703	570	67	
ortho_bottom_2.png	278908	697	559	100	
ortho_bottom_2.png	279041	1023	574	100	
ortho_bottom_2.png	279308	1024	585	117	
ortho_bottom_2.png	279441	994	509	400	
ortho_bottom_2.png	279891	798	616	83	
ortho_bottom_2.png	280157	1142	581	117	
ortho_bottom_2.png	280357	1328	549	266	
ortho_bottom_2.png	280640	1220	554	233	
ortho_bottom_2.png	280890	1232	475	266	
ortho_bottom_2.png	281157	1180	495	133	
ortho_bottom_2.png	281323	1184	496	100	
ortho_bottom_2.png	281440	1330	472	200	
ortho_bottom_2.png	281639	1338	428	250	
ortho_bottom_2.png	281906	1378	500	183	
ortho_bottom_2.png	282089	1408	497	200	
ortho_bottom_2.png	282339	1410	495	167	
ortho_bottom_2.png	282506	1371	492	116	
ortho_bottom_2.png	282822	1318	628	167	
ortho_bottom_2.png	283039	704	640	266	
ortho_bottom_2.png	283355	870	654	117	
ortho_bottom_2.png	283488	726	629	233	
ortho_bottom_2.png	283738	695	616	133	
ortho_bottom_2.png	283871	692	667	83	
ortho_bottom_2.png	284005	139	674	216	
ortho_bottom_2.png	284271	754	673	50	
ortho_bottom_2.png	284371	754	676	100	
ortho_bottom_2.png	284538	78	794	150	
ortho_bottom_2.png	284704	72	796	33	
ortho_bottom_2.png	284754	79	798	67	
ortho_bottom_2.png	284837	139	692	200	
ortho_bottom_2.png	285104	894	685	233	
ortho_bottom_2.png	285387	913	688	866	
ortho_bottom_2.png	286286	854	530	50	
ortho_top_4.png	286386	857	533	283	
ortho_top_4.png	286686	656	587	67	
ortho_top_4.png	287069	942	671	117	
ortho_top_4.png	287735	953	642	67	
ortho_top_4.png	287802	936	671	50	
ortho_top_4.png	287852	917	658	33	
ortho_top_4.png	287919	915	655	250	
ortho_top_4.png	288168	871	654	133	
ortho_top_4.png	288551	894	113	50	
ortho_top_4.png	288685	1548	300	50	
ortho_top_4.png	288735	1540	311	133	
ortho_top_4.png	288884	1550	314	67	
ortho_top_4.png	289018	1407	732	167	
ortho_top_4.png	289218	843	686	33	
ortho_top_4.png	289251	826	687	117	
ortho_top_4.png	289434	393	709	133	
ortho_top_4.png	289617	361	879	117	
ortho_top_4.png	289750	394	854	117	
ortho_top_4.png	289900	512	823	133	
ortho_top_4.png	290050	411	689	250	
ortho_top_4.png	290317	303	642	67	
ortho_top_4.png	290700	122	259	50	
ortho_top_4.png	290866	349	743	84	
ortho_top_4.png	290950	319	741	216	
ortho_top_4.png	291183	386	825	150	
ortho_top_4.png	291333	369	855	67	
ortho_top_4.png	291483	378	849	117	
ortho_top_4.png	291599	362	848	166	
ortho_top_4.png	291782	358	651	283	
ortho_top_4.png	292066	331	631	117	
ortho_top_4.png	292349	356	750	67	
ortho_top_4.png	292465	351	752	133	
ortho_top_4.png	292599	382	794	200	
ortho_top_4.png	292815	328	640	150	
ortho_top_4.png	292982	293	559	166	
ortho_top_4.png	293181	522	531	233	
ortho_top_4.png	293498	540	527	50	
ortho_top_4.png	293548	508	524	67	
ortho_top_4.png	293648	349	542	150	
ortho_top_4.png	293831	568	506	133	
ortho_top_4.png	293998	889	651	33	
ortho_top_4.png	294031	906	663	200	
ortho_top_4.png	294281	980	830	150	
ortho_top_4.png	294714	1264	893	100	
ortho_top_4.png	294814	1269	874	33	
ortho_top_4.png	294847	1283	852	83	
ortho_top_4.png	294980	628	910	183	
ortho_top_4.png	295180	484	916	200	
ortho_top_4.png	295497	1563	467	116	
ortho_top_4.png	295630	1579	358	50	
ortho_top_4.png	295680	1549	381	33	
ortho_top_4.png	295746	1574	353	67	
ortho_top_4.png	295813	1559	249	133	
ortho_top_4.png	296012	580	72	133	
ortho_top_4.png	296212	89	207	133	
ortho_top_4.png	296346	152	252	133	
ortho_top_4.png	296529	355	719	33	
ortho_top_4.png	296562	361	740	167	
ortho_top_4.png	296729	364	782	167	
ortho_top_4.png	296912	373	711	150	
ortho_top_4.png	297079	329	655	50	
ortho_top_4.png	297129	326	628	133	
ortho_top_4.png	297545	356	670	100	
ortho_top_4.png	297678	362	793	250	
ortho_top_4.png	297928	369	834	266	
ortho_top_4.png	298228	260	849	250	
ortho_top_4.png	298544	259	794	200	
ortho_top_4.png	298744	316	779	150	
ortho_top_4.png	299127	393	765	316	
ortho_top_4.png	299444	360	809	50	
ortho_top_4.png	299560	362	820	83	
ortho_top_4.png	299644	243	858	550	
ortho_top_4.png	300193	259	803	200	
ortho_top_4.png	300393	272	735	100	
ortho_top_4.png	300593	296	777	133	
ortho_top_4.png	300726	389	791	217	
ortho_top_4.png	300943	377	762	466	
ortho_top_4.png	301409	356	781	100	
ortho_top_4.png	301559	358	781	100	
ortho_top_4.png	301659	383	781	200	
ortho_top_4.png	301859	388	735	133	
ortho_top_4.png	301992	385	705	133	
ortho_top_4.png	302425	410	696	100	
ortho_top_4.png	302592	383	668	167	
ortho_top_4.png	302775	436	728	316	
ortho_top_4.png	303108	450	788	217	
ortho_top_4.png	303324	407	828	166	
ortho_top_4.png	303591	369	716	167	
ortho_top_4.png	303757	291	675	216	
ortho_top_4.png	303991	291	617	200	
ortho_top_4.png	304190	317	605	250	
ortho_top_4.png	304440	299	620	100	
ortho_top_4.png	304590	298	621	83	
ortho_top_4.png	304673	322	613	183	
ortho_top_4.png	304857	322	594	700	
ortho_top_4.png	305606	326	587	33	
ortho_top_4.png	305706	73	235	50	
ortho_top_4.png	305789	154	277	117	
ortho_top_4.png	305922	88	211	166	
ortho_top_4.png	306155	866	151	133	
ortho_top_4.png	306356	1635	260	150	
ortho_top_4.png	306538	1607	281	33	
ortho_top_4.png	306655	1389	745	33	
ortho_top_4.png	306688	1385	765	34	
ortho_top_4.png	306722	1407	769	133	
ortho_top_4.png	306855	1292	808	200	
ortho_top_4.png	307072	1173	771	150	
ortho_top_4.png	307422	614	623	150	
ortho_bottom_3.png	307621	301	562	83	
ortho_bottom_3.png	307705	319	568	33	
ortho_bottom_3.png	307738	331	586	150	
ortho_bottom_3.png	307938	647	560	183	
ortho_bottom_3.png	308171	1258	380	183	
ortho_bottom_3.png	308871	1205	275	50	
ortho_bottom_3.png	308970	511	773	33	
ortho_bottom_3.png	309004	489	777	117	
ortho_bottom_3.png	309187	123	731	100	
ortho_bottom_3.png	309320	422	623	200	
ortho_bottom_3.png	309537	505	618	50	
ortho_bottom_3.png	309653	316	611	233	
ortho_bottom_3.png	309903	628	662	33	
ortho_bottom_3.png	309936	643	659	183	
ortho_bottom_3.png	310120	608	560	166	
ortho_bottom_3.png	310303	553	469	33	
ortho_bottom_3.png	310336	547	465	166	
ortho_bottom_3.png	310536	172	450	67	
ortho_bottom_3.png	310653	171	449	50	
ortho_bottom_3.png	310719	232	381	33	
ortho_bottom_3.png	310769	241	384	83	
ortho_bottom_3.png	310902	744	335	167	
ortho_bottom_3.png	311219	859	326	50	
ortho_bottom_3.png	311319	1427	391	50	
ortho_bottom_3.png	311385	1429	390	83	
ortho_bottom_3.png	311485	1432	397	133	
ortho_bottom_3.png	311719	181	755	150	
ortho_bottom_3.png	311885	19	796	150	
ortho_bottom_3.png	312085	560	421	117	
ortho_bottom_3.png	312218	711	361	167	
ortho_bottom_3.png	312385	748	354	117	
ortho_bottom_3.png	312851	750	342	50	
ortho_bottom_3.png	313051	747	333	166	
ortho_bottom_3.png	313234	752	481	300	
ortho_bottom_3.png	313551	924	506	100	
ortho_bottom_3.png	313701	927	498	100	
ortho_bottom_3.png	313817	790	485	117	
ortho_bottom_3.png	314017	1121	137	133	
ortho_bottom_3.png	314150	1198	131	83	
ortho_bottom_3.png	314300	731	401	216	
ortho_bottom_3.png	314550	456	287	100	
ortho_bottom_3.png	314700	457	289	33	
ortho_bottom_3.png	314800	401	159	100	
ortho_bottom_3.png	314999	771	359	100	
ortho_bottom_3.png	315299	739	466	100	
ortho_bottom_3.png	315399	727	488	266	
ortho_bottom_3.png	315716	731	492	33	
ortho_bottom_3.png	315749	729	466	200	
ortho_bottom_3.png	315949	697	508	250	
ortho_bottom_3.png	316215	957	574	183	
ortho_bottom_3.png	316715	852	514	50	
ortho_bottom_3.png	316765	956	536	183	
ortho_bottom_3.png	316965	819	462	233	
ortho_bottom_3.png	317198	777	479	216	
ortho_bottom_3.png	317448	970	512	233	
ortho_bottom_3.png	317764	968	582	216	
ortho_bottom_3.png	318197	1071	581	150	
ortho_bottom_3.png	318381	1235	479	167	
ortho_bottom_3.png	318564	1332	398	133	
ortho_bottom_3.png	318747	1354	281	117	
ortho_bottom_3.png	318897	1333	177	150	
ortho_bottom_3.png	319113	1457	570	133	
ortho_bottom_3.png	319247	1468	565	50	
ortho_bottom_3.png	319297	1500	509	200	
ortho_bottom_3.png	319513	1567	544	67	
ortho_bottom_3.png	319596	1573	540	50	
ortho_bottom_3.png	319663	1577	573	33	
ortho_bottom_3.png	319763	1142	554	133	
ortho_bottom_3.png	319913	1037	584	799	
ortho_bottom_3.png	320762	1031	592	700	
ortho_bottom_3.png	321528	198	624	50	
ortho_bottom_3.png	321578	221	626	50	
ortho_bottom_3.png	321662	74	689	67	
ortho_bottom_3.png	321778	79	699	183	
ortho_bottom_3.png	322028	17	812	83	
ortho_bottom_3.png	322278	743	349	416	
ortho_top_3.png	322778	995	538	133	
ortho_top_3.png	322911	1044	576	133	
ortho_top_3.png	323094	955	219	133	
ortho_top_3.png	323926	113	83	33	
ortho_top_3.png	323993	60	49	33	
ortho_top_3.png	324043	200	242	50	
ortho_top_3.png	324110	456	509	33	
ortho_top_3.png	324143	474	539	67	
ortho_top_3.png	324210	433	540	83	
ortho_top_3.png	324327	818	539	216	
ortho_top_3.png	324560	1004	615	117	
ortho_top_3.png	324909	1114	688	33	
ortho_top_3.png	325176	1055	838	266	
ortho_top_3.png	325459	1000	891	283	
ortho_top_3.png	325742	1039	899	33	
ortho_top_3.png	325825	1040	901	216	
ortho_top_3.png	326092	1062	687	233	
ortho_top_3.png	326358	1044	600	100	
ortho_top_3.png	326492	533	643	150	
ortho_top_3.png	326675	233	688	100	
ortho_top_3.png	326825	234	690	50	
ortho_top_3.png	326908	109	456	100	
ortho_top_3.png	327025	108	449	100	
ortho_top_3.png	327158	-7	180	33	
ortho_top_3.png	327224	88	249	116	
ortho_top_3.png	327424	1733	57	33	
ortho_top_3.png	327457	1905	-94	100	
ortho_top_3.png	327574	1537	210	50	
ortho_top_3.png	327624	1574	198	33	
ortho_top_3.png	327658	1570	229	100	
ortho_top_3.png	327874	794	5	33	
ortho_top_3.png	327907	794	5	67	
ortho_top_3.png	327974	842	38	33	
ortho_top_3.png	328091	231	858	67	
ortho_top_3.png	328157	252	869	100	
ortho_top_3.png	328357	1141	865	167	
ortho_top_3.png	328890	1062	873	117	
ortho_top_3.png	329023	944	913	350	
ortho_top_3.png	329373	920	919	200	
ortho_top_3.png	329590	955	868	200	
ortho_top_3.png	329856	938	850	183	
ortho_top_3.png	330056	916	769	133	
ortho_top_3.png	330189	976	704	233	
ortho_top_3.png	330456	1024	939	283	
ortho_top_3.png	330739	1016	890	83	
ortho_top_3.png	330905	995	737	233	
ortho_top_3.png	331138	998	693	183	
ortho_top_3.png	331338	1001	610	100	
ortho_top_3.png	331688	1032	593	50	
ortho_top_3.png	331738	1024	609	100	
ortho_top_3.png	331888	1101	623	266	
ortho_top_3.png	332188	1146	766	233	
ortho_top_3.png	332671	1201	624	100	
ortho_top_3.png	332787	1269	626	50	
ortho_top_3.png	332887	1277	615	117	
ortho_top_3.png	333004	1340	594	167	
ortho_top_3.png	333187	1263	863	33	
ortho_top_3.png	333220	1260	879	150	
ortho_top_3.png	333404	1298	570	133	
ortho_top_3.png	333553	1044	559	33	
ortho_top_3.png	333587	1033	567	100	
ortho_top_3.png	334003	1369	568	266	
ortho_top_3.png	334270	1340	575	233	
ortho_top_3.png	334519	1234	710	266	
ortho_top_3.png	334786	1172	633	83	
ortho_top_3.png	334919	1169	621	183	
ortho_top_3.png	335119	1371	547	183	
ortho_top_3.png	335302	1359	493	216	
ortho_top_3.png	335552	1034	556	250	
ortho_top_3.png	335968	761	490	150	
ortho_top_3.png	336135	833	495	216	
ortho_top_3.png	336351	843	441	283	
ortho_top_3.png	336668	1034	426	216	
ortho_top_3.png	336984	1299	428	200	
ortho_top_3.png	337201	1380	476	350	
ortho_top_3.png	337584	1041	412	133	
ortho_top_3.png	337800	384	431	100	
ortho_top_3.png	337950	389	442	67	
ortho_top_3.png	338084	1108	424	150	
ortho_top_3.png	338267	1424	489	183	
ortho_top_3.png	338450	1386	496	300	
ortho_top_3.png	338966	1066	392	50	
ortho_top_3.png	339016	1030	406	766	
ortho_top_3.png	339816	466	392	116	
ortho_top_3.png	339982	468	402	100	
ortho_top_3.png	340082	488	421	116	
ortho_top_3.png	340249	1046	410	133	
ortho_top_3.png	340382	1031	423	566	
ortho_top_3.png	340998	1030	424	783	
ortho_bottom_4.png	342114	1114	401	50	
ortho_bottom_4.png	342164	1097	414	50	
ortho_bottom_4.png	342297	782	395	666	
ortho_bottom_4.png	343014	784	396	83	
ortho_bottom_4.png	343147	406	410	183	
ortho_bottom_4.png	343396	139	732	83	
ortho_bottom_4.png	343496	137	730	67	
ortho_bottom_4.png	343563	159	733	33	
ortho_bottom_4.png	343680	1337	532	183	
ortho_bottom_4.png	343930	813	870	50	
ortho_bottom_4.png	344029	813	867	33	
ortho_bottom_4.png	344129	1003	195	233	
ortho_bottom_4.png	344396	666	167	133	
ortho_bottom_4.png	344546	732	143	133	
ortho_bottom_4.png	344945	1184	68	33	
ortho_bottom_4.png	345095	1497	466	67	
ortho_bottom_4.png	345179	1499	461	50	
ortho_bottom_4.png	345295	641	297	150	
ortho_bottom_4.png	345462	313	328	33	
ortho_bottom_4.png	345495	308	338	67	
ortho_bottom_4.png	345628	756	192	33	
ortho_bottom_4.png	345662	787	196	166	
ortho_bottom_4.png	345845	756	148	167	
ortho_bottom_4.png	346211	776	214	67	
ortho_bottom_4.png	346295	743	95	233	
ortho_bottom_4.png	346561	1208	96	266	
ortho_bottom_4.png	346861	553	51	133	
ortho_bottom_4.png	347111	717	164	133	
ortho_bottom_4.png	347244	746	277	250	
ortho_bottom_4.png	347494	773	305	183	
ortho_bottom_4.png	347677	841	330	200	
ortho_bottom_4.png	348077	893	322	117	
ortho_bottom_4.png	348260	1189	435	183	
ortho_bottom_4.png	348476	1323	248	117	
ortho_bottom_4.png	348660	238	771	33	
ortho_bottom_4.png	348693	227	781	133	
ortho_bottom_4.png	348876	97	852	33	
ortho_bottom_4.png	349093	1508	835	67	
ortho_bottom_4.png	349176	1582	764	83	
ortho_bottom_4.png	349359	203	783	167	
ortho_bottom_4.png	349542	108	776	100	
ortho_bottom_4.png	349726	895	254	150	
ortho_bottom_4.png	349892	789	204	67	
ortho_bottom_4.png	349959	796	228	33	
ortho_bottom_4.png	350158	835	328	167	
ortho_bottom_4.png	350342	533	355	183	
ortho_bottom_4.png	350558	516	156	83	
ortho_bottom_4.png	350658	520	160	83	
ortho_bottom_4.png	350741	475	54	33	
ortho_bottom_4.png	350775	483	70	33	
ortho_bottom_4.png	350841	524	61	166	
ortho_bottom_4.png	351107	511	45	67	
ortho_bottom_4.png	351224	498	214	150	
ortho_bottom_4.png	351441	579	328	100	
ortho_bottom_4.png	351574	812	255	34	
ortho_bottom_4.png	351608	764	272	150	
ortho_bottom_4.png	351774	747	198	116	
ortho_bottom_4.png	351891	759	212	33	
ortho_bottom_4.png	351941	849	331	117	
ortho_bottom_4.png	352107	856	342	133	
ortho_bottom_4.png	352257	683	420	233	
ortho_bottom_4.png	352524	506	414	150	
ortho_bottom_4.png	352707	673	429	366	
ortho_bottom_4.png	353123	681	434	933	
ortho_top_2.png	354222	906	328	117	
ortho_top_2.png	354372	856	71	133	
ortho_top_2.png	354539	1447	182	33	
ortho_top_2.png	354572	1458	187	83	
ortho_top_2.png	354672	1472	183	100	
ortho_top_2.png	354772	1472	187	33	
ortho_top_2.png	354838	1484	176	50	
ortho_top_2.png	354921	1438	299	133	
ortho_top_2.png	355055	1369	437	67	
ortho_top_2.png	355171	1369	448	67	
ortho_top_2.png	355271	733	467	33	
ortho_top_2.png	355305	700	471	84	
ortho_top_2.png	355388	732	502	100	
ortho_top_2.png	355521	317	599	200	
ortho_top_2.png	355838	165	716	33	
ortho_top_2.png	355871	143	707	33	
ortho_top_2.png	355971	855	692	150	
ortho_top_2.png	356238	818	733	216	
ortho_top_2.png	356471	711	755	67	
ortho_top_2.png	356571	301	755	233	
ortho_top_2.png	356821	655	728	33	
ortho_top_2.png	356854	675	726	183	
ortho_top_2.png	357054	725	639	83	
ortho_top_2.png	357220	1309	684	166	
ortho_top_2.png	357387	1373	733	150	
ortho_top_2.png	357587	656	712	266	
ortho_top_2.png	357853	728	686	67	
ortho_top_2.png	357970	1367	554	166	
ortho_top_2.png	358186	1371	555	50	
ortho_top_2.png	358253	1432	452	133	
ortho_top_2.png	358469	644	594	283	
ortho_top_2.png	358769	729	615	117	
ortho_top_2.png	359102	742	553	50	
ortho_top_2.png	359202	778	623	266	
ortho_top_2.png	359469	743	651	200	
ortho_top_2.png	359685	681	740	366	
ortho_top_2.png	360052	702	753	117	
ortho_top_2.png	360201	696	704	383	
ortho_top_2.png	360585	699	668	117	
ortho_top_2.png	360701	677	572	233	
ortho_top_2.png	360934	670	513	233	
ortho_top_2.png	361334	795	641	167	
ortho_top_2.png	361501	800	598	183	
ortho_top_2.png	361700	900	518	100	
ortho_top_2.png	361817	1014	494	250	
ortho_top_2.png	362084	1089	503	100	
ortho_top_2.png	362233	1091	503	250	
ortho_top_2.png	362500	1289	522	133	
ortho_top_2.png	362650	1029	437	233	
ortho_top_2.png	362900	665	439	33	
ortho_top_2.png	362933	651	443	133	
ortho_top_2.png	363066	672	439	133	
ortho_top_2.png	363249	637	471	133	
ortho_top_2.png	363549	885	406	83	
ortho_top_2.png	363632	982	411	100	
ortho_top_2.png	363749	986	403	50	
ortho_top_2.png	363799	967	416	400	
ortho_top_2.png	364249	965	419	400	
ortho_top_2.png	364682	558	436	166	
ortho_top_2.png	364882	932	420	166	
ortho_top_2.png	365098	572	446	117	
ortho_top_2.png	365265	516	444	200	
ortho_top_2.png	365481	498	494	200	
ortho_top_2.png	365698	549	589	150	
ortho_top_2.png	365914	285	847	150	
ortho_top_2.png	366064	290	903	100	
ortho_top_2.png	366197	340	529	33	
ortho_top_2.png	366281	344	527	50	
ortho_top_2.png	366364	450	475	167	
ortho_top_2.png	366530	487	463	100	
ortho_top_2.png	367113	242	686	133	
ortho_top_2.png	367297	233	690	67	
ortho_top_2.png	367380	248	474	216	
ortho_top_2.png	367596	242	494	183	
ortho_top_2.png	367796	431	458	233	
ortho_top_2.png	368046	297	425	117	
ortho_top_2.png	368163	291	424	50	
ortho_top_2.png	368229	448	457	33	
ortho_top_2.png	368312	459	465	217	
ortho_top_2.png	368529	482	455	233	
ortho_top_2.png	368796	322	351	117	
ortho_top_2.png	368945	807	340	33	
ortho_top_2.png	368979	825	342	183	
ortho_top_2.png	369179	767	347	83	
ortho_top_2.png	369328	951	363	233	
ortho_top_2.png	369578	720	351	699	
ortho_top_2.png	370328	733	354	550	
ortho_bottom_5.png	371160	815	320	83	
ortho_bottom_5.png	371344	889	140	133	
ortho_bottom_5.png	371510	894	15	183	
ortho_bottom_5.png	371693	881	14	183	
ortho_bottom_5.png	371877	916	18	183	
ortho_bottom_5.png	372093	874	12	217	
ortho_bottom_5.png	372626	869	11	50	
ortho_bottom_5.png	372726	739	283	150	
ortho_bottom_5.png	372893	723	286	150	
ortho_bottom_5.png	373059	959	287	266	
ortho_bottom_5.png	373376	964	287	33	
ortho_bottom_5.png	373426	1011	202	283	
ortho_bottom_5.png	373709	1023	163	300	
ortho_bottom_5.png	374175	975	128	67	
ortho_bottom_5.png	374242	980	140	33	
ortho_bottom_5.png	374292	972	130	33	
ortho_bottom_5.png	374375	989	129	167	
ortho_bottom_5.png	374575	906	682	216	
ortho_bottom_5.png	374825	823	865	133	
ortho_bottom_5.png	374958	822	916	83	
ortho_bottom_5.png	375124	830	253	100	
ortho_bottom_5.png	375291	1440	637	50	
ortho_bottom_5.png	375391	1445	642	133	
ortho_bottom_5.png	375624	177	640	200	
ortho_bottom_5.png	375891	838	281	166	
ortho_bottom_5.png	376074	988	206	133	
ortho_bottom_5.png	376440	1015	142	250	
ortho_bottom_5.png	376707	1016	283	216	
ortho_bottom_5.png	376940	923	383	167	
ortho_bottom_5.png	377140	1035	83	217	
ortho_bottom_5.png	377406	1061	131	167	
ortho_bottom_5.png	377606	1078	228	233	
ortho_bottom_5.png	377839	1122	176	166	
ortho_bottom_5.png	378006	1104	148	83	
ortho_bottom_5.png	378106	1094	117	266	
ortho_bottom_5.png	378422	1093	124	250	
ortho_bottom_5.png	378672	1066	210	283	
ortho_bottom_5.png	378955	1023	210	133	
ortho_bottom_5.png	379122	818	408	183	
ortho_bottom_5.png	379338	919	284	50	
ortho_bottom_5.png	379471	984	245	167	
ortho_bottom_5.png	379771	1012	282	117	
ortho_bottom_5.png	379905	999	224	183	
ortho_bottom_5.png	380104	999	166	117	
ortho_bottom_5.png	380221	1005	134	166	
ortho_bottom_5.png	380437	1000	137	67	
ortho_bottom_5.png	380504	964	180	183	
ortho_bottom_5.png	380704	975	83	83	
ortho_bottom_5.png	380787	979	83	100	
ortho_bottom_5.png	380887	957	99	83	
ortho_bottom_5.png	380987	960	100	83	
ortho_bottom_5.png	381087	962	100	67	
ortho_bottom_5.png	381154	1024	110	50	
ortho_bottom_5.png	381204	1003	110	183	
ortho_bottom_5.png	381453	994	108	150	
ortho_bottom_5.png	381770	1035	144	266	
ortho_bottom_5.png	382036	1070	134	200	
ortho_bottom_5.png	382253	812	341	33	
ortho_bottom_5.png	382286	798	359	100	
ortho_bottom_5.png	382453	945	322	150	
ortho_bottom_5.png	382619	1010	336	550	
ortho_bottom_5.png	383186	1046	259	167	
ortho_bottom_5.png	383352	1075	144	67	
ortho_bottom_5.png	383469	1077	139	300	
ortho_bottom_5.png	383768	1090	97	150	
ortho_bottom_5.png	383935	1098	69	116	
ortho_bottom_5.png	384085	1081	46	150	
ortho_bottom_5.png	384251	1020	203	166	
ortho_bottom_5.png	384551	983	135	100	
ortho_bottom_5.png	384651	994	148	50	
ortho_bottom_5.png	384718	991	134	433	
ortho_bottom_5.png	385168	1003	210	283	
ortho_bottom_5.png	385617	1014	172	50	
ortho_bottom_5.png	385884	978	130	100	
ortho_bottom_5.png	386100	547	380	167	
ortho_bottom_5.png	386317	237	291	100	
ortho_bottom_5.png	386550	404	246	200	
ortho_bottom_5.png	386766	463	102	200	
ortho_bottom_5.png	386966	475	14	133	
ortho_bottom_5.png	387149	1315	16	33	
ortho_bottom_5.png	387199	1386	25	167	
ortho_bottom_5.png	387382	1284	44	83	
ortho_bottom_5.png	387516	1553	590	33	
ortho_bottom_5.png	387549	1546	627	200	
ortho_bottom_5.png	387765	1576	807	166	
ortho_bottom_5.png	388065	723	733	117	
ortho_bottom_5.png	388215	146	759	33	
ortho_bottom_5.png	388249	108	740	216	
ortho_bottom_5.png	388549	248	570	83	
ortho_bottom_5.png	388665	545	419	216	
ortho_bottom_5.png	388932	986	303	117	
ortho_bottom_5.png	389198	1069	294	67	
ortho_bottom_5.png	389631	1378	299	67	
ortho_bottom_5.png	389714	1366	297	33	
ortho_bottom_5.png	389831	520	294	250	
ortho_bottom_5.png	390114	325	184	150	
ortho_bottom_5.png	390297	466	120	150	
ortho_bottom_5.png	390464	678	111	67	
ortho_bottom_5.png	390580	689	107	33	
ortho_bottom_5.png	390630	838	73	34	
ortho_bottom_5.png	390664	824	37	83	
ortho_bottom_5.png	390880	929	84	117	
ortho_bottom_5.png	391163	789	128	284	
ortho_bottom_5.png	391447	792	248	83	
ortho_bottom_5.png	391580	799	258	50	
ortho_bottom_5.png	391630	815	297	316	
ortho_bottom_5.png	391963	789	193	100	
ortho_bottom_5.png	392096	798	108	83	
ortho_bottom_5.png	392196	826	125	183	
ortho_bottom_5.png	392379	778	125	150	
ortho_bottom_5.png	392596	870	214	166	
ortho_bottom_5.png	392795	852	144	200	
ortho_bottom_5.png	392996	834	-34	100	
ortho_bottom_5.png	393095	843	130	33	
ortho_bottom_5.png	393129	771	3	33	
ortho_bottom_5.png	393179	753	-8	67	
ortho_bottom_5.png	393245	793	-40	83	
ortho_bottom_5.png	393329	851	110	33	
ortho_bottom_5.png	393379	797	140	33	
ortho_bottom_5.png	393428	797	138	33	
ortho_bottom_5.png	393462	802	154	50	
ortho_bottom_5.png	393595	763	252	117	
ortho_bottom_5.png	393712	811	372	183	
ortho_bottom_5.png	393895	805	340	166	
ortho_bottom_5.png	394311	1007	323	166	
ortho_bottom_5.png	394495	1002	211	67	
ortho_bottom_5.png	394611	1003	225	333	
ortho_bottom_5.png	394961	854	414	266	
ortho_bottom_5.png	395227	851	389	200	
ortho_bottom_5.png	395444	994	274	133	
ortho_bottom_5.png	395844	1007	300	83	
ortho_bottom_5.png	395960	831	418	633	
ortho_bottom_5.png	396626	829	428	966	
ortho_top_1.png	397642	832	427	50	
ortho_top_1.png	397909	834	110	33	
ortho_top_1.png	397975	1067	428	100	
ortho_top_1.png	399841	1299	390	100	
ortho_top_1.png	400124	1254	274	33	
ortho_top_1.png	400157	1230	300	33	
ortho_top_1.png	400191	1267	256	33	
ortho_top_1.png	400224	1269	294	150	
ortho_top_1.png	400424	1305	314	83	
ortho_top_1.png	400590	383	713	33	
ortho_top_1.png	400674	375	708	50	
ortho_top_1.png	400757	585	720	233	
ortho_top_1.png	400990	581	737	200	
ortho_top_1.png	401223	571	623	167	
ortho_top_1.png	401406	526	569	50	
ortho_top_1.png	401473	240	531	117	
ortho_top_1.png	401590	247	543	50	
ortho_top_1.png	401690	75	487	117	
ortho_top_1.png	402023	342	203	33	
ortho_top_1.png	402089	778	202	33	
ortho_top_1.png	402123	799	194	50	
ortho_top_1.png	402239	1476	209	116	
ortho_top_1.png	402389	1527	171	67	
ortho_top_1.png	402505	1334	301	150	
ortho_top_1.png	402705	1274	362	100	
ortho_top_1.png	402938	1250	332	100	
ortho_top_1.png	403055	1289	283	150	
ortho_top_1.png	403205	1341	295	33	
ortho_top_1.png	403271	1392	210	150	
ortho_top_1.png	403421	1375	210	266	
ortho_top_1.png	403738	1311	171	366	
ortho_top_1.png	404104	1270	162	150	
ortho_top_1.png	404287	688	114	34	
ortho_top_1.png	404321	729	140	100	
ortho_top_1.png	404604	774	124	83	
ortho_top_1.png	404721	648	201	333	
ortho_top_1.png	405120	1290	166	267	
ortho_top_1.png	405404	1370	211	166	
ortho_top_1.png	405587	1373	215	100	
ortho_top_1.png	405737	1400	227	133	
ortho_top_1.png	405887	1309	316	133	
ortho_top_1.png	406137	1216	506	67	
ortho_top_1.png	406253	804	233	133	
ortho_top_1.png	406619	796	113	83	
ortho_top_1.png	406836	779	126	883	
ortho_top_1.png	407769	772	136	416	
ortho_bottom_6.png	408185	799	78	117	
ortho_bottom_6.png	408485	757	30	33	
ortho_bottom_6.png	408535	792	70	33	
ortho_bottom_6.png	408568	792	86	150	
ortho_bottom_6.png	408785	650	664	166	
ortho_bottom_6.png	408968	521	625	183	
ortho_bottom_6.png	409201	81	766	50	
ortho_bottom_6.png	409301	84	763	133	
ortho_bottom_6.png	409468	364	605	150	
ortho_bottom_6.png	409634	101	742	100	
ortho_bottom_6.png	409917	808	572	133	
ortho_bottom_6.png	410100	1511	584	33	
ortho_bottom_6.png	410134	1535	589	117	
ortho_bottom_6.png	410517	543	520	133	
ortho_bottom_6.png	410650	560	526	100	
ortho_bottom_6.png	410800	558	534	67	
ortho_bottom_6.png	410867	555	602	283	
ortho_bottom_6.png	411150	575	616	150	
ortho_bottom_6.png	411333	967	650	33	
ortho_bottom_6.png	411366	987	651	150	
ortho_bottom_6.png	411533	1077	677	83	
ortho_bottom_6.png	411866	543	570	333	
ortho_bottom_6.png	412249	1041	671	166	
ortho_bottom_6.png	412415	1076	676	283	
ortho_bottom_6.png	412715	934	753	50	
ortho_bottom_6.png	412815	929	757	66	
ortho_bottom_6.png	412899	776	748	67	
ortho_bottom_6.png	412998	399	598	233	
ortho_bottom_6.png	413248	446	562	233	
ortho_bottom_6.png	413481	440	488	116	
ortho_bottom_6.png	413615	455	443	133	
ortho_bottom_6.png	413815	398	775	100	
ortho_bottom_6.png	413948	794	777	33	
ortho_bottom_6.png	413981	810	774	300	
ortho_bottom_6.png	414298	853	770	483	
ortho_bottom_6.png	414830	853	771	633	
