No media	0	964	684	173	
trad_bottom_6.png	422	815	515	150	
trad_bottom_6.png	589	732	349	250	
trad_bottom_6.png	889	807	915	233	
trad_bottom_6.png	1189	155	720	83	
trad_bottom_6.png	1322	158	727	100	
trad_bottom_6.png	1422	61	787	166	
trad_bottom_6.png	1588	61	814	183	
trad_bottom_6.png	1821	735	771	200	
trad_bottom_6.png	2055	667	549	150	
trad_bottom_6.png	2238	519	335	33	
trad_bottom_6.png	2321	517	326	67	
trad_bottom_6.png	2404	422	164	33	
trad_bottom_6.png	2438	399	114	100	
trad_bottom_6.png	2571	422	23	67	
trad_bottom_6.png	2654	422	17	50	
trad_bottom_6.png	2754	236	555	33	
trad_bottom_6.png	2787	239	576	134	
trad_bottom_6.png	2921	201	571	150	
trad_bottom_6.png	3171	1388	758	116	
trad_bottom_6.png	3337	1390	757	50	
trad_bottom_6.png	3404	1477	647	333	
trad_bottom_6.png	3737	1463	636	100	
trad_bottom_6.png	3853	1481	758	216	
trad_bottom_6.png	4070	1468	838	200	
trad_bottom_6.png	4353	910	895	133	
trad_bottom_6.png	4503	819	916	250	
trad_bottom_6.png	4803	1361	829	183	
trad_bottom_6.png	5003	1470	827	300	
trad_bottom_6.png	5353	1469	832	183	
trad_bottom_6.png	5586	796	837	33	
trad_bottom_6.png	5619	777	843	300	
trad_bottom_6.png	5919	816	916	283	
trad_bottom_6.png	6202	757	858	117	
trad_bottom_6.png	6368	758	853	133	
trad_bottom_6.png	6568	1343	873	183	
trad_bottom_6.png	6768	1479	828	183	
trad_bottom_6.png	7218	803	902	33	
trad_bottom_6.png	7251	828	918	83	
trad_bottom_6.png	7384	820	918	117	
trad_bottom_6.png	7518	780	863	133	
trad_bottom_6.png	7701	1347	795	167	
trad_bottom_6.png	7867	1345	755	150	
trad_bottom_6.png	8034	1260	710	133	
trad_bottom_6.png	8184	1252	581	150	
trad_bottom_6.png	8384	1193	615	283	
trad_bottom_6.png	8683	1269	709	150	
trad_bottom_6.png	8850	1260	774	283	
trad_bottom_6.png	9167	810	857	183	
trad_bottom_6.png	9400	808	855	33	
trad_bottom_6.png	9433	773	855	216	
trad_bottom_6.png	9649	817	915	716	
trad_bottom_6.png	10416	815	918	183	
trad_bottom_6.png	10715	701	330	266	
trad_bottom_6.png	11015	729	479	133	
trad_bottom_6.png	11149	641	545	150	
trad_bottom_6.png	11332	811	886	33	
trad_bottom_6.png	11415	814	896	83	
trad_bottom_6.png	11498	821	919	749	
trad_bottom_6.png	12348	1410	810	33	
trad_bottom_6.png	12448	1393	818	50	
trad_bottom_6.png	12548	828	905	283	
trad_left_1.png	13064	208	482	33	
trad_left_1.png	13114	42	526	233	
trad_left_1.png	13447	362	584	167	
trad_left_1.png	13614	396	632	217	
trad_left_1.png	13847	307	841	167	
trad_left_1.png	14013	263	866	283	
trad_left_1.png	14363	233	450	33	
trad_left_1.png	14413	237	452	117	
trad_left_1.png	14563	184	226	100	
trad_left_1.png	14680	161	201	33	
trad_left_1.png	14730	163	198	117	
trad_left_1.png	14896	231	285	216	
trad_left_1.png	15113	187	237	216	
trad_left_1.png	15346	185	242	67	
trad_left_1.png	15462	141	197	250	
trad_left_1.png	15795	133	190	83	
trad_left_1.png	15895	78	-22	83	
trad_left_1.png	16011	100	-21	67	
trad_left_1.png	16095	96	-14	33	
trad_left_1.png	16228	117	410	134	
trad_left_1.png	16362	96	427	67	
trad_left_1.png	16512	107	244	67	
trad_left_1.png	16578	118	290	33	
trad_left_1.png	16661	117	208	67	
trad_left_1.png	16728	110	164	50	
trad_left_1.png	16878	407	647	383	
trad_left_1.png	17278	329	638	167	
trad_left_1.png	17478	332	637	167	
trad_left_1.png	17644	365	635	166	
trad_left_1.png	17811	389	637	300	
trad_left_1.png	18111	313	639	300	
trad_left_1.png	18410	288	594	33	
trad_left_1.png	18494	280	594	166	
trad_left_1.png	18660	229	581	500	
trad_left_1.png	19176	199	664	200	
trad_left_1.png	19376	260	758	83	
trad_left_1.png	19510	261	757	167	
trad_left_1.png	19693	179	672	333	
trad_left_1.png	20043	214	600	150	
trad_left_1.png	20193	215	578	300	
trad_left_1.png	20509	178	657	300	
trad_left_1.png	20825	112	604	183	
trad_left_1.png	21042	128	400	150	
trad_left_1.png	21225	99	205	250	
trad_left_1.png	21525	79	19	33	
trad_left_1.png	21591	231	278	167	
trad_left_1.png	21758	216	254	67	
trad_left_1.png	21858	169	314	333	
trad_left_1.png	22191	168	257	216	
trad_left_1.png	22408	123	218	83	
trad_left_1.png	22541	123	223	233	
trad_left_1.png	22807	92	452	350	
trad_left_1.png	23174	80	548	150	
trad_left_1.png	23540	79	560	966	
trad_left_1.png	24556	81	548	799	
trad_bottom_5.png	25556	791	889	117	
trad_bottom_5.png	25722	135	786	166	
trad_bottom_5.png	25889	101	736	150	
trad_bottom_5.png	26039	102	678	133	
trad_bottom_5.png	26205	528	580	33	
trad_bottom_5.png	26238	540	576	100	
trad_bottom_5.png	26388	431	245	33	
trad_bottom_5.png	26438	437	242	50	
trad_bottom_5.png	26488	440	294	33	
trad_bottom_5.png	26538	341	-5	50	
trad_bottom_5.png	26588	353	5	50	
trad_bottom_5.png	26738	865	130	33	
trad_bottom_5.png	26788	838	-60	83	
trad_bottom_5.png	26871	857	37	33	
trad_bottom_5.png	26988	1183	-30	83	
trad_bottom_5.png	27137	1173	171	150	
trad_bottom_5.png	27337	1491	464	200	
trad_bottom_5.png	27587	1488	464	50	
trad_bottom_5.png	27720	507	569	134	
trad_bottom_5.png	27854	546	602	133	
trad_bottom_5.png	28070	1494	390	150	
trad_bottom_5.png	28253	1459	411	33	
trad_bottom_5.png	28303	1465	548	250	
trad_bottom_5.png	28603	1480	485	166	
trad_bottom_5.png	28786	1400	465	366	
trad_bottom_5.png	29319	1431	388	183	
trad_bottom_5.png	29502	1441	404	33	
trad_bottom_5.png	29536	1521	394	333	
trad_bottom_5.png	29869	1496	438	267	
trad_bottom_5.png	30135	1492	429	33	
trad_bottom_5.png	30169	1507	448	33	
trad_bottom_5.png	30202	1488	507	50	
trad_bottom_5.png	30319	1493	511	33	
trad_bottom_5.png	30352	1523	494	116	
trad_bottom_5.png	30486	1454	525	66	
trad_bottom_5.png	30618	1430	543	83	
trad_bottom_5.png	30702	1412	547	450	
trad_bottom_5.png	31151	1481	610	300	
trad_bottom_5.png	31468	1154	649	117	
trad_bottom_5.png	31651	1118	680	166	
trad_bottom_5.png	31834	1418	617	33	
trad_bottom_5.png	31868	1420	619	167	
trad_bottom_5.png	32051	1471	623	300	
trad_bottom_5.png	32351	1534	612	133	
trad_bottom_5.png	32484	1535	548	266	
trad_bottom_5.png	32767	1475	622	150	
trad_bottom_5.png	32950	1115	670	200	
trad_bottom_5.png	33150	1076	624	250	
trad_bottom_5.png	33433	1402	523	33	
trad_bottom_5.png	33466	1420	519	67	
trad_bottom_5.png	33533	1401	539	83	
trad_bottom_5.png	33666	1397	534	33	
trad_bottom_5.png	33700	1412	491	333	
trad_bottom_5.png	34049	1101	644	166	
trad_bottom_5.png	34233	1113	683	83	
trad_bottom_5.png	34516	971	756	83	
trad_bottom_5.png	34666	818	572	33	
trad_bottom_5.png	34699	814	587	116	
trad_bottom_5.png	34832	1087	569	50	
trad_bottom_5.png	34882	1073	596	117	
trad_bottom_5.png	35015	1025	351	217	
trad_bottom_5.png	35265	960	172	50	
trad_bottom_5.png	35315	964	212	83	
trad_bottom_5.png	35482	924	96	50	
trad_bottom_5.png	35582	1172	282	33	
trad_bottom_5.png	35682	1161	266	150	
trad_bottom_5.png	35848	1194	378	200	
trad_bottom_5.png	36048	1204	362	100	
trad_bottom_5.png	36181	1185	186	133	
trad_bottom_5.png	36315	1227	172	183	
trad_bottom_5.png	36498	1185	168	33	
trad_bottom_5.png	36548	1208	322	100	
trad_bottom_5.png	36698	1201	323	33	
trad_bottom_5.png	36731	1164	322	200	
trad_bottom_5.png	36947	1205	358	167	
trad_bottom_5.png	37114	1234	293	400	
trad_bottom_5.png	37514	1233	270	183	
trad_bottom_5.png	37714	1206	370	333	
trad_bottom_5.png	38047	1319	375	366	
trad_bottom_5.png	38430	1335	276	116	
trad_bottom_5.png	38563	1344	160	50	
trad_bottom_5.png	38680	1362	102	50	
trad_bottom_5.png	38746	1368	215	34	
trad_bottom_5.png	38780	1384	205	33	
trad_bottom_5.png	38863	1292	398	67	
trad_bottom_5.png	38929	1266	408	100	
trad_bottom_5.png	39029	1168	465	233	
trad_bottom_5.png	39396	1060	515	117	
trad_bottom_5.png	39512	1051	550	166	
trad_bottom_5.png	39729	1055	545	133	
trad_bottom_5.png	39862	1074	618	400	
trad_bottom_5.png	40295	1455	552	133	
trad_bottom_5.png	40428	1445	570	150	
trad_bottom_5.png	40578	1473	617	283	
trad_bottom_5.png	40878	1479	525	333	
trad_bottom_5.png	41211	1406	546	100	
trad_bottom_5.png	41311	1401	554	117	
trad_bottom_5.png	41461	1112	606	150	
trad_bottom_5.png	41611	1071	622	83	
trad_bottom_5.png	41744	1070	625	150	
trad_bottom_5.png	41927	1241	603	133	
trad_bottom_5.png	42094	1387	572	266	
trad_bottom_5.png	42361	1417	624	67	
trad_bottom_5.png	42427	1416	635	83	
trad_bottom_5.png	42527	1156	672	150	
trad_bottom_5.png	42760	1109	688	233	
trad_bottom_5.png	43110	659	610	33	
trad_bottom_5.png	43143	654	607	183	
trad_bottom_5.png	43360	366	479	67	
trad_bottom_5.png	43426	405	478	166	
trad_bottom_5.png	43626	168	697	167	
trad_bottom_5.png	43826	495	596	100	
trad_bottom_5.png	43943	516	575	117	
trad_bottom_5.png	44076	550	523	150	
trad_bottom_5.png	44243	518	454	117	
trad_bottom_5.png	44409	1103	749	150	
trad_bottom_5.png	44559	1106	713	150	
trad_bottom_5.png	44776	1109	693	833	
trad_bottom_5.png	45642	678	636	100	
trad_bottom_5.png	45792	671	639	83	
trad_bottom_5.png	45875	632	669	67	
trad_bottom_5.png	46008	413	237	133	
trad_bottom_5.png	46141	416	187	33	
trad_bottom_5.png	46208	396	191	50	
trad_bottom_5.png	46324	930	166	33	
trad_bottom_5.png	46441	1276	613	50	
trad_bottom_5.png	46508	1173	659	50	
trad_bottom_5.png	46574	1107	689	466	
trad_left_2.png	47091	199	433	150	
trad_left_2.png	47441	44	494	83	
trad_left_2.png	47574	413	515	50	
trad_left_2.png	47624	435	558	133	
trad_left_2.png	47807	437	563	83	
trad_left_2.png	47907	504	780	33	
trad_left_2.png	47940	498	794	266	
trad_left_2.png	48223	436	791	233	
trad_left_2.png	48457	458	789	316	
trad_left_2.png	48823	462	791	33	
trad_left_2.png	48856	397	797	383	
trad_left_2.png	49256	495	870	266	
trad_left_2.png	49539	412	869	250	
trad_left_2.png	49822	411	868	67	
trad_left_2.png	49906	372	856	167	
trad_left_2.png	50072	365	809	233	
trad_left_2.png	50305	341	782	366	
trad_left_2.png	50688	419	777	450	
trad_left_2.png	51138	291	798	433	
trad_left_2.png	51754	363	746	67	
trad_left_2.png	51871	366	744	250	
trad_left_2.png	52121	365	806	316	
trad_left_2.png	52437	369	831	183	
trad_left_2.png	52637	416	826	183	
trad_left_2.png	52870	420	829	267	
trad_left_2.png	53137	358	887	366	
trad_left_2.png	53503	308	827	183	
trad_left_2.png	53686	319	786	150	
trad_left_2.png	53886	318	787	67	
trad_left_2.png	53970	365	780	167	
trad_left_2.png	54136	427	778	500	
trad_left_2.png	54636	383	758	216	
trad_left_2.png	54902	386	759	33	
trad_left_2.png	54936	354	751	166	
trad_left_2.png	55119	376	731	633	
trad_left_2.png	55752	393	720	316	
trad_left_2.png	56068	442	718	233	
trad_left_2.png	56318	488	726	167	
trad_left_2.png	56485	391	725	200	
trad_left_2.png	56701	353	735	166	
trad_left_2.png	56918	316	764	150	
trad_left_2.png	57068	283	794	250	
trad_left_2.png	57334	274	691	233	
trad_left_2.png	57584	285	607	166	
trad_left_2.png	57750	346	569	133	
trad_left_2.png	57950	398	558	300	
trad_left_2.png	58267	342	543	466	
trad_left_2.png	58750	370	569	33	
trad_left_2.png	58783	372	570	450	
trad_left_2.png	59249	323	601	233	
trad_left_2.png	59499	385	572	400	
trad_left_2.png	59949	346	601	183	
trad_left_2.png	60132	386	634	200	
trad_left_2.png	60332	448	627	183	
trad_left_2.png	60532	505	629	333	
trad_left_2.png	60965	492	496	117	
trad_left_2.png	61081	505	445	167	
trad_left_2.png	61248	486	322	266	
trad_left_2.png	61515	403	269	200	
trad_left_2.png	61781	191	121	67	
trad_left_2.png	61881	200	54	33	
trad_left_2.png	61964	207	63	33	
trad_left_2.png	62048	441	280	50	
trad_left_2.png	62247	388	628	100	
trad_left_2.png	62347	380	607	150	
trad_left_2.png	62497	405	590	250	
trad_left_2.png	62747	356	581	183	
trad_left_2.png	62980	361	583	33	
trad_left_2.png	63047	340	755	499	
trad_left_2.png	63563	446	749	150	
trad_left_2.png	63729	308	804	167	
trad_left_2.png	63896	283	803	50	
trad_left_2.png	63996	284	808	100	
trad_left_2.png	64362	293	716	133	
trad_left_2.png	64495	337	636	267	
trad_left_2.png	64779	388	604	150	
trad_left_2.png	64928	400	588	200	
trad_left_2.png	65128	374	551	300	
trad_left_2.png	65428	363	571	316	
trad_left_2.png	65745	402	552	183	
trad_left_2.png	66011	335	541	217	
trad_left_2.png	66228	314	580	233	
trad_left_2.png	66477	332	617	366	
trad_left_2.png	66844	285	608	133	
trad_left_2.png	67027	284	607	50	
trad_left_2.png	67077	264	547	167	
trad_left_2.png	67277	283	448	350	
trad_left_2.png	67627	310	513	200	
trad_left_2.png	67826	222	500	167	
trad_left_2.png	68043	232	486	83	
trad_left_2.png	68126	239	462	166	
trad_left_2.png	68293	270	416	267	
trad_left_2.png	68559	290	410	200	
trad_left_2.png	68776	203	517	33	
trad_left_2.png	68809	197	526	166	
trad_left_2.png	68976	185	576	233	
trad_left_2.png	69242	245	778	266	
trad_left_2.png	69509	313	832	167	
trad_left_2.png	69675	331	836	216	
trad_left_2.png	69908	412	861	100	
trad_left_2.png	70058	413	857	100	
trad_left_2.png	70158	467	863	183	
trad_left_2.png	70358	433	821	133	
trad_left_2.png	70508	309	790	183	
trad_left_2.png	70708	254	776	183	
trad_left_2.png	70908	204	674	116	
trad_left_2.png	71074	204	675	50	
trad_left_2.png	71141	222	776	217	
trad_left_2.png	71407	186	551	283	
trad_left_2.png	71707	247	469	183	
trad_left_2.png	71890	290	412	166	
trad_left_2.png	72074	336	317	200	
trad_left_2.png	72273	302	304	33	
trad_left_2.png	72307	462	305	150	
trad_left_2.png	72457	493	330	133	
trad_left_2.png	72623	203	165	33	
trad_left_2.png	72657	182	161	33	
trad_left_2.png	72690	179	155	50	
trad_left_2.png	72757	181	115	150	
trad_left_2.png	72940	207	473	100	
trad_left_2.png	73090	209	486	100	
trad_left_2.png	73190	241	451	133	
trad_left_2.png	73439	250	439	117	
trad_left_2.png	73573	293	408	300	
trad_left_2.png	73889	247	522	166	
trad_left_2.png	74106	248	528	100	
trad_left_2.png	74222	304	590	200	
trad_left_2.png	74422	392	549	200	
trad_left_2.png	74655	286	526	300	
trad_left_2.png	74955	316	550	183	
trad_left_2.png	75155	284	422	366	
trad_left_2.png	75538	236	451	383	
trad_left_2.png	75938	289	539	133	
trad_left_2.png	76121	293	605	283	
trad_left_2.png	76421	406	631	217	
trad_left_2.png	76671	255	494	150	
trad_left_2.png	76820	247	468	266	
trad_left_2.png	77137	250	548	300	
trad_left_2.png	77453	185	583	433	
trad_left_2.png	77903	191	570	799	
trad_left_2.png	78719	268	669	383	
trad_left_2.png	79152	297	681	67	
trad_left_2.png	79369	552	425	133	
trad_left_2.png	79519	519	438	33	
trad_left_2.png	79552	511	460	133	
trad_left_2.png	79702	512	360	200	
trad_left_2.png	79935	188	556	33	
trad_left_2.png	79968	184	566	150	
trad_left_2.png	80168	183	559	300	
trad_bottom_4.png	80468	724	478	150	
trad_bottom_4.png	80668	827	837	150	
trad_bottom_4.png	80818	821	910	33	
trad_bottom_4.png	80851	829	927	117	
trad_bottom_4.png	81034	181	760	200	
trad_bottom_4.png	81251	177	756	33	
trad_bottom_4.png	81401	1499	786	150	
trad_bottom_4.png	81551	1564	756	33	
trad_bottom_4.png	81601	1556	751	50	
trad_bottom_4.png	81701	1386	369	150	
trad_bottom_4.png	81867	1283	229	183	
trad_bottom_4.png	82084	1023	114	50	
trad_bottom_4.png	82200	1040	90	50	
trad_bottom_4.png	82350	517	-130	34	
trad_bottom_4.png	82417	486	36	83	
trad_bottom_4.png	82583	224	272	100	
trad_bottom_4.png	82766	1025	245	33	
trad_bottom_4.png	82833	1023	232	33	
trad_bottom_4.png	82966	988	264	183	
trad_bottom_4.png	83233	1090	333	150	
trad_bottom_4.png	83399	1128	89	33	
trad_bottom_4.png	83433	1131	78	83	
trad_bottom_4.png	83516	1138	116	66	
trad_bottom_4.png	83582	1146	126	34	
trad_bottom_4.png	83616	1111	126	33	
trad_bottom_4.png	83649	1102	181	33	
trad_bottom_4.png	83699	1134	303	283	
trad_bottom_4.png	83999	1188	433	83	
trad_bottom_4.png	84082	1176	424	83	
trad_bottom_4.png	84199	1177	425	67	
trad_bottom_4.png	84299	1261	310	216	
trad_bottom_4.png	84515	1279	279	167	
trad_bottom_4.png	84715	1256	204	117	
trad_bottom_4.png	84832	1257	201	150	
trad_bottom_4.png	84998	1243	240	166	
trad_bottom_4.png	85215	1235	314	250	
trad_bottom_4.png	85465	1265	381	233	
trad_bottom_4.png	85698	1280	384	283	
trad_bottom_4.png	85998	1217	434	150	
trad_bottom_4.png	86147	1283	378	33	
trad_bottom_4.png	86231	1286	371	133	
trad_bottom_4.png	86364	1279	309	366	
trad_bottom_4.png	86730	1277	291	233	
trad_bottom_4.png	86964	1277	385	283	
trad_bottom_4.png	87263	1203	456	250	
trad_bottom_4.png	87513	1206	462	67	
trad_bottom_4.png	87613	1459	543	283	
trad_bottom_4.png	87913	1435	469	200	
trad_bottom_4.png	88246	1191	437	350	
trad_bottom_4.png	88596	1145	446	67	
trad_bottom_4.png	88662	1148	453	117	
trad_bottom_4.png	88779	1203	463	133	
trad_bottom_4.png	88912	1189	469	200	
trad_bottom_4.png	89112	1194	471	100	
trad_bottom_4.png	89262	1191	468	167	
trad_bottom_4.png	89478	708	319	33	
trad_bottom_4.png	89512	691	321	133	
trad_bottom_4.png	89712	421	295	133	
trad_bottom_4.png	89845	453	318	150	
trad_bottom_4.png	90045	163	681	200	
trad_bottom_4.png	90295	803	875	150	
trad_bottom_4.png	90511	1612	752	50	
trad_bottom_4.png	90561	1522	798	117	
trad_bottom_4.png	90678	1553	787	133	
trad_bottom_4.png	90844	1375	549	83	
trad_bottom_4.png	90927	1247	487	100	
trad_bottom_4.png	91027	1210	472	200	
trad_bottom_4.png	91277	1184	445	33	
trad_bottom_4.png	91377	1148	149	33	
trad_bottom_4.png	91427	1144	144	33	
trad_bottom_4.png	91477	1137	101	33	
trad_bottom_4.png	91510	1138	128	50	
trad_bottom_4.png	91577	1299	67	83	
trad_bottom_4.png	91677	1260	80	33	
trad_bottom_4.png	91827	746	126	33	
trad_bottom_4.png	91860	708	92	33	
trad_bottom_4.png	91894	738	130	50	
trad_bottom_4.png	92077	1011	179	166	
trad_bottom_4.png	92293	974	215	66	
trad_bottom_4.png	92377	1111	244	183	
trad_bottom_4.png	92593	788	295	33	
trad_bottom_4.png	92626	804	310	133	
trad_bottom_4.png	92793	1124	327	33	
trad_bottom_4.png	92826	1137	330	166	
trad_bottom_4.png	92993	1105	372	433	
trad_bottom_4.png	93426	1140	353	233	
trad_bottom_4.png	93659	1164	325	83	
trad_bottom_4.png	93742	1146	311	150	
trad_bottom_4.png	93925	1237	87	67	
trad_bottom_4.png	93992	1221	87	33	
trad_bottom_4.png	94042	1221	137	116	
trad_left_3.png	94192	632	462	33	
trad_left_3.png	94309	624	485	100	
trad_left_3.png	94425	355	542	33	
trad_left_3.png	94459	337	543	116	
trad_left_3.png	94725	39	488	183	
trad_left_3.png	94925	277	441	333	
trad_left_3.png	95324	428	404	150	
trad_left_3.png	95491	443	335	150	
trad_left_3.png	95641	454	261	233	
trad_left_3.png	95874	465	209	250	
trad_left_3.png	96124	433	199	333	
trad_left_3.png	96490	465	163	67	
trad_left_3.png	96557	477	169	233	
trad_left_3.png	96823	443	156	100	
trad_left_3.png	96923	442	179	100	
trad_left_3.png	97023	462	162	50	
trad_left_3.png	97107	388	184	183	
trad_left_3.png	97340	384	187	83	
trad_left_3.png	97423	427	245	283	
trad_left_3.png	97723	375	238	167	
trad_left_3.png	97889	357	217	116	
trad_left_3.png	98023	420	-161	83	
trad_left_3.png	98106	358	228	34	
trad_left_3.png	98140	379	144	33	
trad_left_3.png	98173	325	270	50	
trad_left_3.png	98239	320	275	50	
trad_left_3.png	98339	352	225	83	
trad_left_3.png	98589	303	357	100	
trad_left_3.png	98689	301	388	33	
trad_left_3.png	98722	290	396	333	
trad_left_3.png	99055	287	422	450	
trad_left_3.png	99505	270	419	133	
trad_left_3.png	99655	234	325	33	
trad_left_3.png	99688	247	331	366	
trad_left_3.png	100055	226	429	267	
trad_left_3.png	100371	231	437	83	
trad_left_3.png	100471	255	460	150	
trad_left_3.png	100621	281	456	216	
trad_left_3.png	100837	258	412	200	
trad_left_3.png	101037	231	318	300	
trad_left_3.png	101387	244	309	67	
trad_left_3.png	101470	193	335	266	
trad_left_3.png	101737	166	431	200	
trad_left_3.png	101953	146	477	350	
trad_left_3.png	102336	268	330	83	
trad_left_3.png	102420	303	232	50	
trad_left_3.png	102470	277	274	100	
trad_left_3.png	102586	383	211	167	
trad_left_3.png	102753	381	218	83	
trad_left_3.png	102853	284	302	516	
trad_left_3.png	103436	299	389	366	
trad_left_3.png	103802	248	337	150	
trad_left_3.png	103969	243	328	200	
trad_left_3.png	104202	142	520	150	
trad_left_3.png	104352	141	498	200	
trad_left_3.png	104568	208	682	216	
trad_left_3.png	104785	330	730	83	
trad_left_3.png	104868	348	727	167	
trad_left_3.png	105051	446	776	333	
trad_left_3.png	105434	501	674	266	
trad_left_3.png	105701	491	619	216	
trad_left_3.png	106117	484	501	67	
trad_left_3.png	106234	293	850	166	
trad_left_3.png	106450	294	846	33	
trad_left_3.png	106484	274	852	67	
trad_left_3.png	106584	480	728	183	
trad_left_3.png	106783	453	772	200	
trad_left_3.png	106983	400	780	233	
trad_left_3.png	107233	371	763	283	
trad_left_3.png	107516	331	758	183	
trad_left_3.png	107700	323	683	216	
trad_left_3.png	107916	305	636	333	
trad_left_3.png	108266	390	648	150	
trad_left_3.png	108466	393	642	650	
trad_left_3.png	109115	336	640	300	
trad_left_3.png	109482	348	737	150	
trad_left_3.png	109631	378	775	233	
trad_left_3.png	109865	431	774	100	
trad_left_3.png	109998	292	757	250	
trad_left_3.png	110264	256	655	133	
trad_left_3.png	110398	251	652	67	
trad_left_3.png	110481	235	637	150	
trad_left_3.png	110831	189	501	33	
trad_left_3.png	110881	190	496	33	
trad_left_3.png	110914	192	504	50	
trad_left_3.png	110981	148	482	333	
trad_left_3.png	111314	194	449	133	
trad_left_3.png	111514	206	398	283	
trad_left_3.png	111813	152	517	133	
trad_left_3.png	111963	185	614	133	
trad_left_3.png	112097	151	478	366	
trad_left_3.png	112513	132	484	167	
trad_left_3.png	112680	104	501	150	
trad_left_3.png	112846	141	486	400	
trad_left_3.png	113329	163	98	100	
trad_left_3.png	113512	139	45	50	
trad_left_3.png	113562	133	13	67	
trad_left_3.png	113629	151	68	33	
trad_left_3.png	113779	137	94	33	
trad_left_3.png	113812	122	-14	83	
trad_left_3.png	113946	143	489	183	
trad_left_3.png	114162	135	485	316	
trad_left_3.png	114528	135	488	316	
trad_left_3.png	114861	173	611	183	
trad_left_3.png	115061	140	495	400	
trad_bottom_3.png	115544	1314	487	100	
trad_bottom_3.png	115661	1269	480	50	
trad_bottom_3.png	115744	1211	296	133	
trad_bottom_3.png	115877	1203	262	116	
trad_bottom_3.png	116127	860	307	167	
trad_bottom_3.png	116377	324	122	100	
trad_bottom_3.png	116577	59	481	100	
trad_bottom_3.png	116693	122	508	67	
trad_bottom_3.png	116810	104	617	116	
trad_bottom_3.png	116943	161	468	350	
trad_bottom_3.png	117360	898	239	33	
trad_bottom_3.png	117426	848	283	83	
trad_bottom_3.png	117560	848	282	83	
trad_bottom_3.png	117693	991	-6	100	
trad_bottom_3.png	117792	997	-62	133	
trad_bottom_3.png	117960	994	168	183	
trad_bottom_3.png	118209	969	319	250	
trad_bottom_3.png	118475	997	386	217	
trad_bottom_3.png	118692	1030	260	183	
trad_bottom_3.png	118875	1043	194	333	
trad_bottom_3.png	119258	1066	367	266	
trad_bottom_3.png	119575	1118	388	50	
trad_bottom_3.png	119675	1132	197	200	
trad_bottom_3.png	119908	1253	195	100	
trad_bottom_3.png	120008	1220	248	100	
trad_bottom_3.png	120124	1147	380	283	
trad_bottom_3.png	120408	1190	373	133	
trad_bottom_3.png	120591	1195	379	183	
trad_bottom_3.png	120791	1098	445	233	
trad_bottom_3.png	121040	1254	327	316	
trad_bottom_3.png	121390	1189	451	166	
trad_bottom_3.png	121590	1095	484	67	
trad_bottom_3.png	121823	1277	396	167	
trad_bottom_3.png	121990	1288	347	250	
trad_bottom_3.png	122240	1291	344	33	
trad_bottom_3.png	122273	1275	424	233	
trad_bottom_3.png	122523	1109	472	50	
trad_bottom_3.png	122606	1091	464	333	
trad_bottom_3.png	122956	1263	458	167	
trad_bottom_3.png	123122	1253	449	166	
trad_bottom_3.png	123289	1271	428	216	
trad_bottom_3.png	123522	1102	449	33	
trad_bottom_3.png	123622	1092	454	500	
trad_bottom_3.png	124155	1297	364	83	
trad_bottom_3.png	124238	1281	369	300	
trad_bottom_3.png	124571	1094	419	33	
trad_bottom_3.png	124638	1094	439	400	
trad_bottom_3.png	125054	1104	499	150	
trad_bottom_3.png	125238	1405	457	116	
trad_bottom_3.png	125354	1385	449	50	
trad_bottom_3.png	125421	1410	408	150	
trad_bottom_3.png	125604	1110	500	33	
trad_bottom_3.png	125637	1090	501	316	
trad_bottom_3.png	126004	1482	330	83	
trad_bottom_3.png	126087	1444	362	250	
trad_bottom_3.png	126353	1401	429	83	
trad_bottom_3.png	126453	1398	200	150	
trad_bottom_3.png	126653	1399	202	83	
trad_bottom_3.png	126753	1309	298	300	
trad_bottom_3.png	127070	1394	189	116	
trad_bottom_3.png	127186	1411	95	333	
trad_bottom_3.png	127519	1421	63	117	
trad_bottom_3.png	127669	1418	65	50	
trad_bottom_3.png	127752	1434	350	133	
trad_bottom_3.png	127886	1421	330	266	
trad_bottom_3.png	128152	1388	394	283	
trad_bottom_3.png	128452	1400	452	150	
trad_bottom_3.png	128602	1397	454	250	
trad_bottom_3.png	128868	1155	493	33	
trad_bottom_3.png	128902	1138	496	250	
trad_bottom_3.png	129151	1111	516	233	
trad_bottom_3.png	129418	997	581	217	
trad_bottom_3.png	129784	1558	677	50	
trad_bottom_3.png	129834	1525	679	100	
trad_bottom_3.png	130001	829	546	150	
trad_bottom_3.png	130201	207	408	183	
trad_bottom_3.png	130384	237	418	116	
trad_bottom_3.png	130517	244	247	67	
trad_bottom_3.png	130617	261	84	33	
trad_bottom_3.png	130834	850	536	117	
trad_bottom_3.png	130967	947	620	133	
trad_bottom_3.png	131100	949	600	566	
trad_left_4.png	131700	397	591	366	
trad_left_4.png	132283	295	288	67	
trad_left_4.png	132366	270	249	83	
trad_left_4.png	132449	256	281	33	
trad_left_4.png	132516	412	584	150	
trad_left_4.png	132716	408	587	83	
trad_left_4.png	132816	480	753	300	
trad_left_4.png	133115	480	665	150	
trad_left_4.png	133282	401	586	183	
trad_left_4.png	133515	269	219	50	
trad_left_4.png	133565	292	161	117	
trad_left_4.png	133732	292	165	33	
trad_left_4.png	133998	493	382	133	
trad_left_4.png	134165	494	380	67	
trad_left_4.png	134248	424	545	183	
trad_left_4.png	134448	407	580	466	
trad_left_4.png	134931	447	700	233	
trad_left_4.png	135181	486	885	200	
trad_left_4.png	135431	440	625	150	
trad_left_4.png	135597	410	602	100	
trad_left_4.png	135747	408	598	100	
trad_left_4.png	135847	381	577	200	
trad_left_4.png	136047	409	576	316	
trad_left_4.png	136363	374	582	350	
trad_left_4.png	136763	362	593	500	
trad_left_4.png	137263	408	598	300	
trad_left_4.png	137562	371	595	166	
trad_left_4.png	137779	371	596	83	
trad_left_4.png	137879	324	619	383	
trad_left_4.png	138262	344	580	217	
trad_left_4.png	138662	291	603	83	
trad_left_4.png	138778	391	554	67	
trad_left_4.png	138845	385	569	283	
trad_left_4.png	139128	351	570	217	
trad_left_4.png	139345	321	571	266	
trad_left_4.png	139628	281	609	117	
trad_left_4.png	139794	280	613	116	
trad_left_4.png	139911	313	650	300	
trad_left_4.png	140211	284	605	266	
trad_left_4.png	140477	326	559	150	
trad_left_4.png	140627	328	529	133	
trad_left_4.png	140810	326	526	67	
trad_left_4.png	140894	419	561	233	
trad_left_4.png	141127	403	557	183	
trad_left_4.png	141310	370	566	283	
trad_left_4.png	141610	408	564	283	
trad_left_4.png	141893	366	567	283	
trad_left_4.png	142176	325	563	316	
trad_left_4.png	142509	306	575	217	
trad_left_4.png	142726	284	612	50	
trad_left_4.png	142825	287	616	67	
trad_left_4.png	142909	336	656	200	
trad_left_4.png	143109	364	633	150	
trad_left_4.png	143259	368	597	516	
trad_left_4.png	143858	267	608	550	
trad_left_4.png	144424	358	562	233	
trad_left_4.png	144674	401	578	300	
trad_left_4.png	144974	352	576	266	
trad_left_4.png	145407	349	548	133	
trad_left_4.png	145540	389	551	266	
trad_left_4.png	145857	411	555	250	
trad_left_4.png	146107	368	558	716	
trad_left_4.png	146873	362	569	50	
trad_left_4.png	146923	323	569	316	
trad_left_4.png	147239	412	572	300	
trad_left_4.png	147556	368	570	383	
trad_left_4.png	147939	305	591	350	
trad_left_4.png	148288	369	612	183	
trad_left_4.png	148472	387	599	200	
trad_left_4.png	148672	408	589	167	
trad_left_4.png	148888	407	591	50	
trad_left_4.png	148955	338	661	366	
trad_left_4.png	149338	283	620	316	
trad_left_4.png	149904	273	595	849	
trad_left_4.png	150804	466	847	67	
trad_left_4.png	150904	473	851	216	
trad_left_4.png	151137	463	808	166	
trad_left_4.png	151320	501	712	116	
trad_left_4.png	151470	504	578	166	
trad_left_4.png	151653	492	479	166	
trad_left_4.png	151836	495	376	33	
trad_left_4.png	151919	496	370	83	
trad_left_4.png	152019	484	315	150	
trad_left_4.png	152202	253	204	33	
trad_left_4.png	152269	283	160	133	
trad_left_4.png	152419	161	10	34	
trad_left_4.png	152453	149	107	83	
trad_left_4.png	152569	135	-24	133	
trad_left_4.png	152752	282	572	133	
trad_left_4.png	152935	273	623	150	
trad_left_4.png	153102	139	916	150	
trad_left_4.png	153252	158	906	50	
trad_left_4.png	153302	141	908	117	
trad_left_4.png	153452	269	623	766	
trad_top_3.png	154251	477	600	67	
trad_top_3.png	154318	477	595	117	
trad_top_3.png	154468	389	874	216	
trad_top_3.png	154701	564	893	150	
trad_top_3.png	154884	879	887	133	
trad_top_3.png	155034	725	818	150	
trad_top_3.png	155333	1438	776	150	
trad_top_3.png	155517	1507	507	150	
trad_top_3.png	155733	853	316	150	
trad_top_3.png	155883	878	313	50	
trad_top_3.png	155966	880	320	183	
trad_top_3.png	156183	766	651	200	
trad_top_3.png	156400	879	828	233	
trad_top_3.png	156666	720	826	150	
trad_top_3.png	156849	519	740	83	
trad_top_3.png	156983	508	740	116	
trad_top_3.png	157116	392	793	166	
trad_top_3.png	157299	357	889	233	
trad_top_3.png	157549	376	759	266	
trad_top_3.png	157815	357	672	133	
trad_top_3.png	157998	356	666	83	
trad_top_3.png	158115	533	855	250	
trad_top_3.png	158398	496	674	283	
trad_top_3.png	158715	503	558	200	
trad_top_3.png	158915	481	510	200	
trad_top_3.png	159148	596	632	350	
trad_top_3.png	159497	652	674	150	
trad_top_3.png	159647	663	601	316	
trad_top_3.png	160014	666	599	233	
trad_top_3.png	160280	614	853	250	
trad_top_3.png	160547	588	808	167	
trad_top_3.png	160763	569	566	83	
trad_top_3.png	160863	512	498	100	
trad_top_3.png	161030	461	447	83	
trad_top_3.png	161113	479	475	33	
trad_top_3.png	161180	729	477	100	
trad_top_3.png	161280	715	480	133	
trad_top_3.png	161429	700	771	250	
trad_top_3.png	161696	718	604	200	
trad_top_3.png	161896	739	556	83	
trad_top_3.png	161979	739	553	100	
trad_top_3.png	162096	769	479	150	
trad_top_3.png	162246	823	438	133	
trad_top_3.png	162379	811	416	67	
trad_top_3.png	162479	861	740	350	
trad_top_3.png	162845	896	603	150	
trad_top_3.png	163045	900	503	200	
trad_top_3.png	163261	844	394	167	
trad_top_3.png	163428	814	391	133	
trad_top_3.png	163578	529	351	166	
trad_top_3.png	163744	603	321	167	
trad_top_3.png	163911	615	315	100	
trad_top_3.png	164078	1016	340	166	
trad_top_3.png	164244	990	370	83	
trad_top_3.png	164377	1307	549	117	
trad_top_3.png	164527	1308	854	200	
trad_top_3.png	164761	1106	913	133	
trad_top_3.png	164911	1128	704	83	
trad_top_3.png	165027	1170	512	83	
trad_top_3.png	165110	1196	460	50	
trad_top_3.png	165160	1184	436	200	
trad_top_3.png	165377	956	372	183	
trad_top_3.png	165593	679	352	117	
trad_top_3.png	165743	632	329	100	
trad_top_3.png	165943	1016	372	83	
trad_top_3.png	166076	1018	376	33	
trad_top_3.png	166193	155	570	183	
trad_top_3.png	166393	170	563	100	
trad_top_3.png	166559	698	361	50	
trad_top_3.png	166626	710	357	33	
trad_top_3.png	166676	623	332	266	
trad_top_3.png	166976	939	361	33	
trad_top_3.png	167109	1111	407	50	
trad_top_3.png	167192	1286	445	100	
trad_top_3.png	167375	1196	824	183	
trad_top_3.png	167559	1125	901	200	
trad_top_3.png	167792	1137	671	216	
trad_top_3.png	168025	1125	593	150	
trad_top_3.png	168192	1241	451	166	
trad_top_3.png	168375	1289	427	33	
trad_top_3.png	168408	1264	416	150	
trad_top_3.png	168575	1232	531	250	
trad_top_3.png	168841	1115	669	216	
trad_top_3.png	169124	1095	765	233	
trad_top_3.png	169357	1108	882	300	
trad_top_3.png	169674	1093	830	116	
trad_top_3.png	169790	1094	737	200	
trad_top_3.png	169990	1094	708	83	
trad_top_3.png	170174	1166	486	100	
trad_top_3.png	170273	1156	477	67	
trad_top_3.png	170373	1284	416	250	
trad_top_3.png	170657	1166	595	166	
trad_top_3.png	170840	1123	658	166	
trad_top_3.png	171023	1091	735	250	
trad_top_3.png	171289	1088	787	133	
trad_top_3.png	171439	1341	842	100	
trad_top_3.png	171539	1350	834	217	
trad_top_3.png	171772	1486	920	183	
trad_top_3.png	171972	1156	807	117	
trad_top_3.png	172139	1152	802	33	
trad_top_3.png	172172	1074	801	200	
trad_top_3.png	172389	1064	883	233	
trad_top_3.png	172639	1085	712	283	
trad_top_3.png	172922	1100	692	117	
trad_top_3.png	173188	1221	419	117	
trad_top_3.png	173321	1263	423	83	
trad_top_3.png	173438	683	349	167	
trad_top_3.png	173638	646	308	233	
trad_top_3.png	173904	1006	318	50	
trad_top_3.png	173971	980	339	217	
trad_top_3.png	174221	1291	387	33	
trad_top_3.png	174254	1297	394	83	
trad_top_3.png	174337	1278	420	67	
trad_top_3.png	174454	596	308	67	
trad_top_3.png	174587	653	352	67	
trad_top_3.png	174654	625	324	200	
trad_top_3.png	174870	872	242	100	
trad_top_3.png	174970	998	184	33	
trad_top_3.png	175170	1253	327	100	
trad_top_3.png	175287	1220	229	133	
trad_top_3.png	175486	814	-32	33	
trad_top_3.png	175520	838	93	67	
trad_top_3.png	175603	840	93	50	
trad_top_3.png	175653	830	-48	116	
trad_top_3.png	175803	827	-86	167	
trad_top_3.png	175986	813	-21	100	
trad_top_3.png	176219	596	184	67	
trad_top_3.png	176303	600	194	33	
trad_top_3.png	176453	1266	306	33	
trad_top_3.png	176486	1230	356	183	
trad_top_3.png	176669	1273	353	167	
trad_top_3.png	176852	1258	431	133	
trad_top_3.png	177069	631	-91	33	
trad_top_3.png	177102	634	-100	33	
trad_top_3.png	177135	699	158	50	
trad_top_3.png	177185	686	152	34	
trad_top_3.png	177219	731	207	33	
trad_top_3.png	177302	746	214	100	
trad_top_3.png	177435	579	206	33	
trad_top_3.png	177485	601	178	67	
trad_top_3.png	177568	892	27	33	
trad_top_3.png	177602	908	29	50	
trad_top_3.png	177668	847	103	67	
trad_top_3.png	177752	843	108	83	
trad_top_3.png	177852	840	112	166	
trad_top_3.png	178018	838	-3	67	
trad_top_3.png	178085	821	-31	33	
trad_top_3.png	178235	816	-37	50	
trad_top_3.png	178285	836	-1	33	
trad_top_3.png	178335	838	-18	67	
trad_top_3.png	178418	819	-41	167	
trad_bottom_2.png	178584	850	-20	50	
trad_bottom_2.png	178651	854	-7	33	
trad_bottom_2.png	178718	825	-35	117	
trad_bottom_2.png	178851	568	179	33	
trad_bottom_2.png	178901	574	194	67	
trad_bottom_2.png	179217	271	690	217	
trad_bottom_2.png	179451	290	590	166	
trad_bottom_2.png	179667	990	525	67	
trad_bottom_2.png	179750	966	519	200	
trad_bottom_2.png	179967	967	405	183	
trad_bottom_2.png	180150	928	337	183	
trad_bottom_2.png	180350	797	137	83	
trad_bottom_2.png	180467	785	31	66	
trad_bottom_2.png	180567	676	-73	183	
trad_bottom_2.png	180766	467	96	67	
trad_bottom_2.png	180883	445	114	117	
trad_bottom_2.png	181016	454	119	33	
trad_bottom_2.png	181066	530	354	116	
trad_bottom_2.png	181266	479	264	133	
trad_bottom_2.png	181449	347	356	67	
trad_bottom_2.png	181516	346	355	183	
trad_bottom_2.png	181716	484	224	266	
trad_bottom_2.png	181999	502	331	200	
trad_bottom_2.png	182249	454	410	300	
trad_bottom_2.png	182582	377	400	150	
trad_bottom_2.png	182765	429	307	183	
trad_bottom_2.png	182948	500	256	316	
trad_bottom_2.png	183281	508	178	183	
trad_bottom_2.png	183531	469	388	133	
trad_bottom_2.png	183664	485	382	117	
trad_bottom_2.png	183798	416	430	183	
trad_bottom_2.png	183981	321	381	233	
trad_bottom_2.png	184281	403	432	33	
trad_bottom_2.png	184314	403	423	167	
trad_bottom_2.png	184480	408	432	33	
trad_bottom_2.png	184514	436	441	150	
trad_bottom_2.png	184764	671	362	217	
trad_bottom_2.png	184980	676	233	183	
trad_bottom_2.png	185197	711	-27	33	
trad_bottom_2.png	185280	708	-15	33	
trad_bottom_2.png	185330	689	-51	116	
trad_bottom_2.png	185463	705	251	216	
trad_bottom_2.png	185713	732	377	350	
trad_bottom_2.png	186096	437	409	150	
trad_bottom_2.png	186246	459	419	150	
trad_bottom_2.png	186446	747	402	150	
trad_bottom_2.png	186596	725	406	117	
trad_bottom_2.png	186729	674	455	516	
trad_bottom_2.png	187295	588	496	216	
trad_bottom_2.png	187528	447	454	150	
trad_bottom_2.png	187712	721	458	183	
trad_bottom_2.png	187911	723	415	350	
trad_bottom_2.png	188311	728	406	50	
trad_bottom_2.png	188378	510	398	350	
trad_bottom_2.png	188761	647	453	167	
trad_bottom_2.png	188961	854	403	133	
trad_bottom_2.png	189094	868	379	233	
trad_bottom_2.png	189477	632	450	167	
trad_bottom_2.png	189660	606	487	100	
trad_bottom_2.png	189793	844	420	350	
trad_bottom_2.png	190143	838	410	33	
trad_bottom_2.png	190193	872	362	83	
trad_bottom_2.png	190326	874	357	116	
trad_bottom_2.png	190443	928	356	300	
trad_bottom_2.png	190793	634	497	250	
trad_bottom_2.png	191076	949	473	150	
trad_bottom_2.png	191226	949	405	67	
trad_bottom_2.png	191342	952	410	150	
trad_bottom_2.png	191492	965	376	166	
trad_bottom_2.png	191659	933	326	167	
trad_bottom_2.png	191842	1005	453	266	
trad_bottom_2.png	192109	997	506	333	
trad_bottom_2.png	192608	720	543	133	
trad_bottom_2.png	192758	604	489	33	
trad_bottom_2.png	192791	610	511	233	
trad_bottom_2.png	193025	708	564	216	
trad_bottom_2.png	193274	1085	539	33	
trad_bottom_2.png	193358	1078	538	83	
trad_bottom_2.png	193491	1385	450	50	
trad_bottom_2.png	193541	1365	438	50	
trad_bottom_2.png	193591	1400	344	133	
trad_bottom_2.png	193741	1375	144	150	
trad_bottom_2.png	193907	1344	45	50	
trad_bottom_2.png	193974	1364	30	33	
trad_bottom_2.png	194024	1352	29	33	
trad_bottom_2.png	194074	1336	83	33	
trad_bottom_2.png	194140	1244	437	183	
trad_bottom_2.png	194374	1287	473	150	
trad_bottom_2.png	194540	1338	546	116	
trad_bottom_2.png	194707	817	563	33	
trad_bottom_2.png	194740	811	564	183	
trad_bottom_2.png	194923	714	591	400	
trad_bottom_2.png	195356	1040	569	183	
trad_bottom_2.png	195556	714	593	33	
trad_bottom_2.png	195589	703	592	216	
trad_bottom_2.png	195989	1323	522	166	
trad_bottom_2.png	196172	1299	513	67	
trad_bottom_2.png	196256	1335	430	150	
trad_bottom_2.png	196822	1336	-60	50	
trad_bottom_2.png	196888	1298	-182	34	
trad_bottom_2.png	196955	1284	-58	50	
trad_bottom_2.png	197022	1293	-55	33	
trad_bottom_2.png	197189	1351	-80	50	
trad_bottom_2.png	197272	1292	54	33	
trad_bottom_2.png	197438	1262	385	183	
trad_bottom_2.png	197621	1228	311	167	
trad_bottom_2.png	197821	1253	42	50	
trad_bottom_2.png	197888	1256	24	33	
trad_bottom_2.png	198038	1278	170	33	
trad_bottom_2.png	198171	1252	236	33	
trad_bottom_2.png	198204	1287	222	133	
trad_bottom_2.png	198421	1244	314	483	
trad_bottom_2.png	198920	1249	393	200	
trad_bottom_2.png	199137	1327	250	233	
trad_bottom_2.png	199420	1335	289	250	
trad_bottom_2.png	199687	1341	389	233	
trad_bottom_2.png	199936	1341	393	167	
trad_bottom_2.png	200120	1343	392	67	
trad_bottom_2.png	200203	1289	385	133	
trad_bottom_2.png	200336	1295	450	50	
trad_bottom_2.png	200436	1300	453	116	
trad_bottom_2.png	200586	1456	478	250	
trad_bottom_2.png	200853	1458	406	150	
trad_bottom_2.png	201019	1506	227	183	
trad_bottom_2.png	201202	1521	171	183	
trad_bottom_2.png	201402	1474	373	250	
trad_bottom_2.png	201669	1461	467	233	
trad_bottom_2.png	201918	1354	514	250	
trad_bottom_2.png	202318	1380	524	83	
trad_bottom_2.png	202468	802	584	183	
trad_bottom_2.png	202651	717	601	233	
trad_bottom_2.png	202918	1284	552	33	
trad_bottom_2.png	202951	1301	549	83	
trad_bottom_2.png	203034	1278	549	166	
trad_bottom_2.png	203234	1347	549	167	
trad_bottom_2.png	203467	1089	544	100	
trad_bottom_2.png	203567	1121	537	216	
trad_bottom_2.png	203784	1135	528	200	
trad_bottom_2.png	204000	1151	467	433	
trad_bottom_2.png	204483	1164	526	300	
trad_bottom_2.png	204800	1344	587	200	
trad_bottom_2.png	205033	926	696	416	
trad_bottom_2.png	205499	913	691	566	
trad_bottom_2.png	206116	105	698	33	
trad_bottom_2.png	206149	91	699	50	
trad_bottom_2.png	206216	198	746	83	
trad_bottom_2.png	206315	150	671	150	
trad_bottom_2.png	206515	262	566	116	
trad_bottom_2.png	206682	338	221	216	
trad_bottom_2.png	206915	327	296	100	
trad_bottom_2.png	207048	495	25	100	
trad_bottom_2.png	207165	535	150	33	
trad_bottom_2.png	207198	538	159	66	
trad_bottom_2.png	207315	739	272	33	
trad_bottom_2.png	207348	752	176	83	
trad_bottom_2.png	207498	1666	229	150	
trad_bottom_2.png	207665	1481	404	33	
trad_bottom_2.png	207715	1580	271	33	
trad_left_5.png	207898	302	651	67	
trad_left_5.png	207981	350	663	67	
trad_left_5.png	208048	357	670	116	
trad_left_5.png	208181	99	513	50	
trad_left_5.png	208231	98	531	150	
trad_left_5.png	208564	459	574	83	
trad_left_5.png	208647	464	574	83	
trad_left_5.png	208730	476	602	67	
trad_left_5.png	208814	458	736	216	
trad_left_5.png	209030	458	777	233	
trad_left_5.png	209263	453	709	233	
trad_left_5.png	209547	440	769	216	
trad_left_5.png	209763	415	774	233	
trad_left_5.png	210013	355	775	250	
trad_left_5.png	210280	334	772	117	
trad_left_5.png	210413	362	713	350	
trad_left_5.png	210779	461	588	250	
trad_left_5.png	211029	419	478	200	
trad_left_5.png	211245	303	385	233	
trad_left_5.png	211612	316	83	100	
trad_left_5.png	211712	335	126	33	
trad_left_5.png	211795	278	354	100	
trad_left_5.png	211895	269	376	67	
trad_left_5.png	211962	280	391	333	
trad_left_5.png	212311	237	564	200	
trad_left_5.png	212578	227	607	217	
trad_left_5.png	212794	300	663	233	
trad_left_5.png	213028	343	751	233	
trad_left_5.png	213294	441	773	217	
trad_left_5.png	213527	317	772	150	
trad_left_5.png	213677	275	702	33	
trad_left_5.png	213710	268	675	350	
trad_left_5.png	214077	311	749	183	
trad_left_5.png	214277	452	775	183	
trad_left_5.png	214477	440	621	67	
trad_left_5.png	214593	440	619	67	
trad_left_5.png	214676	453	580	166	
trad_left_5.png	214843	339	597	200	
trad_left_5.png	215060	311	623	233	
trad_left_5.png	215309	232	614	250	
trad_left_5.png	215609	235	611	83	
trad_left_5.png	215692	256	659	200	
trad_left_5.png	215909	228	620	583	
trad_left_5.png	216525	414	442	50	
trad_left_5.png	216609	411	442	183	
trad_left_5.png	216792	410	474	217	
trad_left_5.png	217041	542	755	217	
trad_left_5.png	217275	479	798	117	
trad_left_5.png	217458	140	873	117	
trad_left_5.png	217624	140	876	50	
trad_left_5.png	217674	113	901	100	
trad_left_5.png	217858	285	179	150	
trad_left_5.png	218024	275	122	50	
trad_left_5.png	218107	277	119	33	
trad_left_5.png	218141	274	76	33	
trad_left_5.png	218191	291	-46	133	
trad_left_5.png	218324	316	119	33	
trad_left_5.png	218424	251	664	117	
trad_left_5.png	218541	221	627	50	
trad_bottom_1.png	218641	782	635	200	
trad_bottom_1.png	218857	666	532	117	
trad_bottom_1.png	219124	351	585	183	
trad_bottom_1.png	219323	368	600	216	
trad_bottom_1.png	219540	365	604	33	
trad_bottom_1.png	219590	424	668	50	
trad_bottom_1.png	219640	433	664	183	
trad_bottom_1.png	219823	382	613	183	
trad_bottom_1.png	220006	362	680	216	
trad_bottom_1.png	220256	293	756	266	
trad_bottom_1.png	220556	172	805	67	
trad_bottom_1.png	220656	164	809	33	
trad_bottom_1.png	220739	779	829	33	
trad_bottom_1.png	220772	790	824	150	
trad_bottom_1.png	220922	867	839	167	
trad_bottom_1.png	221122	990	725	117	
trad_bottom_1.png	221272	960	467	150	
trad_bottom_1.png	221455	947	353	133	
trad_bottom_1.png	221772	1030	324	150	
trad_bottom_1.png	221938	1033	400	133	
trad_bottom_1.png	222071	1030	398	33	
trad_bottom_1.png	222105	1026	445	200	
trad_bottom_1.png	222305	933	534	183	
trad_bottom_1.png	222505	882	597	150	
trad_bottom_1.png	222688	638	555	216	
trad_bottom_1.png	222904	633	497	167	
trad_bottom_1.png	223087	421	585	33	
trad_bottom_1.png	223121	401	597	133	
trad_bottom_1.png	223287	529	572	133	
trad_bottom_1.png	223437	559	537	216	
trad_bottom_1.png	223687	540	599	183	
trad_bottom_1.png	223887	491	681	100	
trad_bottom_1.png	223987	495	688	150	
trad_bottom_1.png	224170	892	575	150	
trad_bottom_1.png	224370	892	603	100	
trad_bottom_1.png	224486	1061	666	167	
trad_bottom_1.png	224703	1398	480	50	
trad_bottom_1.png	224753	1383	476	133	
trad_bottom_1.png	224886	1459	527	200	
trad_bottom_1.png	225086	1463	532	83	
trad_bottom_1.png	225186	1488	597	150	
trad_bottom_1.png	225369	1070	688	316	
trad_bottom_1.png	225719	928	648	183	
trad_bottom_1.png	225902	908	602	67	
trad_bottom_1.png	226002	1028	417	300	
trad_bottom_1.png	226335	971	640	150	
trad_bottom_1.png	226485	1028	702	150	
trad_bottom_1.png	226668	960	778	166	
trad_bottom_1.png	226901	441	671	50	
trad_bottom_1.png	226951	452	685	150	
trad_bottom_1.png	227101	494	689	183	
trad_bottom_1.png	227285	389	632	216	
trad_bottom_1.png	227534	434	667	150	
trad_bottom_1.png	227734	436	663	100	
trad_bottom_1.png	227917	351	705	33	
trad_bottom_1.png	227967	379	676	67	
trad_bottom_1.png	228034	383	678	100	
trad_bottom_1.png	228151	389	693	117	
trad_bottom_1.png	228284	326	745	183	
trad_bottom_1.png	228467	299	751	183	
trad_bottom_1.png	228750	846	831	133	
trad_bottom_1.png	228900	864	840	1466	
trad_left_6.png	230399	274	710	83	
trad_left_6.png	230499	262	530	200	
trad_left_6.png	230766	344	564	83	
trad_left_6.png	230882	488	709	233	
trad_left_6.png	231115	493	765	183	
trad_left_6.png	231482	431	771	250	
trad_left_6.png	231781	491	792	200	
trad_left_6.png	231998	427	786	266	
trad_left_6.png	232265	469	775	216	
trad_left_6.png	232481	490	771	266	
trad_left_6.png	232781	439	779	383	
trad_left_6.png	233164	418	778	233	
trad_left_6.png	233563	379	733	183	
trad_left_6.png	233797	366	750	116	
trad_left_6.png	233913	362	659	483	
trad_left_6.png	234413	471	700	250	
trad_left_6.png	234663	422	700	117	
trad_left_6.png	234813	390	675	350	
trad_left_6.png	235179	376	750	383	
trad_left_6.png	235579	365	676	183	
trad_left_6.png	235812	369	674	50	
trad_left_6.png	235879	332	695	133	
trad_left_6.png	236045	498	662	416	
trad_left_6.png	236495	363	697	283	
trad_left_6.png	236828	364	747	333	
trad_left_6.png	237161	343	669	167	
trad_left_6.png	237328	342	636	466	
trad_left_6.png	237861	283	695	333	
trad_left_6.png	238210	271	717	150	
trad_left_6.png	238377	256	804	150	
trad_left_6.png	238544	165	859	150	
trad_left_6.png	238710	252	697	216	
trad_left_6.png	239127	295	599	216	
trad_left_6.png	239360	301	532	150	
trad_left_6.png	239526	284	684	150	
trad_left_6.png	239676	343	600	133	
trad_left_6.png	239893	328	527	300	
trad_left_6.png	240192	359	515	200	
trad_left_6.png	240392	314	504	316	
trad_left_6.png	240709	282	501	117	
trad_left_6.png	240875	285	505	100	
trad_left_6.png	240992	266	662	133	
trad_left_6.png	241142	266	705	283	
trad_left_6.png	241441	237	627	200	
trad_left_6.png	241641	214	581	150	
trad_left_6.png	241791	244	677	50	
trad_left_6.png	241891	254	686	83	
trad_left_6.png	241974	273	703	183	
trad_left_6.png	242341	212	643	50	
trad_left_6.png	242408	201	550	133	
trad_left_6.png	242541	194	513	200	
trad_left_6.png	242757	313	495	83	
trad_left_6.png	242891	314	496	67	
trad_left_6.png	242957	359	498	166	
trad_left_6.png	243140	369	411	183	
trad_left_6.png	243340	461	405	166	
trad_left_6.png	243523	255	420	300	
trad_left_6.png	243823	222	422	33	
trad_left_6.png	243906	231	413	333	
trad_left_6.png	244256	187	488	350	
trad_left_6.png	244606	178	516	217	
trad_left_6.png	244839	217	690	33	
trad_left_6.png	244923	214	687	100	
trad_left_6.png	245056	182	515	816	
trad_left_6.png	245922	178	518	649	
trad_left_6.png	246655	290	-35	50	
trad_left_6.png	246771	259	360	50	
trad_left_6.png	246904	100	-788	33	
trad_left_6.png	246938	219	129	34	
trad_left_6.png	246971	181	-3	83	
trad_left_6.png	247121	131	-48	117	
trad_left_6.png	247304	135	928	117	
trad_left_6.png	247421	144	877	250	
trad_left_6.png	247671	198	863	200	
trad_left_6.png	248087	70	492	116	
trad_left_6.png	248204	179	483	167	
trad_left_6.png	248370	178	501	749	
trad_right_6.png	249120	226	477	150	
trad_right_6.png	249286	497	495	350	
trad_right_6.png	249669	288	457	183	
trad_right_6.png	249853	243	457	117	
trad_right_6.png	250019	246	462	116	
trad_right_6.png	250152	81	539	233	
trad_right_6.png	250569	128	283	83	
trad_right_6.png	250686	118	349	50	
trad_right_6.png	250802	277	416	200	
trad_right_6.png	251035	282	434	50	
trad_right_6.png	251118	92	607	233	
trad_right_6.png	251368	134	677	350	
trad_right_6.png	251735	61	555	167	
trad_right_6.png	251901	43	536	83	
trad_right_6.png	252034	45	536	67	
trad_right_6.png	252118	101	534	166	
trad_right_6.png	252284	145	522	267	
trad_right_6.png	252551	185	540	333	
trad_right_6.png	252884	231	556	117	
trad_right_6.png	253050	233	556	167	
trad_right_6.png	253217	184	551	183	
trad_right_6.png	253400	168	537	167	
trad_right_6.png	253583	150	663	350	
trad_right_6.png	253933	217	652	166	
trad_right_6.png	254100	211	610	300	
trad_right_6.png	254400	253	632	250	
trad_right_6.png	254649	267	651	67	
trad_right_6.png	254916	279	650	50	
trad_right_6.png	254982	281	643	33	
trad_right_6.png	255083	233	792	83	
trad_right_6.png	255183	275	652	350	
trad_right_6.png	255549	330	465	233	
trad_right_6.png	255799	298	419	233	
trad_right_6.png	256082	298	421	67	
trad_right_6.png	256165	364	439	316	
trad_right_6.png	256482	404	399	167	
trad_right_6.png	256648	410	380	217	
trad_right_6.png	256881	454	508	166	
trad_right_6.png	257098	379	678	217	
trad_right_6.png	257331	322	672	266	
trad_right_6.png	257614	330	802	200	
trad_right_6.png	257814	299	858	267	
trad_right_6.png	258164	425	906	183	
trad_right_6.png	258380	359	703	250	
trad_right_6.png	258630	404	672	166	
trad_right_6.png	258830	415	530	183	
trad_right_6.png	259013	450	493	50	
trad_right_6.png	259113	453	493	100	
trad_right_6.png	259213	354	415	33	
trad_right_6.png	259296	362	386	383	
trad_right_6.png	259680	411	355	283	
trad_right_6.png	259963	451	457	117	
trad_right_6.png	260129	455	464	33	
trad_right_6.png	260196	402	522	167	
trad_right_6.png	260379	399	650	333	
trad_right_6.png	260712	446	537	183	
trad_right_6.png	260895	463	519	200	
trad_right_6.png	261145	465	519	783	
trad_top_1.png	261961	960	417	266	
trad_top_1.png	262261	1268	472	50	
trad_top_1.png	262311	1258	461	150	
trad_top_1.png	262544	583	526	83	
trad_top_1.png	262677	336	553	150	
trad_top_1.png	262827	300	560	33	
trad_top_1.png	262861	202	554	133	
trad_top_1.png	263011	201	519	100	
trad_top_1.png	263160	205	440	200	
trad_top_1.png	263394	534	429	117	
trad_top_1.png	263643	551	748	133	
trad_top_1.png	263777	619	758	150	
trad_top_1.png	263927	634	639	183	
trad_top_1.png	264110	622	607	33	
trad_top_1.png	264176	619	612	150	
trad_top_1.png	264343	691	536	133	
trad_top_1.png	264476	734	478	150	
trad_top_1.png	264626	759	457	133	
trad_top_1.png	264776	613	390	217	
trad_top_1.png	265026	257	426	200	
trad_top_1.png	265242	758	512	33	
trad_top_1.png	265276	761	516	117	
trad_top_1.png	265392	776	465	166	
trad_top_1.png	265609	237	420	50	
trad_top_1.png	265675	244	417	100	
trad_top_1.png	265775	275	433	83	
trad_top_1.png	265875	200	500	266	
trad_top_1.png	266192	196	507	83	
trad_top_1.png	266292	304	428	183	
trad_top_1.png	266491	173	435	117	
trad_top_1.png	266641	695	436	33	
trad_top_1.png	266691	697	430	167	
trad_top_1.png	266875	776	460	200	
trad_top_1.png	267108	996	534	50	
trad_top_1.png	267208	1000	537	100	
trad_top_1.png	267324	1107	517	183	
trad_top_1.png	267541	1248	458	100	
trad_top_1.png	267641	1247	441	100	
trad_top_1.png	267741	1253	394	183	
trad_top_1.png	267924	1169	394	133	
trad_top_1.png	268107	597	379	67	
trad_top_1.png	268257	607	385	183	
trad_top_1.png	268473	808	209	216	
trad_top_1.png	268723	1267	357	33	
trad_top_1.png	268757	1226	447	183	
trad_top_1.png	268956	1259	399	150	
trad_top_1.png	269256	1310	365	100	
trad_top_1.png	269373	1360	312	166	
trad_top_1.png	269589	707	357	83	
trad_top_1.png	269673	691	358	33	
trad_top_1.png	269723	735	318	133	
trad_top_1.png	270006	1420	220	50	
trad_top_1.png	270072	1342	344	117	
trad_top_1.png	270239	1274	387	283	
trad_top_1.png	270555	1391	291	316	
trad_top_1.png	270905	1113	299	100	
trad_top_1.png	271005	1110	259	67	
trad_top_1.png	271105	853	252	117	
trad_top_1.png	271305	694	325	83	
trad_top_1.png	271388	697	296	183	
trad_top_1.png	271571	709	274	83	
trad_top_1.png	271771	1359	326	383	
trad_top_1.png	272221	857	168	33	
trad_top_1.png	272254	821	-487	33	
trad_top_1.png	272287	891	204	50	
trad_top_1.png	272337	799	169	134	
trad_top_1.png	272488	814	196	250	
trad_top_1.png	272804	795	170	167	
trad_top_1.png	272971	810	201	183	
trad_top_1.png	273154	822	178	67	
trad_top_1.png	273320	813	175	283	
trad_top_1.png	273720	659	810	216	
trad_top_1.png	273936	622	783	150	
trad_top_1.png	274203	875	147	33	
trad_right_5.png	274286	328	118	33	
trad_right_5.png	274336	301	116	33	
trad_right_5.png	274403	239	227	50	
trad_right_5.png	274503	252	146	67	
trad_right_5.png	274569	261	184	33	
trad_right_5.png	274769	478	517	133	
trad_right_5.png	274936	97	566	233	
trad_right_5.png	275169	59	507	100	
trad_right_5.png	275286	67	444	166	
trad_right_5.png	275452	57	427	266	
trad_right_5.png	275719	41	410	300	
trad_right_5.png	276018	175	429	183	
trad_right_5.png	276218	67	423	33	
trad_right_5.png	276301	61	420	300	
trad_right_5.png	276601	86	418	666	
trad_right_5.png	277334	60	419	266	
trad_right_5.png	277617	45	418	400	
trad_right_5.png	278017	86	415	583	
trad_right_5.png	278600	128	419	533	
trad_right_5.png	279133	96	443	150	
trad_right_5.png	279333	94	445	83	
trad_right_5.png	279416	61	432	150	
trad_right_5.png	279566	61	438	33	
trad_right_5.png	279616	119	439	250	
trad_right_5.png	279866	125	425	416	
trad_right_5.png	280349	137	440	166	
trad_right_5.png	280515	62	436	450	
trad_right_5.png	280965	117	439	400	
trad_right_5.png	281381	138	445	150	
trad_right_5.png	281531	142	436	616	
trad_right_5.png	282148	148	454	166	
trad_right_5.png	282364	145	455	83	
trad_right_5.png	282464	127	462	266	
trad_right_5.png	282730	172	446	500	
trad_right_5.png	283247	126	460	83	
trad_right_5.png	283380	129	461	133	
trad_right_5.png	283513	191	461	300	
trad_right_5.png	283930	224	439	316	
trad_right_5.png	284263	176	543	233	
trad_right_5.png	284513	58	622	267	
trad_right_5.png	284779	62	771	266	
trad_right_5.png	285079	210	468	166	
trad_right_5.png	285245	219	448	100	
trad_right_5.png	285395	221	447	133	
trad_right_5.png	285529	215	403	133	
trad_right_5.png	285662	229	71	117	
trad_right_5.png	285779	220	414	33	
trad_right_5.png	285812	233	458	33	
trad_right_5.png	285845	218	441	116	
trad_right_5.png	285995	225	446	216	
trad_right_5.png	286245	333	154	100	
trad_right_5.png	286478	319	162	34	
trad_right_5.png	286711	96	225	83	
trad_right_5.png	286811	50	349	100	
trad_right_5.png	286911	37	368	250	
trad_right_5.png	287178	35	426	183	
trad_right_5.png	287411	32	431	67	
trad_right_5.png	287494	168	452	233	
trad_right_5.png	287727	156	365	200	
trad_right_5.png	287927	187	314	200	
trad_right_5.png	288127	233	332	183	
trad_right_5.png	288310	258	398	67	
trad_right_5.png	288427	255	402	67	
trad_right_5.png	288494	231	449	250	
trad_right_5.png	288777	181	341	150	
trad_right_5.png	288943	62	330	216	
trad_right_5.png	289177	233	329	216	
trad_right_5.png	289443	232	331	33	
trad_right_5.png	289493	259	371	200	
trad_right_5.png	289709	275	522	233	
trad_right_5.png	289976	218	780	183	
trad_right_5.png	290192	88	806	200	
trad_right_5.png	290442	261	874	116	
trad_right_5.png	290576	404	901	250	
trad_right_5.png	291009	269	433	83	
trad_right_5.png	291108	257	398	67	
trad_right_5.png	291175	266	375	233	
trad_right_5.png	291458	267	380	966	
trad_right_5.png	292474	266	392	516	
trad_top_2.png	293024	657	577	150	
trad_top_2.png	293190	596	824	200	
trad_top_2.png	293407	712	790	33	
trad_top_2.png	293473	722	788	100	
trad_top_2.png	293607	324	900	266	
trad_top_2.png	293873	311	863	200	
trad_top_2.png	294090	316	913	250	
trad_top_2.png	294356	323	851	83	
trad_top_2.png	294489	327	851	83	
trad_top_2.png	294589	303	776	300	
trad_top_2.png	294906	251	692	350	
trad_top_2.png	295256	292	756	183	
trad_top_2.png	295505	118	821	67	
trad_top_2.png	295589	121	819	133	
trad_top_2.png	295722	107	746	200	
trad_top_2.png	295938	146	674	233	
trad_top_2.png	296172	294	655	200	
trad_top_2.png	296371	262	665	83	
trad_top_2.png	296521	259	547	366	
trad_top_2.png	296904	456	495	300	
trad_top_2.png	297371	767	799	100	
trad_top_2.png	297521	748	789	50	
trad_top_2.png	297571	770	781	100	
trad_top_2.png	297687	710	622	233	
trad_top_2.png	297920	662	534	133	
trad_top_2.png	298087	276	514	716	
trad_top_2.png	298853	601	634	183	
trad_top_2.png	299070	321	644	183	
trad_top_2.png	299553	308	623	33	
trad_top_2.png	299603	217	672	67	
trad_top_2.png	299669	198	657	33	
trad_top_2.png	299736	617	673	300	
trad_top_2.png	300036	655	594	166	
trad_top_2.png	300202	662	554	183	
trad_top_2.png	300419	708	769	83	
trad_top_2.png	300552	709	770	266	
trad_top_2.png	300835	720	703	233	
trad_top_2.png	301085	657	609	150	
trad_top_2.png	301235	663	532	233	
trad_top_2.png	301501	332	517	200	
trad_top_2.png	301718	592	515	183	
trad_top_2.png	301901	669	522	167	
trad_top_2.png	302084	898	491	167	
trad_top_2.png	302251	942	489	183	
trad_top_2.png	302484	456	456	33	
trad_top_2.png	302567	456	459	150	
trad_top_2.png	302734	711	437	183	
trad_top_2.png	302917	740	432	200	
trad_top_2.png	303133	954	544	183	
trad_top_2.png	303317	1075	549	183	
trad_top_2.png	303583	1104	744	117	
trad_top_2.png	303716	1336	766	133	
trad_top_2.png	303966	1442	427	116	
trad_top_2.png	304132	801	422	184	
trad_top_2.png	304316	810	446	33	
trad_top_2.png	304366	934	474	116	
trad_top_2.png	304616	941	484	83	
trad_top_2.png	304699	786	459	183	
trad_top_2.png	304882	737	420	666	
trad_top_2.png	305598	739	432	866	
trad_right_4.png	306514	484	524	183	
trad_right_4.png	306914	108	585	166	
trad_right_4.png	307097	101	720	216	
trad_right_4.png	307314	87	706	150	
trad_right_4.png	307480	138	793	100	
trad_right_4.png	307630	140	793	117	
trad_right_4.png	307747	168	759	266	
trad_right_4.png	308013	178	703	400	
trad_right_4.png	308413	242	717	183	
trad_right_4.png	308646	239	717	33	
trad_right_4.png	308679	264	725	183	
trad_right_4.png	308879	268	825	266	
trad_right_4.png	309146	311	836	133	
trad_right_4.png	309296	326	673	200	
trad_right_4.png	309495	320	622	117	
trad_right_4.png	309629	320	618	50	
trad_right_4.png	309679	310	578	216	
trad_right_4.png	309912	323	553	167	
trad_right_4.png	310095	237	492	200	
trad_right_4.png	310312	87	484	283	
trad_right_4.png	310661	197	670	150	
trad_right_4.png	310828	131	706	283	
trad_right_4.png	311111	178	710	117	
trad_right_4.png	311444	115	759	150	
trad_right_4.png	311594	119	794	33	
trad_right_4.png	311677	125	790	183	
trad_right_4.png	311861	197	759	333	
trad_right_4.png	312194	177	797	333	
trad_right_4.png	312527	200	737	117	
trad_right_4.png	312660	197	737	66	
trad_right_4.png	312727	166	701	217	
trad_right_4.png	312960	102	687	200	
trad_right_4.png	313176	200	708	233	
trad_right_4.png	313410	215	734	233	
trad_right_4.png	313693	217	733	83	
trad_right_4.png	313793	271	810	133	
trad_right_4.png	313942	262	698	183	
trad_right_4.png	314126	250	585	533	
trad_right_4.png	314709	273	748	250	
trad_right_4.png	314958	278	823	283	
trad_right_4.png	315241	313	813	117	
trad_right_4.png	315375	327	606	166	
trad_right_4.png	315541	331	563	133	
trad_right_4.png	315691	333	562	133	
trad_right_4.png	315824	352	550	116	
trad_right_4.png	315974	318	859	316	
trad_right_4.png	316291	377	872	167	
trad_right_4.png	316491	360	623	67	
trad_right_4.png	316557	338	575	117	
trad_right_4.png	316724	335	552	150	
trad_right_4.png	316924	278	371	183	
trad_right_4.png	317107	237	258	150	
trad_right_4.png	317273	240	249	50	
trad_right_4.png	317340	231	60	100	
trad_right_4.png	317490	246	73	83	
trad_right_4.png	317623	331	522	67	
trad_right_4.png	317740	333	534	250	
trad_right_4.png	318256	343	546	33	
trad_right_4.png	318323	341	826	67	
trad_right_4.png	318389	324	822	83	
trad_right_4.png	318473	295	844	167	
trad_right_4.png	318639	318	762	67	
trad_right_4.png	318722	319	763	83	
trad_right_4.png	318822	358	574	150	
trad_right_4.png	318972	345	555	733	
trad_right_4.png	319755	350	552	100	
trad_right_4.png	319888	108	573	100	
trad_right_4.png	319988	85	543	216	
trad_right_4.png	320205	54	479	200	
trad_right_4.png	320488	293	55	33	
trad_right_4.png	320538	294	69	83	
trad_right_4.png	320937	353	715	50	
trad_right_4.png	321004	397	1013	83	
trad_right_4.png	321104	373	930	67	
trad_right_4.png	321171	383	898	200	
trad_right_4.png	321404	347	559	633	
trad_top_4.png	322087	566	739	116	
trad_top_4.png	322220	542	888	183	
trad_top_4.png	322420	702	915	150	
trad_top_4.png	322653	402	853	83	
trad_top_4.png	322786	409	848	133	
trad_top_4.png	322920	434	892	117	
trad_top_4.png	323352	411	781	183	
trad_top_4.png	323536	387	686	216	
trad_top_4.png	323802	417	581	67	
trad_top_4.png	323919	193	362	250	
trad_top_4.png	324202	378	638	200	
trad_top_4.png	324402	494	615	433	
trad_top_4.png	324835	473	542	300	
trad_top_4.png	325151	625	591	166	
trad_top_4.png	325334	546	653	433	
trad_top_4.png	325818	543	653	83	
trad_top_4.png	325901	513	620	150	
trad_top_4.png	326101	877	632	233	
trad_top_4.png	326350	858	853	183	
trad_top_4.png	326550	721	902	150	
trad_top_4.png	326717	724	823	66	
trad_top_4.png	326867	745	761	166	
trad_top_4.png	327033	763	695	200	
trad_top_4.png	327233	779	625	233	
trad_top_4.png	327483	848	573	83	
trad_top_4.png	327583	899	552	133	
trad_top_4.png	327716	913	532	200	
trad_top_4.png	327933	865	474	217	
trad_top_4.png	328182	498	499	233	
trad_top_4.png	328499	1285	801	250	
trad_top_4.png	328765	1499	770	33	
trad_top_4.png	328849	1514	771	133	
trad_top_4.png	329032	1615	478	150	
trad_top_4.png	329231	1516	227	33	
trad_top_4.png	329265	1500	269	50	
trad_top_4.png	329315	1510	222	33	
trad_top_4.png	329398	963	460	167	
trad_top_4.png	329565	862	486	216	
trad_top_4.png	329781	844	478	33	
trad_top_4.png	329865	852	477	750	
trad_top_4.png	330714	58	229	83	
trad_top_4.png	330814	58	240	50	
trad_right_3.png	330947	292	410	117	
trad_right_3.png	331064	258	439	100	
trad_right_3.png	331180	302	429	83	
trad_right_3.png	331463	403	450	100	
trad_right_3.png	331613	107	529	216	
trad_right_3.png	331880	132	529	83	
trad_right_3.png	331980	277	460	133	
trad_right_3.png	332196	297	195	33	
trad_right_3.png	332246	302	195	50	
trad_right_3.png	332363	292	-38	33	
trad_right_3.png	332430	324	24	33	
trad_right_3.png	332513	320	31	50	
trad_right_3.png	332663	62	750	33	
trad_right_3.png	332696	69	764	150	
trad_right_3.png	332929	67	864	200	
trad_right_3.png	333146	374	897	266	
trad_right_3.png	333412	413	910	83	
trad_right_3.png	333562	71	520	200	
trad_right_3.png	333762	121	521	166	
trad_right_3.png	333928	144	493	316	
trad_right_3.png	334245	215	510	217	
trad_right_3.png	334461	269	525	266	
trad_right_3.png	334728	280	592	133	
trad_right_3.png	334911	282	590	83	
trad_right_3.png	335011	229	592	150	
trad_right_3.png	335161	216	563	616	
trad_right_3.png	335794	164	542	83	
trad_right_3.png	335927	169	546	133	
trad_right_3.png	336060	192	513	233	
trad_right_3.png	336293	228	504	233	
trad_right_3.png	336527	262	515	250	
trad_right_3.png	336793	168	494	83	
trad_right_3.png	336926	176	490	100	
trad_right_3.png	337026	208	504	266	
trad_right_3.png	337293	170	520	366	
trad_right_3.png	337659	216	505	233	
trad_right_3.png	337942	212	505	100	
trad_right_3.png	338042	165	528	117	
trad_right_3.png	338342	157	505	33	
trad_right_3.png	338375	157	513	150	
trad_right_3.png	338525	125	533	383	
trad_right_3.png	338975	213	505	949	
trad_right_3.png	339958	148	497	366	
trad_right_3.png	340324	199	504	133	
trad_right_3.png	340474	45	476	316	
trad_right_3.png	340790	135	491	133	
trad_right_3.png	340974	137	492	50	
trad_right_3.png	341040	200	529	366	
trad_right_3.png	341407	220	519	117	
trad_right_3.png	341790	259	512	150	
trad_right_3.png	341990	260	514	383	
trad_right_3.png	342389	198	514	383	
trad_right_3.png	342789	177	541	333	
trad_right_3.png	343139	125	545	283	
trad_right_3.png	343422	132	532	283	
trad_right_3.png	343705	204	513	250	
trad_right_3.png	344005	213	508	350	
trad_right_3.png	344371	183	516	233	
trad_right_3.png	344604	216	510	366	
trad_right_3.png	345037	180	499	516	
trad_right_3.png	345554	282	487	83	
trad_right_3.png	345637	290	465	183	
trad_right_3.png	345820	302	448	250	
trad_right_3.png	346087	291	549	216	
trad_right_3.png	346303	257	537	366	
trad_right_3.png	346686	341	475	50	
trad_right_3.png	346736	328	442	250	
trad_right_3.png	347036	348	455	133	
trad_right_3.png	347186	388	622	383	
trad_right_3.png	347569	423	539	267	
trad_right_3.png	347835	440	528	133	
trad_right_3.png	347969	372	446	33	
trad_right_3.png	348052	360	433	133	
trad_right_3.png	348235	351	140	33	
trad_right_3.png	348368	339	156	133	
trad_right_3.png	348519	311	-28	83	
trad_right_3.png	348618	414	333	233	
trad_right_3.png	348868	447	523	233	
trad_right_3.png	349301	460	510	33	
trad_right_3.png	349334	468	541	33	
trad_right_3.png	349368	455	502	33	
trad_right_3.png	349401	461	530	33	
trad_right_3.png	349451	455	494	50	
trad_right_3.png	349501	440	523	516	
trad_right_3.png	350084	369	907	250	
trad_right_3.png	350384	86	852	83	
trad_right_3.png	350517	419	577	83	
trad_right_3.png	350600	430	552	67	
trad_right_3.png	350667	442	524	366	
trad_top_5.png	351133	462	473	200	
trad_top_5.png	351350	338	645	200	
trad_top_5.png	351566	516	882	183	
trad_top_5.png	351749	588	911	133	
trad_top_5.png	351899	620	847	200	
trad_top_5.png	352365	613	768	100	
trad_top_5.png	352466	611	693	233	
trad_top_5.png	352715	528	660	150	
trad_top_5.png	352865	523	607	183	
trad_top_5.png	353115	586	552	183	
trad_top_5.png	353332	462	775	250	
trad_top_5.png	353615	548	624	166	
trad_top_5.png	353798	352	581	266	
trad_top_5.png	354114	353	580	83	
trad_top_5.png	354231	601	528	50	
trad_top_5.png	354364	1382	614	283	
trad_top_5.png	354697	1617	293	50	
trad_top_5.png	354780	1513	355	67	
trad_top_5.png	354863	1565	257	33	
trad_top_5.png	354897	1578	230	100	
trad_top_5.png	355363	151	423	67	
trad_top_5.png	355447	386	601	283	
trad_top_5.png	356030	541	834	50	
trad_top_5.png	356130	626	819	116	
trad_top_5.png	356263	610	728	166	
trad_top_5.png	356429	604	686	167	
trad_top_5.png	356613	509	663	117	
trad_top_5.png	356746	524	585	233	
trad_top_5.png	356979	582	530	117	
trad_top_5.png	357179	365	542	350	
trad_top_5.png	357562	567	486	216	
trad_top_5.png	357778	602	521	416	
trad_top_5.png	358195	579	488	183	
trad_top_5.png	358411	315	535	333	
trad_top_5.png	358744	324	592	117	
trad_top_5.png	358894	603	553	150	
trad_top_5.png	359044	606	533	83	
trad_top_5.png	359177	609	534	33	
trad_top_5.png	359227	583	458	283	
trad_top_5.png	359510	610	420	167	
trad_top_5.png	359860	641	384	150	
trad_top_5.png	360010	578	451	849	
trad_top_5.png	360893	340	562	250	
trad_top_5.png	361193	338	562	133	
trad_top_5.png	361343	473	647	333	
trad_top_5.png	361676	530	612	33	
trad_top_5.png	362009	602	482	50	
trad_top_5.png	362059	586	459	100	
trad_top_5.png	362242	1002	508	267	
trad_top_5.png	362542	1361	568	133	
trad_top_5.png	362692	1209	823	250	
trad_top_5.png	363008	695	481	133	
trad_top_5.png	363158	570	459	383	
trad_top_5.png	363541	581	460	633	
trad_top_5.png	364224	579	462	50	
trad_top_5.png	364324	163	819	200	
trad_top_5.png	364557	543	836	167	
trad_top_5.png	364724	496	844	133	
trad_top_5.png	364907	1105	874	216	
trad_top_5.png	365140	1348	836	33	
trad_top_5.png	365240	1357	830	50	
trad_top_5.png	365340	1596	491	67	
trad_top_5.png	365423	1600	354	50	
trad_top_5.png	365506	1546	323	33	
trad_top_5.png	365539	1605	296	166	
trad_top_5.png	365772	643	395	134	
trad_top_5.png	365923	578	427	133	
trad_top_5.png	366056	575	455	766	
trad_right_2.png	366855	146	502	316	
trad_right_2.png	367172	131	488	33	
trad_right_2.png	367255	129	493	50	
trad_right_2.png	367555	187	498	250	
trad_right_2.png	367821	152	499	200	
trad_right_2.png	368021	134	487	200	
trad_right_2.png	368271	133	468	150	
trad_right_2.png	368421	166	476	333	
trad_right_2.png	368754	126	472	283	
trad_right_2.png	369054	183	478	266	
trad_right_2.png	369320	213	457	200	
trad_right_2.png	369520	208	502	366	
trad_right_2.png	369887	163	501	200	
trad_right_2.png	370087	214	522	150	
trad_right_2.png	370286	254	627	250	
trad_right_2.png	370553	71	671	350	
trad_right_2.png	370919	131	704	333	
trad_right_2.png	371302	132	706	117	
trad_right_2.png	371436	203	736	366	
trad_right_2.png	371819	143	790	300	
trad_right_2.png	372135	216	769	133	
trad_right_2.png	372302	215	766	300	
trad_right_2.png	372618	157	806	416	
trad_right_2.png	373034	133	726	233	
trad_right_2.png	373318	137	717	216	
trad_right_2.png	373534	39	710	150	
trad_right_2.png	373701	208	723	200	
trad_right_2.png	373917	204	640	150	
trad_right_2.png	374084	61	568	200	
trad_right_2.png	374334	41	578	83	
trad_right_2.png	374417	163	583	450	
trad_right_2.png	375116	240	615	83	
trad_right_2.png	375200	261	646	83	
trad_right_2.png	375333	259	649	400	
trad_right_2.png	375766	232	497	250	
trad_right_2.png	376016	150	483	166	
trad_right_2.png	376182	278	512	117	
trad_right_2.png	376349	270	606	216	
trad_right_2.png	376565	254	642	250	
trad_right_2.png	376832	275	799	216	
trad_right_2.png	377065	396	888	250	
trad_right_2.png	377431	142	259	233	
trad_right_2.png	377681	39	266	133	
trad_right_2.png	377814	30	209	50	
trad_right_2.png	377864	37	250	33	
trad_right_2.png	377898	22	212	33	
trad_right_2.png	377964	35	254	67	
trad_right_2.png	378081	21	214	33	
trad_right_2.png	378214	258	616	217	
trad_right_2.png	378464	147	483	300	
trad_right_2.png	378764	219	492	183	
trad_right_2.png	379131	209	507	149	
trad_right_2.png	379280	141	490	50	
trad_right_2.png	379380	139	491	316	
trad_right_2.png	379697	143	465	266	
trad_right_2.png	379963	168	458	316	
trad_right_2.png	380279	201	451	67	
trad_right_2.png	380396	198	454	50	
trad_right_2.png	380463	173	506	566	
trad_right_2.png	381029	211	526	233	
trad_right_2.png	381279	262	620	167	
trad_right_2.png	381445	261	643	150	
trad_right_2.png	381628	146	472	283	
trad_right_2.png	381928	185	448	316	
trad_right_2.png	382261	262	469	100	
trad_right_2.png	382411	260	468	67	
trad_right_2.png	382478	305	562	233	
trad_right_2.png	382711	301	589	217	
trad_right_2.png	382928	258	647	250	
trad_right_2.png	383177	305	584	200	
trad_right_2.png	383427	302	583	33	
trad_right_2.png	383494	204	465	333	
trad_right_2.png	383844	284	507	166	
trad_right_2.png	384010	305	581	233	
trad_right_2.png	384260	330	497	133	
trad_right_2.png	384426	326	499	50	
trad_right_2.png	384510	67	311	266	
trad_right_2.png	384776	183	270	250	
trad_right_2.png	385026	264	218	266	
trad_right_2.png	385359	270	194	33	
trad_right_2.png	385476	25	-79	100	
trad_right_2.png	385609	51	81	33	
trad_right_2.png	385642	88	81	50	
trad_right_2.png	385759	333	451	217	
trad_right_2.png	385975	349	497	167	
trad_right_2.png	386325	343	517	50	
trad_right_2.png	386458	352	498	383	
trad_right_2.png	386858	347	499	83	
trad_right_2.png	386958	348	503	100	
trad_right_2.png	387075	351	493	333	
trad_top_6.png	387458	919	519	67	
trad_top_6.png	387574	503	603	117	
trad_top_6.png	387724	677	872	283	
trad_top_6.png	388007	744	887	183	
trad_top_6.png	388191	757	854	233	
trad_top_6.png	388474	696	806	167	
trad_top_6.png	388657	586	728	166	
trad_top_6.png	388823	582	677	150	
trad_top_6.png	389023	116	383	266	
trad_top_6.png	389323	346	621	117	
trad_top_6.png	389540	1346	682	216	
trad_top_6.png	389790	1570	470	100	
trad_top_6.png	389956	1545	334	117	
trad_top_6.png	390072	1600	284	83	
trad_top_6.png	390222	862	-113	34	
trad_top_6.png	390256	827	-11	33	
trad_top_6.png	390306	837	1	33	
trad_top_6.png	390339	818	-74	50	
trad_top_6.png	390489	101	305	183	
trad_top_6.png	390672	173	331	33	
trad_top_6.png	390772	409	737	84	
trad_top_6.png	390855	398	733	83	
trad_top_6.png	390939	518	723	166	
trad_top_6.png	391105	538	696	200	
trad_top_6.png	391322	531	571	133	
trad_top_6.png	391505	526	570	33	
trad_top_6.png	391805	448	573	33	
trad_top_6.png	391855	512	618	200	
trad_top_6.png	392071	400	495	216	
trad_top_6.png	392288	368	464	183	
trad_top_6.png	392521	824	412	250	
trad_top_6.png	392771	849	408	183	
trad_top_6.png	392971	880	585	267	
trad_top_6.png	393270	655	702	316	
trad_top_6.png	393587	686	656	400	
trad_top_6.png	393986	719	755	333	
trad_top_6.png	394336	572	737	150	
trad_top_6.png	394536	564	697	83	
trad_top_6.png	394636	691	613	183	
trad_top_6.png	394853	886	545	250	
trad_top_6.png	395119	886	725	283	
trad_top_6.png	395419	932	571	83	
trad_top_6.png	395552	931	569	83	
trad_top_6.png	395652	905	533	100	
trad_top_6.png	395785	669	615	300	
trad_top_6.png	396102	545	635	350	
trad_top_6.png	396451	480	596	150	
trad_top_6.png	396635	408	525	267	
trad_top_6.png	396951	818	492	250	
trad_top_6.png	397201	893	524	300	
trad_top_6.png	397567	520	533	150	
trad_top_6.png	397734	428	468	233	
trad_top_6.png	398000	938	492	167	
trad_top_6.png	398167	989	467	166	
trad_top_6.png	398350	850	395	183	
trad_top_6.png	398583	849	398	100	
trad_top_6.png	398816	873	395	133	
trad_top_6.png	398950	850	392	583	
trad_top_6.png	399582	848	390	233	
trad_top_6.png	399882	1571	347	50	
trad_top_6.png	399949	1486	429	83	
trad_top_6.png	400032	1493	426	83	
trad_top_6.png	400182	1263	875	200	
trad_top_6.png	400482	345	918	67	
trad_top_6.png	400599	340	911	83	
trad_top_6.png	400748	80	355	133	
trad_top_6.png	400915	184	408	67	
trad_top_6.png	401015	828	381	33	
trad_top_6.png	401048	842	391	50	
trad_top_6.png	401098	819	406	66	
trad_top_6.png	401165	847	391	400	
trad_right_1.png	401614	275	373	266	
trad_right_1.png	401898	447	555	183	
trad_right_1.png	402098	305	738	250	
trad_right_1.png	402347	305	767	250	
trad_right_1.png	402597	354	766	100	
trad_right_1.png	402981	358	768	66	
trad_right_1.png	403047	405	815	67	
trad_right_1.png	403113	379	808	216	
trad_right_1.png	403330	387	823	250	
trad_right_1.png	403630	284	672	450	
trad_right_1.png	404079	322	738	167	
trad_right_1.png	404313	146	438	283	
trad_right_1.png	404646	230	445	383	
trad_right_1.png	405029	175	390	217	
trad_right_1.png	405262	226	229	200	
trad_right_1.png	405478	281	145	33	
trad_right_1.png	405512	256	105	33	
trad_right_1.png	405545	275	149	33	
trad_right_1.png	405595	274	144	117	
trad_right_1.png	405795	194	423	233	
trad_right_1.png	406028	127	443	316	
trad_right_1.png	406361	223	440	250	
trad_right_1.png	406694	288	487	266	
trad_right_1.png	406977	302	515	167	
trad_right_1.png	407144	243	494	116	
trad_right_1.png	407260	235	445	216	
trad_right_1.png	407744	133	402	166	
trad_right_1.png	407910	130	421	133	
trad_right_1.png	408060	279	470	216	
trad_right_1.png	408276	314	514	183	
trad_right_1.png	408476	268	596	150	
trad_right_1.png	408676	268	596	83	
trad_right_1.png	408776	267	677	217	
trad_right_1.png	409009	275	619	250	
trad_right_1.png	409276	289	525	133	
trad_right_1.png	409409	304	490	250	
trad_right_1.png	409692	343	714	216	
trad_right_1.png	409909	313	742	300	
trad_right_1.png	410209	347	763	316	
trad_right_1.png	410525	370	809	216	
trad_right_1.png	410775	406	645	66	
trad_right_1.png	410841	378	532	150	
trad_right_1.png	410991	370	482	216	
trad_right_1.png	411208	321	487	117	
trad_right_1.png	411358	352	267	150	
trad_right_1.png	411508	356	254	67	
trad_right_1.png	411624	325	184	50	
trad_right_1.png	411841	256	-29	33	
trad_right_1.png	411891	257	-23	50	
trad_right_1.png	411957	301	202	50	
trad_right_1.png	412040	297	171	50	
trad_right_1.png	412123	334	130	200	
trad_right_1.png	412357	350	27	50	
trad_right_1.png	412407	334	-97	67	
trad_right_1.png	412540	385	381	150	
trad_right_1.png	412740	355	413	150	
trad_right_1.png	412923	415	532	183	
trad_right_1.png	413140	370	786	233	
trad_right_1.png	413373	341	771	466	
trad_right_1.png	413839	402	798	166	
trad_right_1.png	414039	433	596	166	
trad_right_1.png	414222	447	520	483	
trad_right_1.png	414755	443	522	966	
trad_right_1.png	415771	441	519	516	
