No media	0	981	572	146	
trad_bottom_3.png	146	763	510	183	
trad_bottom_3.png	462	978	647	83	
trad_bottom_3.png	562	730	497	133	
trad_bottom_3.png	712	614	266	50	
trad_bottom_3.png	812	609	256	100	
trad_bottom_3.png	928	462	130	233	
trad_bottom_3.png	1211	957	82	67	
trad_bottom_3.png	1295	1253	100	116	
trad_bottom_3.png	1444	1272	125	100	
trad_bottom_3.png	1661	990	784	117	
trad_bottom_3.png	1828	863	732	50	
trad_bottom_3.png	1994	181	224	33	
trad_bottom_3.png	2060	192	242	117	
trad_bottom_3.png	2227	1064	136	117	
trad_bottom_3.png	2344	1105	165	67	
trad_bottom_3.png	2427	966	27	200	
trad_bottom_3.png	2644	1316	183	66	
trad_bottom_3.png	2743	1330	190	133	
trad_bottom_3.png	2893	1171	160	233	
trad_bottom_3.png	3143	1038	87	150	
trad_bottom_3.png	3310	1015	36	250	
trad_bottom_3.png	3560	1008	203	167	
trad_bottom_3.png	3743	1237	169	33	
trad_bottom_3.png	3843	1265	150	266	
trad_bottom_3.png	4109	1278	150	133	
trad_bottom_3.png	4259	1116	338	100	
trad_bottom_3.png	4376	1098	332	50	
trad_bottom_3.png	4425	1103	361	67	
trad_bottom_3.png	4525	1011	74	50	
trad_bottom_3.png	4593	1012	77	83	
trad_bottom_3.png	4709	1005	34	33	
trad_bottom_3.png	4909	923	196	83	
trad_bottom_3.png	5059	930	200	33	
trad_bottom_3.png	5142	1349	232	67	
trad_bottom_3.png	5275	1337	181	233	
trad_bottom_3.png	5525	1483	232	100	
trad_bottom_3.png	5675	1474	203	117	
trad_bottom_3.png	5875	1109	293	167	
trad_bottom_3.png	6074	1036	61	217	
trad_bottom_3.png	6308	1192	140	200	
trad_bottom_3.png	6508	1272	134	183	
trad_bottom_3.png	6707	1147	325	67	
trad_bottom_3.png	6774	1124	328	50	
trad_bottom_3.png	6874	1092	383	33	
trad_bottom_3.png	6941	1115	370	33	
trad_bottom_3.png	7024	1335	280	33	
trad_bottom_3.png	7058	1329	317	33	
trad_bottom_3.png	7091	1318	288	100	
trad_bottom_3.png	7191	1340	210	300	
trad_bottom_3.png	7507	1177	436	133	
trad_bottom_3.png	7640	1121	467	150	
trad_bottom_3.png	7890	1335	236	133	
trad_bottom_3.png	8040	1345	199	117	
trad_bottom_3.png	8173	936	270	217	
trad_bottom_3.png	8390	908	177	216	
trad_bottom_3.png	8623	670	153	217	
trad_bottom_3.png	8906	1147	440	116	
trad_bottom_3.png	9039	1116	481	183	
trad_bottom_3.png	9239	1429	443	167	
trad_bottom_3.png	9422	1475	171	83	
trad_bottom_3.png	9539	1477	175	117	
trad_bottom_3.png	9655	1493	203	250	
trad_bottom_3.png	9922	1535	392	150	
trad_bottom_3.png	10088	1079	509	167	
trad_bottom_3.png	10305	881	241	116	
trad_bottom_3.png	10438	553	171	216	
trad_bottom_3.png	10672	459	63	133	
trad_bottom_3.png	10921	246	103	83	
trad_bottom_3.png	11038	225	633	167	
trad_bottom_3.png	11238	813	901	200	
trad_bottom_3.png	11471	1574	775	283	
trad_bottom_3.png	11804	893	910	133	
trad_bottom_3.png	11937	830	919	117	
trad_bottom_3.png	12104	80	524	200	
trad_bottom_3.png	12387	904	161	67	
trad_bottom_3.png	12470	1207	106	200	
trad_bottom_3.png	12703	1221	128	50	
trad_bottom_3.png	12770	981	46	134	
trad_bottom_3.png	13003	367	52	66	
trad_bottom_3.png	13103	369	95	184	
trad_bottom_3.png	13303	90	321	150	
trad_bottom_3.png	13486	93	335	67	
trad_bottom_3.png	13586	110	23	133	
trad_bottom_3.png	13802	1434	37	33	
trad_bottom_3.png	13969	1344	166	133	
trad_bottom_3.png	14119	1125	153	167	
trad_bottom_3.png	14285	972	88	150	
trad_bottom_3.png	14452	980	32	166	
trad_bottom_3.png	14636	928	186	183	
trad_bottom_3.png	14852	1244	230	67	
trad_bottom_3.png	15018	1255	239	33	
trad_bottom_3.png	15068	1327	234	150	
trad_bottom_3.png	15235	1584	372	250	
trad_bottom_3.png	15501	1348	347	133	
trad_bottom_3.png	15635	1164	365	100	
trad_bottom_3.png	15735	1135	360	117	
trad_bottom_3.png	15851	1155	364	50	
trad_bottom_3.png	15985	1121	429	33	
trad_bottom_3.png	16051	1052	72	216	
trad_bottom_3.png	16285	1264	133	200	
trad_bottom_3.png	16484	1331	229	266	
trad_bottom_3.png	16751	1331	202	200	
trad_bottom_3.png	17034	1451	257	133	
trad_bottom_3.png	17200	1461	273	50	
trad_bottom_3.png	17267	1486	182	300	
trad_bottom_3.png	17583	1567	357	133	
trad_bottom_3.png	17800	1074	527	117	
trad_bottom_3.png	18000	965	576	233	
trad_bottom_3.png	18250	771	406	83	
trad_bottom_3.png	18350	588	213	200	
trad_bottom_3.png	18566	497	63	133	
trad_bottom_3.png	18750	928	590	133	
trad_bottom_3.png	18883	959	568	83	
trad_bottom_3.png	19016	958	575	550	
trad_bottom_3.png	19582	818	652	216	
trad_bottom_3.png	19815	956	573	167	
trad_bottom_3.png	20032	790	742	117	
trad_bottom_3.png	20182	398	267	216	
trad_bottom_3.png	20415	66	485	133	
trad_bottom_3.png	20632	1515	733	200	
trad_bottom_4.png	20865	924	563	117	
trad_bottom_4.png	21031	980	580	150	
trad_bottom_4.png	21198	858	578	183	
trad_bottom_4.png	21414	1093	350	150	
trad_bottom_4.png	21581	1163	176	167	
trad_bottom_4.png	21764	1023	142	233	
trad_bottom_4.png	22047	938	553	133	
trad_bottom_4.png	22180	967	580	200	
trad_bottom_4.png	22380	861	591	183	
trad_bottom_4.png	22580	983	574	117	
trad_bottom_4.png	22730	1258	279	166	
trad_bottom_4.png	22913	1296	179	100	
trad_bottom_4.png	23263	1336	157	83	
trad_bottom_4.png	23513	1378	432	116	
trad_bottom_4.png	23662	988	666	150	
trad_bottom_4.png	23863	809	930	166	
trad_bottom_4.png	24063	925	592	200	
trad_bottom_4.png	24262	858	583	200	
trad_bottom_4.png	24479	1182	450	133	
trad_bottom_4.png	24629	1007	180	266	
trad_bottom_4.png	24929	1387	314	100	
trad_bottom_4.png	25078	1387	323	50	
trad_bottom_4.png	25145	1504	367	83	
trad_bottom_4.png	25245	1360	163	217	
trad_bottom_4.png	25462	1300	119	50	
trad_bottom_4.png	25544	1319	120	100	
trad_bottom_4.png	25678	1036	223	117	
trad_bottom_4.png	25861	861	578	183	
trad_bottom_4.png	26094	844	590	133	
trad_bottom_4.png	26261	1071	219	166	
trad_bottom_4.png	26428	1050	131	117	
trad_bottom_4.png	26861	830	155	33	
trad_bottom_4.png	26910	532	176	50	
trad_bottom_4.png	26960	539	197	183	
trad_bottom_4.png	27160	994	133	167	
trad_bottom_4.png	27360	1348	276	50	
trad_bottom_4.png	30508	1312	148	316	
trad_bottom_4.png	30858	1340	146	67	
trad_bottom_4.png	30941	1258	383	167	
trad_bottom_4.png	31291	1463	276	166	
trad_bottom_4.png	31490	1133	156	150	
trad_bottom_4.png	31640	1016	138	366	
trad_bottom_4.png	32040	718	139	67	
trad_bottom_4.png	32157	704	133	67	
trad_bottom_4.png	32240	454	233	117	
trad_bottom_4.png	32440	136	640	83	
trad_bottom_4.png	32756	814	912	133	
trad_bottom_4.png	33056	845	611	67	
trad_bottom_4.png	33223	121	686	166	
trad_bottom_4.png	33606	1195	351	116	
trad_bottom_4.png	33722	1231	367	100	
trad_bottom_4.png	33839	1189	213	250	
trad_bottom_4.png	34089	1316	154	266	
trad_bottom_4.png	34372	1254	407	316	
trad_bottom_4.png	34705	1242	173	133	
trad_bottom_4.png	34855	1021	141	283	
trad_bottom_4.png	35188	1015	135	183	
trad_bottom_4.png	35388	675	99	150	
trad_bottom_4.png	35538	647	130	83	
trad_bottom_4.png	35638	425	162	150	
trad_bottom_4.png	35838	702	237	167	
trad_bottom_4.png	36054	1130	305	67	
trad_bottom_4.png	36121	1279	125	33	
trad_bottom_4.png	36237	1365	117	117	
trad_bottom_4.png	36471	1323	102	33	
trad_bottom_4.png	36521	1319	119	83	
trad_bottom_4.png	36620	1086	140	150	
trad_bottom_4.png	37969	1488	312	133	
trad_bottom_4.png	38119	1520	343	33	
trad_bottom_4.png	38219	1240	211	183	
trad_bottom_4.png	38419	1332	138	400	
trad_bottom_4.png	38836	1058	153	83	
trad_bottom_4.png	38919	1045	155	166	
trad_bottom_4.png	39085	1025	158	100	
trad_bottom_4.png	39235	1112	267	133	
trad_bottom_4.png	39385	1278	287	150	
trad_bottom_4.png	39535	1325	302	133	
trad_bottom_4.png	39685	1249	409	433	
trad_bottom_4.png	40135	1597	583	67	
trad_bottom_4.png	40235	1603	596	150	
trad_bottom_4.png	40385	1589	531	116	
trad_bottom_4.png	40534	957	883	150	
trad_bottom_4.png	40734	1672	819	150	
trad_bottom_4.png	40884	1644	784	100	
trad_bottom_4.png	41101	158	806	50	
trad_bottom_4.png	41167	145	812	33	
trad_bottom_4.png	41251	41	812	116	
trad_bottom_4.png	41367	41	740	150	
trad_bottom_4.png	41517	79	639	133	
trad_bottom_4.png	41700	179	99	200	
trad_bottom_4.png	41934	608	30	216	
trad_bottom_4.png	42183	897	26	33	
trad_bottom_4.png	42267	907	25	50	
trad_bottom_4.png	42317	921	39	100	
trad_bottom_4.png	42433	997	114	117	
trad_bottom_4.png	42616	1589	789	216	
trad_bottom_4.png	42833	1633	793	233	
trad_bottom_4.png	43066	1634	780	100	
trad_bottom_4.png	43216	911	906	33	
trad_bottom_4.png	43249	910	927	100	
trad_bottom_4.png	43349	847	932	233	
trad_bottom_4.png	43582	852	843	166	
trad_bottom_4.png	43766	870	750	166	
trad_bottom_4.png	43932	883	649	133	
trad_bottom_4.png	44099	745	124	133	
trad_bottom_4.png	44282	734	135	50	
trad_bottom_4.png	44332	796	50	283	
trad_bottom_4.png	44648	1184	367	67	
trad_bottom_4.png	44715	1208	382	83	
trad_bottom_4.png	44798	1241	407	316	
trad_bottom_4.png	45131	1041	179	117	
trad_bottom_4.png	45298	1034	171	83	
trad_bottom_4.png	45381	1018	114	316	
trad_bottom_4.png	45714	1388	161	183	
trad_bottom_4.png	45914	1508	304	283	
trad_bottom_4.png	46197	1559	409	150	
trad_bottom_4.png	46364	1482	232	150	
trad_bottom_4.png	46530	1397	91	216	
trad_bottom_4.png	46764	1343	130	233	
trad_bottom_4.png	46997	1286	214	266	
trad_bottom_4.png	47313	1337	261	133	
trad_bottom_4.png	47447	1339	289	183	
trad_bottom_4.png	47646	1128	286	200	
trad_bottom_4.png	47863	1256	394	216	
trad_bottom_4.png	48129	685	155	100	
trad_bottom_4.png	48246	671	175	33	
trad_bottom_4.png	48329	390	107	100	
trad_bottom_4.png	48429	399	119	116	
trad_bottom_4.png	48629	1261	353	116	
trad_bottom_4.png	48746	1251	406	167	
trad_bottom_4.png	48945	1614	767	150	
trad_bottom_4.png	49095	1634	789	67	
trad_bottom_4.png	49212	854	901	350	
trad_bottom_2.png	49695	1179	451	183	
trad_bottom_2.png	49912	943	221	150	
trad_bottom_2.png	50061	891	209	150	
trad_bottom_2.png	50245	586	73	50	
trad_bottom_2.png	50345	573	85	100	
trad_bottom_2.png	50461	403	166	167	
trad_bottom_2.png	50661	955	447	183	
trad_bottom_2.png	50894	240	590	216	
trad_bottom_2.png	51161	1159	399	67	
trad_bottom_2.png	51244	1169	403	67	
trad_bottom_2.png	51377	1334	179	167	
trad_bottom_2.png	51560	1387	52	200	
trad_bottom_2.png	51794	1057	221	266	
trad_bottom_2.png	52093	545	215	133	
trad_bottom_2.png	52243	346	195	100	
trad_bottom_2.png	52343	348	214	83	
trad_bottom_2.png	52443	445	67	150	
trad_bottom_2.png	52593	446	26	250	
trad_bottom_2.png	52876	489	326	150	
trad_bottom_2.png	53043	330	379	33	
trad_bottom_2.png	53076	335	399	83	
trad_bottom_2.png	53176	572	447	150	
trad_bottom_2.png	53376	674	94	216	
trad_bottom_2.png	53592	671	22	167	
trad_bottom_2.png	53776	427	197	133	
trad_bottom_2.png	53925	292	199	233	
trad_bottom_2.png	54175	440	225	167	
trad_bottom_2.png	54392	440	219	50	
trad_bottom_2.png	54458	534	457	266	
trad_bottom_2.png	54742	611	262	166	
trad_bottom_2.png	54942	861	269	166	
trad_bottom_2.png	55125	903	216	233	
trad_bottom_2.png	55391	760	357	100	
trad_bottom_2.png	55508	610	472	150	
trad_bottom_2.png	55658	575	475	133	
trad_bottom_2.png	55808	777	540	116	
trad_bottom_2.png	55957	948	252	100	
trad_bottom_2.png	56057	971	252	117	
trad_bottom_2.png	56174	963	227	167	
trad_bottom_2.png	56407	951	483	100	
trad_bottom_2.png	56524	721	561	100	
trad_bottom_2.png	56624	700	559	150	
trad_bottom_2.png	56790	922	450	133	
trad_bottom_2.png	56924	1090	479	166	
trad_bottom_2.png	57090	1182	444	183	
trad_bottom_2.png	57307	1363	181	200	
trad_bottom_2.png	57506	1388	75	183	
trad_bottom_2.png	57690	1393	50	183	
trad_bottom_2.png	57906	1415	493	217	
trad_bottom_2.png	58156	1488	260	217	
trad_bottom_2.png	58423	1490	259	33	
trad_bottom_2.png	58473	1427	423	200	
trad_bottom_2.png	58706	1417	110	167	
trad_bottom_2.png	58905	1384	585	150	
trad_bottom_2.png	59089	867	645	200	
trad_bottom_2.png	59322	794	525	67	
trad_bottom_2.png	59488	571	335	266	
trad_bottom_2.png	59772	827	510	183	
trad_bottom_2.png	59971	1064	535	200	
trad_bottom_2.png	60171	942	653	233	
trad_bottom_2.png	60455	591	67	50	
trad_bottom_2.png	60504	579	83	117	
trad_bottom_2.png	60621	565	29	100	
trad_bottom_2.png	60771	313	700	150	
trad_bottom_2.png	60954	794	901	167	
trad_bottom_2.png	61154	171	705	183	
trad_bottom_2.png	61354	210	558	33	
trad_bottom_2.png	61454	214	547	50	
trad_bottom_2.png	61504	224	472	150	
trad_bottom_2.png	61720	885	632	83	
trad_bottom_2.png	61970	665	216	50	
trad_bottom_2.png	62020	644	217	167	
trad_bottom_2.png	62237	1246	191	150	
trad_bottom_2.png	62387	1274	209	33	
trad_bottom_2.png	62470	1275	208	67	
trad_bottom_2.png	62553	1069	270	150	
trad_bottom_2.png	62736	1391	30	233	
trad_bottom_2.png	63003	1464	318	283	
trad_bottom_2.png	63319	1097	394	117	
trad_bottom_2.png	63485	1087	395	233	
trad_bottom_2.png	63735	930	632	183	
trad_bottom_2.png	63918	928	666	533	
trad_bottom_2.png	64501	927	588	50	
trad_bottom_2.png	64568	749	545	67	
trad_bottom_2.png	64635	721	535	233	
trad_bottom_2.png	64884	893	625	133	
trad_bottom_2.png	65018	929	651	217	
trad_bottom_2.png	65268	1178	403	216	
trad_bottom_2.png	65517	1249	273	100	
trad_bottom_2.png	65634	1119	469	133	
trad_bottom_2.png	65767	1159	469	183	
trad_bottom_2.png	65984	1184	360	216	
trad_bottom_2.png	66217	1179	455	167	
trad_bottom_2.png	66383	1184	484	83	
trad_bottom_2.png	66517	1182	488	183	
trad_bottom_2.png	66767	886	507	33	
trad_bottom_2.png	66800	876	529	117	
trad_bottom_2.png	66916	759	550	133	
trad_bottom_2.png	67200	1135	493	83	
trad_bottom_2.png	67283	1182	468	150	
trad_bottom_2.png	67433	1191	483	50	
trad_bottom_2.png	67533	1033	470	233	
trad_bottom_2.png	67782	771	424	183	
trad_bottom_2.png	67999	1177	456	167	
trad_bottom_2.png	68182	1389	504	200	
trad_bottom_2.png	68382	1410	488	300	
trad_bottom_2.png	68682	1398	548	150	
trad_bottom_2.png	68848	1174	422	133	
trad_bottom_2.png	69082	1160	414	283	
trad_bottom_2.png	69365	1192	399	133	
trad_bottom_2.png	69548	1168	477	400	
trad_bottom_2.png	69948	1222	491	133	
trad_bottom_2.png	70098	1392	548	150	
trad_bottom_2.png	70381	1368	569	133	
trad_bottom_2.png	70564	1365	571	33	
trad_bottom_2.png	70597	1392	571	150	
trad_bottom_2.png	70764	1189	490	100	
trad_bottom_2.png	70997	1177	474	550	
trad_bottom_2.png	71630	869	513	117	
trad_bottom_2.png	71763	706	556	400	
trad_bottom_2.png	72179	669	441	133	
trad_bottom_2.png	72329	913	417	183	
trad_bottom_2.png	72579	915	360	133	
trad_bottom_2.png	72712	928	273	183	
trad_bottom_2.png	72946	1031	459	216	
trad_bottom_2.png	73162	1131	466	117	
trad_bottom_2.png	73295	804	558	150	
trad_bottom_2.png	73462	704	553	83	
trad_bottom_2.png	73595	701	555	50	
trad_bottom_2.png	73778	562	473	300	
trad_bottom_2.png	74095	738	523	333	
trad_bottom_2.png	74511	1014	551	33	
trad_bottom_2.png	74594	1022	570	33	
trad_bottom_2.png	74628	928	657	466	
trad_bottom_2.png	75111	713	851	50	
trad_bottom_2.png	75161	692	851	100	
trad_bottom_2.png	75277	792	905	166	
trad_bottom_2.png	75477	203	640	83	
trad_bottom_2.png	75610	198	634	83	
trad_bottom_2.png	75694	209	536	183	
trad_bottom_2.png	75894	219	445	167	
trad_bottom_2.png	76160	854	623	117	
trad_bottom_5.png	76293	923	650	183	
trad_bottom_5.png	76493	679	413	83	
trad_bottom_5.png	76626	671	407	83	
trad_bottom_5.png	76743	419	227	166	
trad_bottom_5.png	76926	303	86	166	
trad_bottom_5.png	77126	787	89	200	
trad_bottom_5.png	77359	1100	206	33	
trad_bottom_5.png	77393	1124	219	133	
trad_bottom_5.png	77542	1189	117	50	
trad_bottom_5.png	77642	1192	123	150	
trad_bottom_5.png	77842	428	612	117	
trad_bottom_5.png	77975	408	622	33	
trad_bottom_5.png	78042	102	716	200	
trad_bottom_5.png	78259	570	598	150	
trad_bottom_5.png	78542	1446	410	50	
trad_bottom_5.png	78642	1455	400	100	
trad_bottom_5.png	78758	1184	119	266	
trad_bottom_5.png	79041	797	107	150	
trad_bottom_5.png	79225	293	23	83	
trad_bottom_5.png	79308	306	51	133	
trad_bottom_5.png	79458	238	37	150	
trad_bottom_5.png	79658	243	34	50	
trad_bottom_5.png	79741	512	318	150	
trad_bottom_5.png	79907	543	441	117	
trad_bottom_5.png	80057	75	730	166	
trad_bottom_5.png	80357	1326	52	83	
trad_bottom_5.png	80457	1274	137	50	
trad_bottom_5.png	80524	1197	121	117	
trad_bottom_5.png	80674	1197	129	117	
trad_bottom_5.png	80790	1267	61	333	
trad_bottom_5.png	81240	1223	265	233	
trad_bottom_5.png	81473	1216	151	150	
trad_bottom_5.png	81673	1213	152	83	
trad_bottom_5.png	81790	1221	385	216	
trad_bottom_5.png	82023	1054	315	200	
trad_bottom_5.png	82239	1204	393	83	
trad_bottom_5.png	82323	1214	412	166	
trad_bottom_5.png	82522	1488	427	117	
trad_bottom_5.png	82689	1488	430	233	
trad_bottom_5.png	82922	1484	418	216	
trad_bottom_5.png	83155	1568	464	283	
trad_bottom_5.png	83455	1594	413	150	
trad_bottom_5.png	83705	1568	559	133	
trad_bottom_5.png	83855	1133	587	166	
trad_bottom_5.png	84021	1101	577	100	
trad_bottom_5.png	84155	1518	503	167	
trad_bottom_5.png	84321	1596	554	216	
trad_bottom_5.png	84538	1564	573	167	
trad_bottom_5.png	84721	1609	485	183	
trad_bottom_5.png	84921	1597	413	166	
trad_bottom_5.png	85104	1507	470	250	
trad_bottom_5.png	85371	1537	411	266	
trad_bottom_5.png	85720	1505	403	150	
trad_bottom_5.png	85870	1484	399	383	
trad_bottom_5.png	86253	1483	473	266	
trad_bottom_5.png	86553	1546	578	133	
trad_bottom_5.png	86736	1154	653	200	
trad_bottom_5.png	87019	1141	641	83	
trad_bottom_5.png	87136	1562	517	216	
trad_bottom_5.png	87352	1548	572	167	
trad_bottom_5.png	87536	1300	640	283	
trad_bottom_5.png	87836	1129	580	183	
trad_bottom_5.png	88035	1138	414	233	
trad_bottom_5.png	88268	1082	486	183	
trad_bottom_5.png	88485	1246	206	216	
trad_bottom_5.png	88752	1201	133	183	
trad_bottom_5.png	88968	969	310	166	
trad_bottom_5.png	89151	795	577	150	
trad_bottom_5.png	89318	663	583	50	
trad_bottom_5.png	89368	641	576	83	
trad_bottom_5.png	89484	778	426	100	
trad_bottom_5.png	89634	1542	474	83	
trad_bottom_5.png	89768	1551	492	33	
trad_bottom_5.png	89801	1599	501	167	
trad_bottom_5.png	89967	1592	411	250	
trad_bottom_5.png	90234	1549	564	233	
trad_bottom_5.png	90500	1242	637	266	
trad_bottom_5.png	90767	1171	666	233	
trad_bottom_5.png	91017	955	868	183	
trad_bottom_5.png	91233	633	678	166	
trad_bottom_5.png	91433	557	448	200	
trad_bottom_5.png	91666	337	133	67	
trad_bottom_5.png	91783	333	129	67	
trad_bottom_5.png	91849	319	40	150	
trad_bottom_5.png	92033	746	96	233	
trad_bottom_5.png	92282	971	116	150	
trad_bottom_5.png	92466	1335	86	117	
trad_bottom_5.png	92616	1560	434	133	
trad_bottom_5.png	92799	1622	517	283	
trad_bottom_5.png	93082	1619	559	67	
trad_bottom_5.png	93165	1123	679	150	
trad_bottom_5.png	93315	1138	675	233	
trad_bottom_5.png	93565	848	899	33	
trad_bottom_5.png	93598	825	917	217	
trad_bottom_5.png	93831	1082	732	133	
trad_bottom_5.png	93965	1156	667	150	
trad_bottom_5.png	94114	1145	665	500	
trad_bottom_5.png	94681	144	679	83	
trad_bottom_5.png	94814	138	678	67	
trad_bottom_5.png	94931	291	305	166	
trad_bottom_5.png	95114	284	81	233	
trad_bottom_5.png	95380	833	40	150	
trad_bottom_5.png	95564	1235	10	100	
trad_bottom_5.png	95664	1235	68	116	
trad_bottom_5.png	95880	1528	353	250	
trad_bottom_5.png	96146	1244	200	366	
trad_bottom_5.png	96530	1093	343	133	
trad_bottom_5.png	96696	930	209	150	
trad_bottom_5.png	96846	877	87	183	
trad_bottom_5.png	97079	611	621	67	
trad_bottom_5.png	97146	592	621	216	
trad_bottom_5.png	97396	1143	664	316	
trad_bottom_1.png	97829	857	268	117	
trad_bottom_1.png	97979	1054	138	200	
trad_bottom_1.png	98178	1055	200	83	
trad_bottom_1.png	98312	342	563	150	
trad_bottom_1.png	98578	366	594	67	
trad_bottom_1.png	98778	1048	294	33	
trad_bottom_1.png	98861	1046	301	50	
trad_bottom_1.png	98961	1108	153	167	
trad_bottom_1.png	99128	1188	79	117	
trad_bottom_1.png	99278	1479	435	150	
trad_bottom_1.png	99444	1526	481	383	
trad_bottom_1.png	99877	1190	634	200	
trad_bottom_1.png	100094	1525	503	316	
trad_bottom_1.png	100427	1189	670	117	
trad_bottom_1.png	100560	1098	662	183	
trad_bottom_1.png	100793	1075	202	33	
trad_bottom_1.png	100877	1064	215	300	
trad_bottom_1.png	101193	1052	339	300	
trad_bottom_1.png	101510	1037	245	150	
trad_bottom_1.png	101693	960	494	150	
trad_bottom_1.png	101893	707	445	50	
trad_bottom_1.png	101943	686	438	133	
trad_bottom_1.png	102092	513	471	233	
trad_bottom_1.png	102342	387	560	167	
trad_bottom_1.png	102509	334	574	200	
trad_bottom_1.png	102709	327	646	266	
trad_bottom_1.png	103008	806	871	167	
trad_bottom_1.png	103175	836	846	50	
trad_bottom_1.png	103225	867	847	150	
trad_bottom_1.png	103392	1138	627	166	
trad_bottom_1.png	103558	1103	645	100	
trad_bottom_1.png	103708	458	558	67	
trad_bottom_1.png	103791	440	557	67	
trad_bottom_1.png	103875	328	580	350	
trad_bottom_1.png	104224	317	639	316	
trad_bottom_1.png	104557	103	731	150	
trad_bottom_1.png	104707	59	759	100	
trad_bottom_1.png	104924	826	908	150	
trad_bottom_1.png	105090	867	809	100	
trad_bottom_1.png	105224	457	610	133	
trad_bottom_1.png	105374	316	561	516	
trad_bottom_1.png	105940	328	651	50	
trad_bottom_1.png	106040	810	874	150	
trad_bottom_1.png	106190	842	834	183	
trad_bottom_1.png	106423	1572	492	183	
trad_bottom_1.png	106606	1546	476	200	
trad_bottom_1.png	106839	1271	414	150	
trad_bottom_1.png	107022	1076	192	83	
trad_bottom_1.png	107106	1067	181	100	
trad_bottom_1.png	107206	1057	203	100	
trad_bottom_1.png	107339	1055	602	133	
trad_bottom_1.png	107472	1072	659	117	
trad_bottom_1.png	107605	873	813	183	
trad_bottom_1.png	107822	764	423	83	
trad_bottom_1.png	107955	765	425	83	
trad_bottom_1.png	108055	706	397	183	
trad_bottom_1.png	108238	666	313	117	
trad_bottom_1.png	108371	512	492	250	
trad_bottom_1.png	108638	343	596	117	
trad_bottom_1.png	108788	794	891	133	
trad_bottom_1.png	108988	341	669	167	
trad_bottom_1.png	109171	341	676	250	
trad_bottom_1.png	109454	826	826	67	
trad_bottom_1.png	109537	849	816	67	
trad_bottom_1.png	109604	875	839	516	
trad_bottom_1.png	110154	530	749	100	
trad_bottom_1.png	110287	348	679	150	
trad_bottom_1.png	110487	844	807	133	
trad_bottom_1.png	110653	875	843	283	
trad_bottom_1.png	111036	1493	497	150	
trad_bottom_1.png	111186	1531	488	200	
trad_bottom_1.png	111403	1182	612	133	
trad_bottom_1.png	111553	1101	662	150	
trad_bottom_1.png	111819	814	856	67	
trad_bottom_1.png	111886	856	842	67	
trad_bottom_1.png	112002	871	851	167	
trad_bottom_1.png	112219	105	763	266	
trad_bottom_1.png	112552	814	871	100	
trad_bottom_1.png	112652	847	845	100	
trad_bottom_1.png	112752	874	848	166	
trad_bottom_1.png	112985	73	796	133	
trad_bottom_1.png	113135	70	802	183	
trad_bottom_1.png	113351	257	584	166	
trad_bottom_1.png	113518	315	567	183	
trad_bottom_1.png	113734	630	650	150	
trad_bottom_1.png	113901	849	820	133	
trad_bottom_6.png	114034	880	829	216	
trad_bottom_6.png	114301	654	235	100	
trad_bottom_6.png	114401	631	236	116	
trad_bottom_6.png	114534	667	97	200	
trad_bottom_6.png	114767	102	572	183	
trad_bottom_6.png	115084	1364	619	150	
trad_bottom_6.png	115250	1214	572	200	
trad_bottom_6.png	115467	1332	453	250	
trad_bottom_6.png	115750	1505	626	233	
trad_bottom_6.png	116049	1523	612	100	
trad_bottom_6.png	116166	1522	795	133	
trad_bottom_6.png	116333	880	898	133	
trad_bottom_6.png	116466	854	923	100	
trad_bottom_6.png	116632	1528	606	150	
trad_bottom_6.png	116782	1526	607	83	
trad_bottom_6.png	116866	1547	756	150	
trad_bottom_6.png	117066	1547	759	133	
trad_bottom_6.png	117215	1521	595	150	
trad_bottom_6.png	117382	1244	574	316	
trad_bottom_6.png	117732	1316	483	216	
trad_bottom_6.png	117965	1181	571	200	
trad_bottom_6.png	118181	1051	461	183	
trad_bottom_6.png	118381	964	305	117	
trad_bottom_6.png	118514	710	136	100	
trad_bottom_6.png	118614	685	139	117	
trad_bottom_6.png	118731	623	43	300	
trad_bottom_6.png	119114	751	244	200	
trad_bottom_6.png	119347	634	58	117	
trad_bottom_6.png	119464	464	69	483	
trad_bottom_6.png	119963	426	232	83	
trad_bottom_6.png	120130	438	341	116	
trad_bottom_6.png	120263	606	468	183	
trad_bottom_6.png	120530	712	229	117	
trad_bottom_6.png	120663	935	376	183	
trad_bottom_6.png	120880	1248	579	167	
trad_bottom_6.png	121113	1551	660	133	
trad_bottom_6.png	121246	1532	591	316	
trad_bottom_6.png	121712	856	863	50	
trad_bottom_6.png	121762	866	913	33	
trad_bottom_6.png	121796	836	927	183	
trad_bottom_6.png	122029	219	748	33	
trad_bottom_6.png	122079	201	749	150	
trad_bottom_6.png	122245	225	606	200	
trad_bottom_6.png	122512	1074	833	100	
trad_bottom_6.png	122695	1452	722	100	
trad_bottom_6.png	122895	1457	724	33	
trad_bottom_6.png	122928	1481	786	133	
trad_bottom_6.png	123128	1250	605	167	
trad_bottom_6.png	123295	1210	591	300	
trad_bottom_6.png	123611	1274	711	83	
trad_bottom_6.png	123728	818	850	166	
trad_bottom_6.png	123911	762	850	83	
trad_bottom_6.png	124044	135	769	50	
trad_bottom_6.png	124144	128	770	117	
trad_bottom_6.png	124261	71	825	116	
trad_bottom_6.png	124427	750	844	100	
trad_bottom_6.png	124661	1449	777	133	
trad_bottom_6.png	124811	1439	628	266	
trad_bottom_6.png	125144	1493	595	117	
trad_bottom_6.png	125277	1298	522	133	
trad_bottom_6.png	125527	1235	545	116	
trad_bottom_6.png	125660	1192	616	133	
trad_bottom_6.png	125943	739	861	117	
trad_bottom_6.png	126060	764	835	50	
trad_bottom_6.png	126160	754	838	33	
trad_bottom_6.png	126243	109	808	150	
trad_bottom_6.png	126393	60	834	433	
trad_bottom_6.png	126942	799	927	184	
trad_bottom_6.png	127176	816	923	966	
trad_bottom_6.png	128225	1455	693	133	
trad_bottom_6.png	128358	1496	597	167	
trad_bottom_6.png	128575	610	121	200	
trad_bottom_6.png	128775	648	43	150	
trad_bottom_6.png	128958	902	222	200	
trad_right_6.png	129208	341	208	33	
trad_right_6.png	129291	245	882	216	
trad_right_6.png	129541	225	412	216	
trad_right_6.png	129774	271	343	117	
trad_right_6.png	129907	523	467	267	
trad_right_6.png	130257	435	904	216	
trad_right_6.png	130607	435	187	100	
trad_right_6.png	130707	419	37	300	
trad_right_6.png	131023	314	329	150	
trad_right_6.png	131223	312	332	67	
trad_right_6.png	131290	360	435	233	
trad_right_6.png	131523	297	354	200	
trad_right_6.png	131723	285	372	250	
trad_right_6.png	132022	293	376	33	
trad_right_6.png	132106	395	335	33	
trad_right_6.png	132239	401	335	33	
trad_right_6.png	132339	488	454	33	
trad_right_6.png	132572	431	429	116	
trad_right_6.png	132939	273	391	100	
trad_right_6.png	133038	238	398	150	
trad_right_6.png	133238	329	422	216	
trad_right_6.png	133471	324	344	383	
trad_right_6.png	133855	305	329	50	
trad_right_6.png	133921	423	258	200	
trad_right_6.png	134121	422	247	83	
trad_right_6.png	134254	421	249	100	
trad_right_6.png	134371	290	311	400	
trad_right_6.png	134787	99	211	200	
trad_right_6.png	135037	87	640	166	
trad_right_6.png	135270	117	669	216	
trad_right_6.png	135503	232	660	183	
trad_right_6.png	135703	84	752	233	
trad_right_6.png	135953	271	715	133	
trad_right_6.png	136086	281	649	150	
trad_right_6.png	136270	269	642	200	
trad_right_6.png	136469	150	651	400	
trad_right_6.png	136886	134	562	200	
trad_right_6.png	137086	59	496	150	
trad_right_6.png	137286	39	510	216	
trad_right_6.png	137519	126	583	316	
trad_right_6.png	137835	174	636	283	
trad_right_6.png	138118	248	636	133	
trad_right_6.png	138301	251	641	33	
trad_right_6.png	138335	132	676	483	
trad_right_6.png	138818	204	667	250	
trad_right_6.png	139084	175	791	200	
trad_right_6.png	139284	100	784	166	
trad_right_6.png	139451	80	796	167	
trad_right_6.png	139634	242	655	150	
trad_right_6.png	139784	267	640	233	
trad_right_6.png	140034	300	828	166	
trad_right_6.png	140217	341	660	50	
trad_right_6.png	140317	338	664	67	
trad_right_6.png	140400	279	637	300	
trad_right_6.png	140700	337	654	133	
trad_right_6.png	140850	341	439	250	
trad_right_6.png	141116	304	366	167	
trad_right_6.png	141333	304	369	100	
trad_right_6.png	141449	396	380	133	
trad_right_6.png	141582	421	278	200	
trad_right_6.png	141782	421	242	283	
trad_right_6.png	142082	265	383	216	
trad_right_6.png	142332	273	320	150	
trad_right_6.png	142499	287	101	200	
trad_right_6.png	142715	67	180	250	
trad_right_6.png	142982	399	270	316	
trad_right_6.png	143348	468	452	216	
trad_right_6.png	143598	437	58	166	
trad_right_6.png	143764	430	27	250	
trad_right_6.png	144064	505	430	150	
trad_right_6.png	144231	327	349	83	
trad_right_6.png	144364	325	350	183	
trad_right_6.png	144547	377	287	266	
trad_right_6.png	144830	453	431	167	
trad_right_6.png	144997	462	471	233	
trad_right_6.png	145230	365	463	83	
trad_right_6.png	145363	366	462	117	
trad_right_6.png	145496	413	655	316	
trad_right_6.png	145830	219	663	167	
trad_right_6.png	145996	212	636	133	
trad_right_6.png	146163	312	874	150	
trad_right_6.png	146379	431	905	83	
trad_right_6.png	146512	318	367	133	
trad_right_6.png	146646	293	321	167	
trad_right_6.png	146812	273	316	83	
trad_right_6.png	146929	171	65	283	
trad_right_6.png	147212	33	120	133	
trad_right_6.png	147412	403	33	233	
trad_right_6.png	147645	431	19	117	
trad_right_6.png	147895	79	710	200	
trad_right_6.png	148095	100	690	150	
trad_right_6.png	148261	85	489	83	
trad_right_6.png	148394	86	491	33	
trad_right_6.png	148494	229	857	183	
trad_right_6.png	148678	281	870	133	
trad_right_6.png	148811	427	898	150	
trad_right_6.png	149011	381	434	200	
trad_right_6.png	149227	293	353	133	
trad_right_6.png	149427	459	468	949	
trad_right_6.png	150426	462	479	33	
trad_right_6.png	150510	460	473	67	
trad_right_6.png	150576	486	492	183	
trad_right_6.png	150759	466	475	400	
trad_right_6.png	151176	363	331	200	
trad_right_6.png	151426	406	253	300	
trad_right_6.png	151742	471	473	383	
trad_right_6.png	152158	131	179	167	
trad_right_6.png	152342	206	89	50	
trad_right_6.png	152442	206	92	83	
trad_right_6.png	152542	20	160	250	
trad_right_6.png	152841	55	566	200	
trad_right_6.png	153041	42	503	250	
trad_right_6.png	153308	96	510	67	
trad_right_6.png	153458	315	904	133	
trad_right_6.png	153607	431	915	283	
trad_right_6.png	153924	446	432	183	
trad_left_1.png	154107	464	470	250	
trad_left_1.png	154374	312	463	33	
trad_left_1.png	154457	316	461	67	
trad_left_1.png	154557	38	471	217	
trad_left_1.png	154823	395	633	200	
trad_left_1.png	155023	415	677	33	
trad_left_1.png	155057	420	608	33	
trad_left_1.png	155107	419	610	33	
trad_left_1.png	155290	207	107	133	
trad_left_1.png	155473	229	183	216	
trad_left_1.png	155873	421	846	33	
trad_left_1.png	155923	421	851	33	
trad_left_1.png	155973	332	862	150	
trad_left_1.png	156139	274	877	300	
trad_left_1.png	156655	185	665	50	
trad_left_1.png	156705	175	632	250	
trad_left_1.png	156989	390	610	150	
trad_left_1.png	157138	407	617	300	
trad_left_1.png	157488	313	444	200	
trad_left_1.png	157705	277	322	316	
trad_left_1.png	158054	211	563	150	
trad_left_1.png	158238	288	826	166	
trad_left_1.png	158404	273	866	50	
trad_left_1.png	158504	270	866	117	
trad_left_1.png	158637	346	778	266	
trad_left_1.png	158937	418	604	400	
trad_left_1.png	159337	488	627	100	
trad_left_1.png	159520	284	443	133	
trad_left_1.png	159670	270	322	283	
trad_left_1.png	159953	277	310	83	
trad_left_1.png	160036	226	211	283	
trad_left_1.png	160320	221	190	150	
trad_left_1.png	160536	191	192	416	
trad_left_1.png	160952	215	193	316	
trad_left_1.png	161286	141	114	133	
trad_left_1.png	161452	82	467	33	
trad_left_1.png	161535	78	470	116	
trad_left_1.png	161652	75	495	150	
trad_left_1.png	161835	170	145	333	
trad_left_1.png	162202	357	579	166	
trad_left_1.png	162368	404	610	133	
trad_left_1.png	162551	316	883	183	
trad_left_1.png	162735	280	859	366	
trad_left_1.png	163118	328	637	200	
trad_left_1.png	163334	247	530	166	
trad_left_1.png	163551	295	420	166	
trad_left_1.png	163734	270	314	300	
trad_left_1.png	164067	418	629	133	
trad_left_1.png	164200	403	607	200	
trad_left_1.png	164400	464	668	116	
trad_left_1.png	164583	314	848	350	
trad_left_1.png	164933	267	868	166	
trad_left_1.png	165133	391	571	216	
trad_left_1.png	165383	192	200	150	
trad_left_1.png	165583	215	194	516	
trad_left_1.png	166115	87	415	183	
trad_left_1.png	166299	75	468	167	
trad_left_1.png	166499	299	528	50	
trad_left_1.png	166599	303	528	100	
trad_left_1.png	166698	329	511	266	
trad_left_1.png	166998	161	172	133	
trad_left_1.png	167148	91	62	266	
trad_left_1.png	167448	72	442	117	
trad_left_1.png	167631	77	506	933	
trad_left_1.png	168614	71	507	50	
trad_left_1.png	168714	186	131	183	
trad_left_1.png	168897	210	177	366	
trad_left_1.png	169263	134	167	283	
trad_left_1.png	169630	70	518	266	
trad_left_1.png	169930	226	265	100	
trad_left_1.png	170029	235	178	167	
trad_left_1.png	170196	222	189	150	
trad_left_1.png	170396	396	618	200	
trad_left_1.png	170646	411	610	67	
trad_left_1.png	170746	313	874	183	
trad_left_1.png	170929	268	876	283	
trad_left_1.png	171245	425	580	250	
trad_left_1.png	171512	357	440	100	
trad_left_1.png	171662	355	442	133	
trad_left_1.png	171812	283	311	183	
trad_left_1.png	172011	78	524	200	
trad_left_1.png	172211	76	510	416	
trad_left_1.png	172661	75	509	949	
trad_top_3.png	173744	563	489	33	
trad_top_3.png	173810	835	225	100	
trad_top_3.png	173927	805	39	183	
trad_top_3.png	174276	734	825	117	
trad_top_3.png	174410	682	853	100	
trad_top_3.png	174693	423	832	133	
trad_top_3.png	174859	403	615	250	
trad_top_3.png	175176	118	493	100	
trad_top_3.png	175309	356	812	166	
trad_top_3.png	175476	281	882	150	
trad_top_3.png	175626	313	912	133	
trad_top_3.png	175792	522	718	167	
trad_top_3.png	175975	670	814	200	
trad_top_3.png	176192	645	564	283	
trad_top_3.png	176508	695	831	150	
trad_top_3.png	176708	694	832	33	
trad_top_3.png	176758	876	840	166	
trad_top_3.png	176941	952	688	283	
trad_top_3.png	177241	709	764	300	
trad_top_3.png	177558	718	621	116	
trad_top_3.png	177724	717	623	117	
trad_top_3.png	177857	844	739	83	
trad_top_3.png	177974	791	345	200	
trad_top_3.png	178207	554	296	200	
trad_top_3.png	178424	450	456	216	
trad_top_3.png	178657	647	247	167	
trad_top_3.png	178840	983	297	400	
trad_top_3.png	179290	1194	768	216	
trad_top_3.png	179523	1132	890	167	
trad_top_3.png	179739	1209	488	167	
trad_top_3.png	179922	1307	293	266	
trad_top_3.png	180206	1336	190	183	
trad_top_3.png	180422	1347	139	167	
trad_top_3.png	180622	868	44	83	
trad_top_3.png	180789	830	52	83	
trad_top_3.png	180922	1259	634	250	
trad_top_3.png	181172	1149	738	166	
trad_top_3.png	181388	1442	366	183	
trad_top_3.png	181588	1327	302	200	
trad_top_3.png	181805	1030	245	250	
trad_top_3.png	182088	667	186	166	
trad_top_3.png	182254	608	231	83	
trad_top_3.png	182571	582	486	50	
trad_top_3.png	182637	428	417	83	
trad_top_3.png	182804	366	772	233	
trad_top_3.png	183054	319	918	150	
trad_top_3.png	183220	539	881	150	
trad_top_3.png	183520	669	839	100	
trad_top_3.png	183970	329	777	83	
trad_top_3.png	184070	530	925	150	
trad_top_3.png	184253	902	910	183	
trad_top_3.png	184436	903	829	216	
trad_top_3.png	184919	437	709	366	
trad_top_3.png	185302	341	857	233	
trad_top_3.png	185702	319	772	50	
trad_top_3.png	185802	403	492	83	
trad_top_3.png	185885	407	476	83	
trad_top_3.png	185968	432	395	216	
trad_top_3.png	186218	545	889	200	
trad_top_3.png	186435	681	853	183	
trad_top_3.png	186634	672	614	133	
trad_top_3.png	186818	673	610	33	
trad_top_3.png	186868	736	462	200	
trad_top_3.png	187084	795	337	183	
trad_top_3.png	187284	616	239	150	
trad_top_3.png	187434	604	220	150	
trad_top_3.png	187617	956	292	133	
trad_top_3.png	187817	670	102	83	
trad_top_3.png	187950	90	398	166	
trad_top_3.png	188150	83	554	150	
trad_top_3.png	188300	182	631	133	
trad_top_3.png	188483	973	339	167	
trad_top_3.png	188666	1015	300	83	
trad_top_3.png	188833	1193	865	150	
trad_top_3.png	189000	1106	901	100	
trad_top_3.png	189149	1235	347	133	
trad_top_3.png	189283	1312	250	183	
trad_top_3.png	189466	1333	173	150	
trad_top_3.png	189649	1346	188	150	
trad_top_3.png	189849	1346	193	83	
trad_top_3.png	189982	1328	130	100	
trad_top_3.png	190115	863	207	67	
trad_top_3.png	190215	779	45	150	
trad_top_3.png	190365	807	35	183	
trad_top_3.png	190565	965	235	200	
trad_top_3.png	190848	1378	817	83	
trad_top_3.png	190982	725	164	166	
trad_top_3.png	191165	567	123	133	
trad_top_3.png	191315	802	20	366	
trad_top_3.png	191681	824	20	133	
trad_top_3.png	191864	819	23	233	
trad_top_3.png	192164	1276	724	150	
trad_top_3.png	192314	1408	923	216	
trad_top_3.png	192547	1109	946	233	
trad_top_3.png	192880	1564	422	100	
trad_top_3.png	193030	1600	388	166	
trad_top_3.png	193230	1576	870	150	
trad_top_3.png	193380	1536	874	133	
trad_top_3.png	193680	851	-48	117	
trad_top_3.png	193879	816	29	117	
trad_top_3.png	194063	710	782	167	
trad_top_3.png	194246	678	862	117	
trad_right_5.png	194429	232	78	250	
trad_right_5.png	194712	205	406	133	
trad_right_5.png	194895	506	493	200	
trad_right_5.png	195112	119	410	216	
trad_right_5.png	195362	270	746	150	
trad_right_5.png	195512	375	864	166	
trad_right_5.png	195728	389	96	133	
trad_right_5.png	195911	371	34	216	
trad_right_5.png	196161	244	428	216	
trad_right_5.png	196394	168	737	283	
trad_right_5.png	196694	363	559	133	
trad_right_5.png	196827	373	482	50	
trad_right_5.png	196894	373	479	116	
trad_right_5.png	197027	500	488	100	
trad_right_5.png	197161	420	880	200	
trad_right_5.png	197394	86	795	200	
trad_right_5.png	197627	63	488	183	
trad_right_5.png	197827	69	389	50	
trad_right_5.png	197927	69	393	150	
trad_right_5.png	198093	95	164	200	
trad_right_5.png	198293	91	118	266	
trad_right_5.png	198576	26	197	166	
trad_right_5.png	198759	132	207	133	
trad_right_5.png	198943	130	208	33	
trad_right_5.png	198976	80	202	150	
trad_right_5.png	199142	33	207	450	
trad_right_5.png	199609	115	202	300	
trad_right_5.png	199942	150	203	333	
trad_right_5.png	200292	58	273	383	
trad_right_5.png	200675	108	275	233	
trad_right_5.png	200958	109	276	33	
trad_right_5.png	201008	43	327	350	
trad_right_5.png	201358	111	331	400	
trad_right_5.png	201757	165	334	166	
trad_right_5.png	201974	183	221	117	
trad_right_5.png	202090	213	206	200	
trad_right_5.png	202290	243	302	133	
trad_right_5.png	202424	210	375	83	
trad_right_5.png	202523	207	381	167	
trad_right_5.png	202707	55	363	216	
trad_right_5.png	203007	62	312	83	
trad_right_5.png	203106	135	325	283	
trad_right_5.png	203389	60	313	316	
trad_right_5.png	203706	35	328	233	
trad_right_5.png	203989	111	321	433	
trad_right_5.png	204422	136	405	216	
trad_right_5.png	204639	102	421	100	
trad_right_5.png	204755	191	403	166	
trad_right_5.png	204922	204	388	33	
trad_right_5.png	205005	207	393	67	
trad_right_5.png	205088	120	420	233	
trad_right_5.png	205338	215	370	450	
trad_right_5.png	205788	264	287	183	
trad_right_5.png	206004	208	379	300	
trad_right_5.png	206304	218	362	300	
trad_right_5.png	206604	172	229	150	
trad_right_5.png	206770	81	205	200	
trad_right_5.png	207020	81	206	33	
trad_right_5.png	207070	187	203	283	
trad_right_5.png	207353	237	215	133	
trad_right_5.png	207487	265	265	200	
trad_right_5.png	207703	226	463	200	
trad_right_5.png	207920	141	677	67	
trad_right_5.png	208036	143	679	217	
trad_right_5.png	208269	69	574	250	
trad_right_5.png	208519	51	477	150	
trad_right_5.png	208686	32	300	183	
trad_right_5.png	208869	86	414	200	
trad_right_5.png	209102	82	178	200	
trad_right_5.png	209335	444	465	166	
trad_right_5.png	209552	333	883	200	
trad_right_5.png	209752	293	889	183	
trad_right_5.png	209935	208	871	67	
trad_right_5.png	210052	206	872	67	
trad_right_5.png	210135	270	883	183	
trad_right_5.png	210385	329	25	266	
trad_right_5.png	210651	410	14	166	
trad_right_5.png	210818	443	17	183	
trad_right_5.png	211068	514	503	216	
trad_right_5.png	211317	111	313	200	
trad_right_5.png	211517	45	344	283	
trad_right_5.png	211800	120	432	166	
trad_right_5.png	211967	204	446	67	
trad_right_5.png	212067	204	454	117	
trad_right_5.png	212200	112	745	216	
trad_right_5.png	212417	49	812	167	
trad_right_5.png	212600	37	612	383	
trad_right_5.png	213083	203	289	100	
trad_right_5.png	213183	43	260	233	
trad_right_5.png	213416	33	189	167	
trad_right_5.png	213599	127	185	183	
trad_right_5.png	213799	190	188	216	
trad_right_5.png	214099	21	207	216	
trad_right_5.png	214332	256	254	216	
trad_right_5.png	214565	192	191	200	
trad_right_5.png	214765	263	259	283	
trad_right_5.png	215098	265	261	250	
trad_right_5.png	215365	149	413	216	
trad_right_5.png	215581	120	429	200	
trad_right_5.png	215798	267	279	183	
trad_right_5.png	215981	267	258	83	
trad_right_5.png	216114	271	261	150	
trad_right_5.png	216281	491	476	200	
trad_right_5.png	216514	281	268	200	
trad_right_5.png	216714	264	260	266	
trad_right_5.png	217013	515	510	67	
trad_right_5.png	217130	516	515	33	
trad_right_5.png	217197	370	877	250	
trad_right_5.png	217463	255	872	150	
trad_right_5.png	217613	202	866	217	
trad_right_5.png	217929	38	301	67	
trad_left_2.png	218146	257	295	217	
trad_left_2.png	218396	91	458	167	
trad_left_2.png	218596	350	690	167	
trad_left_2.png	218779	474	787	183	
trad_left_2.png	218962	496	793	150	
trad_left_2.png	219129	499	792	50	
trad_left_2.png	219179	498	713	166	
trad_left_2.png	219462	441	441	100	
trad_left_2.png	219578	448	265	250	
trad_left_2.png	219828	406	166	266	
trad_left_2.png	220161	348	196	67	
trad_left_2.png	220261	287	322	200	
trad_left_2.png	220478	512	317	150	
trad_left_2.png	220628	503	259	200	
trad_left_2.png	220844	494	398	250	
trad_left_2.png	221094	428	375	33	
trad_left_2.png	221177	427	373	167	
trad_left_2.png	221360	439	221	183	
trad_left_2.png	221544	505	251	233	
trad_left_2.png	221793	418	179	266	
trad_left_2.png	222077	440	196	50	
trad_left_2.png	222177	309	325	133	
trad_left_2.png	222310	295	325	100	
trad_left_2.png	222510	284	301	117	
trad_left_2.png	222643	210	129	183	
trad_left_2.png	222843	148	91	150	
trad_left_2.png	223026	457	198	100	
trad_left_2.png	223342	517	270	150	
trad_left_2.png	223509	518	385	200	
trad_left_2.png	224009	294	338	150	
trad_left_2.png	224209	275	328	33	
trad_left_2.png	224258	388	526	300	
trad_left_2.png	224558	411	518	233	
trad_left_2.png	224808	285	413	233	
trad_left_2.png	225041	258	356	133	
trad_left_2.png	225208	276	320	116	
trad_left_2.png	225358	391	556	216	
trad_left_2.png	225574	413	564	183	
trad_left_2.png	225757	412	543	133	
trad_left_2.png	225924	246	409	233	
trad_left_2.png	226224	377	521	167	
trad_left_2.png	226390	316	538	483	
trad_left_2.png	226873	388	552	200	
trad_left_2.png	227090	243	425	100	
trad_left_2.png	227240	226	399	217	
trad_left_2.png	227490	284	689	250	
trad_left_2.png	227756	465	735	183	
trad_left_2.png	227939	494	780	266	
trad_left_2.png	228239	501	781	50	
trad_left_2.png	228306	230	744	183	
trad_left_2.png	228522	222	484	133	
trad_left_2.png	228655	222	435	216	
trad_left_2.png	228889	254	612	316	
trad_left_2.png	229255	280	676	116	
trad_left_2.png	229388	468	780	233	
trad_left_2.png	229621	493	727	117	
trad_left_2.png	229755	256	744	183	
trad_left_2.png	229938	269	680	283	
trad_left_2.png	230304	324	782	200	
trad_left_2.png	230504	279	701	117	
trad_left_2.png	230637	261	616	250	
trad_left_2.png	230887	270	660	167	
trad_left_2.png	231270	269	665	117	
trad_left_2.png	231387	305	666	266	
trad_left_2.png	231653	270	668	133	
trad_left_2.png	231803	237	498	183	
trad_left_2.png	231986	227	422	250	
trad_left_2.png	232320	282	654	166	
trad_left_2.png	232619	290	678	117	
trad_left_2.png	232736	307	679	250	
trad_left_2.png	232986	267	668	250	
trad_left_2.png	233302	219	421	233	
trad_left_2.png	233552	368	486	300	
trad_left_2.png	233868	222	416	117	
trad_left_2.png	234018	275	659	217	
trad_left_2.png	234235	303	669	33	
trad_left_2.png	234302	308	670	50	
trad_left_2.png	234368	490	729	150	
trad_left_2.png	234518	507	709	233	
trad_left_2.png	234768	261	744	283	
trad_left_2.png	235051	238	763	200	
trad_left_2.png	235317	300	755	133	
trad_left_2.png	235451	287	666	416	
trad_left_2.png	236350	318	684	200	
trad_left_2.png	236567	503	717	283	
trad_left_2.png	236883	263	448	167	
trad_left_2.png	237050	225	433	150	
trad_left_2.png	237199	171	504	167	
trad_left_2.png	237383	368	545	266	
trad_left_2.png	237682	164	516	150	
trad_left_2.png	237832	170	523	150	
trad_left_2.png	237982	207	474	183	
trad_left_2.png	238165	178	522	133	
trad_left_2.png	238349	176	526	166	
trad_left_2.png	238532	244	729	333	
trad_left_2.png	238865	230	772	167	
trad_left_2.png	239048	400	770	200	
trad_left_2.png	239281	260	491	33	
trad_left_2.png	239365	258	495	50	
trad_left_2.png	239415	218	397	133	
trad_left_2.png	239581	381	247	183	
trad_left_2.png	239764	491	263	183	
trad_left_2.png	239948	407	154	100	
trad_left_2.png	240481	164	69	50	
trad_left_2.png	240580	285	113	33	
trad_left_2.png	240664	289	114	33	
trad_left_2.png	241014	174	540	300	
trad_left_2.png	241380	388	904	167	
trad_left_2.png	241596	172	537	700	
trad_right_4.png	242396	219	209	100	
trad_right_4.png	242529	491	471	217	
trad_right_4.png	242779	117	589	200	
trad_right_4.png	242995	67	696	250	
trad_right_4.png	243279	294	808	83	
trad_right_4.png	243412	284	825	266	
trad_right_4.png	243695	337	567	250	
trad_right_4.png	243978	325	870	167	
trad_right_4.png	244145	310	860	183	
trad_right_4.png	244328	275	838	33	
trad_right_4.png	244411	293	838	333	
trad_right_4.png	244761	349	530	316	
trad_right_4.png	245111	240	160	217	
trad_right_4.png	245327	233	77	50	
trad_right_4.png	245427	235	79	83	
trad_right_4.png	245544	116	328	216	
trad_right_4.png	245777	355	490	150	
trad_right_4.png	245927	364	528	116	
trad_right_4.png	246093	357	889	117	
trad_right_4.png	246227	320	864	167	
trad_right_4.png	246426	316	865	117	
trad_right_4.png	246543	286	847	366	
trad_right_4.png	247526	285	833	50	
trad_right_4.png	247576	327	853	366	
trad_right_4.png	247942	271	837	216	
trad_right_4.png	248175	168	806	233	
trad_right_4.png	248458	169	805	67	
trad_right_4.png	248525	261	823	100	
trad_right_4.png	248641	172	636	300	
trad_right_4.png	248958	85	679	300	
trad_right_4.png	249258	147	787	150	
trad_right_4.png	249458	224	600	166	
trad_right_4.png	249641	310	521	666	
trad_right_4.png	250324	127	742	100	
trad_right_4.png	250474	123	743	133	
trad_right_4.png	250607	123	774	166	
trad_right_4.png	250790	272	815	300	
trad_right_4.png	251123	365	527	266	
trad_right_4.png	251406	135	399	33	
trad_right_4.png	251490	124	399	133	
trad_right_4.png	251640	103	281	216	
trad_right_4.png	251889	207	144	183	
trad_right_4.png	252073	222	83	100	
trad_right_4.png	252222	358	894	333	
trad_right_4.png	252589	529	496	117	
trad_right_4.png	252755	421	26	183	
trad_right_4.png	253255	114	638	50	
trad_right_4.png	253322	77	744	133	
trad_right_4.png	253505	74	742	117	
trad_right_4.png	253621	121	767	167	
trad_right_4.png	253805	158	599	316	
trad_right_4.png	254138	75	698	117	
trad_right_4.png	254354	78	679	117	
trad_right_4.png	254537	135	784	183	
trad_right_4.png	254721	272	815	283	
trad_right_4.png	255004	312	847	285	
trad_right_4.png	255306	369	892	133	
trad_right_4.png	255539	347	605	50	
trad_right_4.png	255605	352	531	216	
trad_right_4.png	255839	77	347	200	
trad_right_4.png	256055	86	229	200	
trad_right_4.png	256288	345	498	133	
trad_right_4.png	256421	359	533	67	
trad_right_4.png	256538	357	526	266	
trad_right_4.png	256838	108	743	216	
trad_right_4.png	257071	92	663	200	
trad_right_4.png	257271	146	608	133	
trad_right_4.png	257554	260	602	133	
trad_right_4.png	257687	303	508	150	
trad_right_4.png	257854	322	819	183	
trad_right_4.png	258037	298	830	133	
trad_right_4.png	258170	388	897	133	
trad_left_3.png	258353	349	514	166	
trad_left_3.png	258553	347	516	100	
trad_left_3.png	258670	223	446	117	
trad_left_3.png	258786	277	365	233	
trad_left_3.png	259053	425	770	216	
trad_left_3.png	259269	454	783	217	
trad_left_3.png	259569	503	651	283	
trad_left_3.png	259852	451	556	250	
trad_left_3.png	260136	369	809	250	
trad_left_3.png	260402	212	852	133	
trad_left_3.png	260668	420	781	167	
trad_left_3.png	261035	415	739	100	
trad_left_3.png	261235	224	654	300	
trad_left_3.png	261601	423	755	200	
trad_left_3.png	261801	457	778	133	
trad_left_3.png	261951	495	615	250	
trad_left_3.png	262218	436	558	233	
trad_left_3.png	262451	493	644	100	
trad_left_3.png	262601	495	652	33	
trad_left_3.png	262767	479	732	100	
trad_left_3.png	262884	494	654	300	
trad_left_3.png	263183	440	778	300	
trad_left_3.png	263483	394	776	83	
trad_left_3.png	263617	395	777	166	
trad_left_3.png	263800	444	648	217	
trad_left_3.png	264016	501	653	166	
trad_left_3.png	264199	284	659	150	
trad_left_3.png	264349	307	749	166	
trad_left_3.png	264533	271	601	33	
trad_left_3.png	264616	271	598	50	
trad_left_3.png	264683	481	623	283	
trad_left_3.png	264982	319	622	250	
trad_left_3.png	265232	398	628	283	
trad_left_3.png	265515	334	612	67	
trad_left_3.png	265665	255	604	150	
trad_left_3.png	265815	230	614	133	
trad_left_3.png	265965	362	540	233	
trad_left_3.png	266215	266	383	300	
trad_left_3.png	266515	285	364	117	
trad_left_3.png	266648	211	329	233	
trad_left_3.png	266881	231	362	266	
trad_left_3.png	267164	121	438	300	
trad_left_3.png	267464	269	369	167	
trad_left_3.png	267697	317	349	133	
trad_left_3.png	267847	433	239	250	
trad_left_3.png	268180	321	880	150	
trad_left_3.png	268330	221	884	300	
trad_left_3.png	268713	164	33	217	
trad_left_3.png	268930	202	44	150	
trad_left_3.png	269079	223	44	133	
trad_left_3.png	269263	76	416	133	
trad_left_3.png	269413	44	514	67	
trad_left_3.png	269562	204	909	83	
trad_left_3.png	269696	231	883	150	
trad_left_3.png	269846	258	863	67	
trad_left_3.png	269962	262	451	167	
trad_left_3.png	270129	276	361	350	
trad_left_3.png	270479	273	332	100	
trad_left_3.png	270595	141	442	67	
trad_left_3.png	270712	143	444	83	
trad_left_3.png	270812	269	643	216	
trad_left_3.png	271045	327	740	133	
trad_left_3.png	271178	490	701	200	
trad_left_3.png	271378	507	646	166	
trad_left_3.png	271578	204	577	83	
trad_left_3.png	271711	201	572	67	
trad_left_3.png	271794	239	405	183	
trad_left_3.png	271978	282	360	500	
trad_left_3.png	272494	132	441	183	
trad_left_3.png	272727	130	442	100	
trad_left_3.png	272860	172	181	117	
trad_left_3.png	272994	191	26	216	
trad_left_3.png	273243	475	109	450	
trad_left_3.png	273743	331	241	133	
trad_left_3.png	273876	307	174	167	
trad_left_3.png	274076	261	387	350	
trad_left_3.png	274459	208	233	233	
trad_left_3.png	274742	121	468	266	
trad_left_3.png	275009	126	449	300	
trad_left_3.png	275325	245	392	300	
trad_left_3.png	275625	125	450	83	
trad_left_3.png	275758	125	453	316	
trad_left_3.png	276108	474	831	183	
trad_left_3.png	276291	462	790	183	
trad_left_3.png	276491	495	603	233	
trad_left_3.png	276774	512	642	233	
trad_left_3.png	277024	338	653	133	
trad_left_3.png	277157	304	583	150	
trad_left_3.png	277374	280	899	150	
trad_left_3.png	277524	232	894	200	
trad_left_3.png	277790	274	864	117	
trad_left_3.png	277907	346	844	166	
trad_left_3.png	278073	364	807	167	
trad_left_3.png	278290	190	139	133	
trad_left_3.png	278423	198	28	300	
trad_left_3.png	278790	42	469	133	
trad_right_3.png	278939	135	434	333	
trad_right_3.png	279289	275	318	166	
trad_right_3.png	279472	502	460	267	
trad_right_3.png	279805	148	504	117	
trad_right_3.png	279955	344	96	183	
trad_right_3.png	280139	326	41	250	
trad_right_3.png	280422	318	320	333	
trad_right_3.png	280805	276	102	167	
trad_right_3.png	280971	329	61	300	
trad_right_3.png	281288	381	258	216	
trad_right_3.png	281554	401	167	133	
trad_right_3.png	281804	187	114	133	
trad_right_3.png	281937	171	112	150	
trad_right_3.png	282087	323	157	33	
trad_right_3.png	282121	357	183	117	
trad_right_3.png	282737	424	173	50	
trad_right_3.png	282837	384	305	67	
trad_right_3.png	282920	286	372	183	
trad_right_3.png	283103	316	328	350	
trad_right_3.png	283470	383	588	250	
trad_right_3.png	283736	421	447	67	
trad_right_3.png	283853	424	447	33	
trad_right_3.png	283886	462	473	117	
trad_right_3.png	284119	388	192	200	
trad_right_3.png	284336	322	39	283	
trad_right_3.png	284636	322	200	117	
trad_right_3.png	284752	200	122	50	
trad_right_3.png	284852	182	118	316	
trad_right_3.png	285202	398	180	200	
trad_right_3.png	285418	314	346	383	
trad_right_3.png	285868	402	579	183	
trad_right_3.png	286068	458	496	250	
trad_right_3.png	286335	361	350	100	
trad_right_3.png	286451	356	162	133	
trad_right_3.png	286601	352	49	233	
trad_right_3.png	286884	327	53	266	
trad_right_3.png	287217	436	858	150	
trad_right_3.png	287367	404	896	167	
trad_right_3.png	287567	450	526	150	
trad_right_3.png	287717	454	475	117	
trad_right_3.png	287883	458	476	33	
trad_right_3.png	287933	315	395	166	
trad_right_3.png	288100	309	355	183	
trad_right_3.png	288300	133	493	316	
trad_right_3.png	288616	179	528	233	
trad_right_3.png	288899	181	528	50	
trad_right_3.png	288966	286	626	117	
trad_right_3.png	289099	246	671	133	
trad_right_3.png	289366	322	617	83	
trad_right_3.png	289482	331	611	33	
trad_right_3.png	289516	350	631	50	
trad_right_3.png	289765	153	496	100	
trad_right_3.png	289915	450	496	266	
trad_right_3.png	290199	327	332	117	
trad_right_3.png	290348	344	61	167	
trad_right_3.png	290515	333	43	116	
trad_right_3.png	290698	358	69	133	
trad_right_3.png	290915	462	402	283	
trad_right_3.png	291198	462	455	117	
trad_right_3.png	291331	403	218	266	
trad_right_3.png	291598	412	203	200	
trad_right_3.png	291797	357	342	83	
trad_right_3.png	291931	360	348	83	
trad_right_3.png	292031	319	329	350	
trad_right_3.png	292397	380	218	233	
trad_right_3.png	292630	335	332	266	
trad_right_3.png	292963	472	453	183	
trad_right_3.png	293147	467	475	183	
trad_right_3.png	293346	205	606	183	
trad_right_3.png	293546	174	517	216	
trad_right_3.png	293779	125	500	116	
trad_right_3.png	293979	105	768	283	
trad_right_3.png	294279	392	913	167	
trad_right_3.png	294479	460	489	183	
trad_right_3.png	294662	465	472	250	
trad_right_3.png	294962	463	472	966	
trad_right_3.png	295978	458	475	333	
trad_left_4.png	296328	340	501	200	
trad_left_4.png	296528	383	531	216	
trad_left_4.png	296744	408	557	100	
trad_left_4.png	297044	326	253	83	
trad_left_4.png	297127	311	159	150	
trad_left_4.png	297277	210	82	117	
trad_left_4.png	297427	386	494	183	
trad_left_4.png	297610	412	537	117	
trad_left_4.png	297827	430	630	67	
trad_left_4.png	297910	458	828	33	
trad_left_4.png	297993	456	820	167	
trad_left_4.png	298193	153	899	233	
trad_left_4.png	298526	354	572	150	
trad_left_4.png	298676	404	548	283	
trad_left_4.png	299009	417	542	67	
trad_left_4.png	299093	460	329	333	
trad_left_4.png	299442	409	556	133	
trad_left_4.png	299576	411	540	400	
trad_left_4.png	300008	411	552	300	
trad_left_4.png	300325	469	654	233	
trad_left_4.png	300575	504	701	183	
trad_left_4.png	300758	495	839	200	
trad_left_4.png	301025	308	790	83	
trad_left_4.png	301141	89	510	167	
trad_left_4.png	301358	251	167	200	
trad_left_4.png	301591	178	484	150	
trad_left_4.png	301741	183	527	116	
trad_left_4.png	301891	201	64	100	
trad_left_4.png	302040	200	68	83	
trad_left_4.png	302140	107	-14	150	
trad_left_4.png	302324	394	473	183	
trad_left_4.png	302507	409	521	266	
trad_left_4.png	302807	471	217	183	
trad_left_4.png	303040	469	218	67	
trad_left_4.png	303106	418	215	233	
trad_left_4.png	303373	410	554	433	
trad_left_4.png	303806	343	539	200	
trad_left_4.png	304056	401	541	516	
trad_left_4.png	304572	381	540	167	
trad_left_4.png	304855	384	562	83	
trad_left_4.png	304939	410	563	83	
trad_left_4.png	305205	409	563	416	
trad_left_4.png	305621	364	570	200	
trad_left_4.png	305821	329	613	117	
trad_left_4.png	305938	397	565	100	
trad_left_4.png	306071	398	563	116	
trad_left_4.png	306188	353	541	283	
trad_left_4.png	306471	408	540	566	
trad_left_4.png	307087	413	549	200	
trad_left_4.png	307287	378	555	216	
trad_left_4.png	307503	326	547	400	
trad_left_4.png	307903	415	540	150	
trad_left_4.png	308103	416	543	200	
trad_left_4.png	308303	341	543	167	
trad_left_4.png	308469	319	545	466	
trad_left_4.png	308936	280	571	117	
trad_left_4.png	309102	279	583	150	
trad_left_4.png	309252	389	584	150	
trad_left_4.png	309402	409	568	350	
trad_left_4.png	309769	334	633	217	
trad_left_4.png	309985	403	564	83	
trad_left_4.png	310118	406	565	233	
trad_left_4.png	310368	313	629	266	
trad_left_4.png	310635	279	572	200	
trad_left_4.png	310834	339	544	167	
trad_left_4.png	311001	319	543	83	
trad_left_4.png	311134	321	543	67	
trad_left_4.png	311218	395	540	150	
trad_left_4.png	311384	360	478	200	
trad_left_4.png	311601	298	577	117	
trad_left_4.png	311717	270	586	383	
trad_left_4.png	312134	265	587	166	
trad_left_4.png	312333	424	823	216	
trad_left_4.png	312550	479	837	117	
trad_left_4.png	312717	452	239	200	
trad_left_4.png	312916	383	137	150	
trad_left_4.png	313150	235	48	150	
trad_left_4.png	313299	146	12	250	
trad_left_4.png	313549	119	12	183	
trad_left_4.png	313749	271	117	117	
trad_left_4.png	313932	47	428	133	
trad_left_4.png	314066	28	477	50	
trad_left_4.png	314166	29	482	50	
trad_left_4.png	314266	128	879	166	
trad_left_4.png	314432	140	907	167	
trad_left_4.png	314632	483	911	167	
trad_left_4.png	314798	500	882	183	
trad_left_4.png	314998	479	607	133	
trad_left_4.png	315182	479	304	333	
trad_left_4.png	315531	409	404	150	
trad_left_4.png	315698	388	560	183	
trad_left_4.png	315881	409	553	250	
trad_left_4.png	316181	407	555	266	
trad_left_4.png	316447	329	540	183	
trad_left_4.png	316664	418	628	216	
trad_left_4.png	316880	405	573	250	
trad_left_4.png	317197	405	539	450	
trad_left_4.png	317663	308	560	416	
trad_left_4.png	318096	413	564	333	
trad_left_4.png	318429	376	577	116	
trad_left_4.png	318696	341	612	200	
trad_left_4.png	319096	366	606	83	
trad_left_4.png	319229	411	575	83	
trad_left_4.png	319445	275	584	266	
trad_left_4.png	319778	403	555	150	
trad_left_4.png	319928	414	551	266	
trad_left_4.png	320228	410	542	233	
trad_left_4.png	320711	418	543	266	
trad_left_4.png	320978	382	565	217	
trad_left_4.png	321394	346	620	233	
trad_left_4.png	321644	391	562	233	
trad_left_4.png	321877	404	561	266	
trad_left_4.png	322144	333	625	67	
trad_left_4.png	322260	320	636	183	
trad_left_4.png	322443	278	588	366	
trad_left_4.png	322826	330	624	100	
trad_left_4.png	323059	369	600	150	
trad_left_4.png	323259	408	567	283	
trad_left_4.png	323559	328	630	200	
trad_left_4.png	323759	292	578	166	
trad_left_4.png	323926	384	540	183	
trad_left_4.png	324109	412	532	117	
trad_left_4.png	324309	327	604	133	
trad_left_4.png	324459	275	589	700	
trad_left_4.png	325175	346	547	67	
trad_right_2.png	325291	346	551	166	
trad_right_2.png	325475	221	400	150	
trad_right_2.png	325641	104	265	266	
trad_right_2.png	325924	139	410	150	
trad_right_2.png	326107	316	824	150	
trad_right_2.png	326274	312	825	83	
trad_right_2.png	326357	212	784	183	
trad_right_2.png	326541	134	785	166	
trad_right_2.png	326724	100	694	300	
trad_right_2.png	327024	42	703	117	
trad_right_2.png	327340	72	709	33	
trad_right_2.png	327373	51	573	233	
trad_right_2.png	327623	105	763	183	
trad_right_2.png	327806	122	795	183	
trad_right_2.png	328006	213	630	200	
trad_right_2.png	328206	253	638	67	
trad_right_2.png	328323	251	638	83	
trad_right_2.png	328423	39	710	316	
trad_right_2.png	328739	113	749	183	
trad_right_2.png	328939	234	638	150	
trad_right_2.png	329155	101	539	117	
trad_right_2.png	329339	40	522	133	
trad_right_2.png	329472	129	475	233	
trad_right_2.png	329722	179	461	116	
trad_right_2.png	330022	169	456	233	
trad_right_2.png	330255	128	435	33	
trad_right_2.png	330338	121	433	316	
trad_right_2.png	330671	196	418	350	
trad_right_2.png	331021	259	403	200	
trad_right_2.png	331221	136	397	83	
trad_right_2.png	331354	125	404	233	
trad_right_2.png	331604	301	517	266	
trad_right_2.png	331870	308	554	183	
trad_right_2.png	332087	265	289	233	
trad_right_2.png	332370	212	193	117	
trad_right_2.png	332503	134	117	183	
trad_right_2.png	332686	61	150	150	
trad_right_2.png	332853	243	176	150	
trad_right_2.png	333003	271	142	150	
trad_right_2.png	333169	272	144	50	
trad_right_2.png	333269	315	509	67	
trad_right_2.png	333386	322	519	266	
trad_right_2.png	333669	363	429	266	
trad_right_2.png	333952	320	539	167	
trad_right_2.png	334152	307	215	167	
trad_right_2.png	334385	314	160	150	
trad_right_2.png	334552	139	177	266	
trad_right_2.png	334835	282	147	150	
trad_right_2.png	335018	363	423	233	
trad_right_2.png	335285	293	173	67	
trad_right_2.png	335401	292	179	283	
trad_right_2.png	335718	258	337	216	
trad_right_2.png	335934	268	307	216	
trad_right_2.png	336151	265	283	133	
trad_right_2.png	336617	207	128	100	
trad_right_2.png	336717	212	153	117	
trad_right_2.png	336850	36	169	67	
trad_right_2.png	337216	124	13	133	
trad_right_2.png	337350	157	5	33	
trad_right_2.png	337416	166	9	350	
trad_right_2.png	337783	25	122	200	
trad_right_2.png	337999	21	34	133	
trad_right_2.png	338299	143	18	84	
trad_right_2.png	338433	157	14	216	
trad_right_2.png	338815	70	129	100	
trad_right_2.png	338915	26	165	234	
trad_right_2.png	339198	218	158	116	
trad_right_2.png	339315	249	143	84	
trad_right_2.png	339448	254	145	133	
trad_right_2.png	339598	6	126	167	
trad_right_2.png	339782	11	137	100	
trad_right_2.png	339881	34	155	50	
trad_right_2.png	340098	152	106	267	
trad_right_2.png	340365	181	79	33	
trad_right_2.png	340448	181	84	67	
trad_right_2.png	340514	271	135	283	
trad_right_2.png	340831	321	478	166	
trad_right_2.png	340997	307	536	200	
trad_right_2.png	341264	374	435	150	
trad_right_2.png	341464	361	437	200	
trad_right_2.png	341680	314	543	133	
trad_right_2.png	342030	66	176	316	
trad_right_2.png	342363	239	165	67	
trad_right_2.png	342480	246	164	50	
trad_right_2.png	342530	266	140	533	
trad_right_2.png	343079	243	245	166	
trad_right_2.png	343246	257	258	183	
trad_right_2.png	343479	258	264	83	
trad_right_2.png	343579	286	155	283	
trad_right_2.png	343862	250	276	250	
trad_right_2.png	344195	263	280	250	
trad_right_2.png	344495	261	284	83	
trad_right_2.png	344595	289	427	167	
trad_right_2.png	344911	267	275	250	
trad_right_2.png	345161	233	271	283	
trad_right_2.png	345511	261	283	433	
trad_right_2.png	345977	312	517	150	
trad_right_2.png	346127	305	546	167	
trad_right_2.png	346327	266	299	133	
trad_right_2.png	346527	257	257	200	
trad_right_2.png	346727	234	188	266	
trad_right_2.png	346993	268	161	183	
trad_right_2.png	347177	309	159	266	
trad_right_2.png	347560	257	266	150	
trad_right_2.png	347726	305	180	150	
trad_right_2.png	347876	301	155	350	
trad_right_2.png	348243	31	189	167	
trad_right_2.png	348442	327	477	50	
trad_right_2.png	348542	332	480	250	
trad_right_2.png	348809	279	330	183	
trad_right_2.png	349009	280	214	250	
trad_right_2.png	349275	266	272	216	
trad_right_2.png	349542	290	506	283	
trad_right_2.png	349941	294	553	166	
trad_right_2.png	350125	210	422	200	
trad_right_2.png	350325	252	325	166	
trad_right_2.png	350591	373	422	316	
trad_right_2.png	350924	495	485	266	
trad_right_2.png	351224	387	854	183	
trad_right_2.png	351407	343	848	117	
trad_right_2.png	351740	207	455	200	
trad_right_2.png	351957	134	454	200	
trad_right_2.png	352173	132	326	150	
trad_right_2.png	352340	269	262	200	
trad_right_2.png	352590	267	268	100	
trad_right_2.png	352823	219	295	150	
trad_right_2.png	353089	108	232	50	
trad_right_2.png	353139	46	215	100	
trad_right_2.png	353306	48	218	83	
trad_right_2.png	353406	27	77	133	
trad_right_2.png	353589	28	86	233	
trad_right_2.png	353839	133	35	116	
trad_right_2.png	354055	257	288	133	
trad_right_2.png	354205	177	480	233	
trad_right_2.png	354438	135	500	116	
trad_right_2.png	354821	309	543	117	
trad_right_2.png	354971	256	342	116	
trad_right_2.png	355304	236	394	250	
trad_right_2.png	355621	311	505	150	
trad_right_2.png	355787	266	328	250	
trad_right_2.png	356071	306	537	300	
trad_right_2.png	356370	265	509	183	
trad_right_2.png	356620	233	445	133	
trad_right_2.png	356753	257	391	183	
trad_right_2.png	356953	260	273	500	
trad_right_2.png	357453	219	260	133	
trad_right_2.png	357636	214	268	133	
trad_right_2.png	357769	147	260	233	
trad_right_2.png	358019	231	267	350	
trad_right_2.png	358402	167	449	200	
trad_right_2.png	358652	168	456	117	
trad_right_2.png	358769	281	523	133	
trad_right_2.png	358919	266	261	266	
trad_right_2.png	359202	129	123	333	
trad_right_2.png	359535	280	133	67	
trad_right_2.png	359651	286	136	83	
trad_right_2.png	359735	309	145	233	
trad_right_2.png	359968	269	265	433	
trad_right_2.png	360418	304	173	200	
trad_right_2.png	360667	309	157	300	
trad_right_2.png	360984	330	350	350	
trad_right_2.png	361350	355	439	283	
trad_right_2.png	361684	354	443	67	
trad_right_2.png	362050	363	406	117	
trad_right_2.png	362183	297	242	216	
trad_right_2.png	362400	267	260	233	
trad_right_2.png	362683	140	191	200	
trad_right_2.png	362899	228	261	183	
trad_right_2.png	363099	304	160	183	
trad_right_2.png	363316	25	134	333	
trad_right_2.png	363932	368	404	33	
trad_right_2.png	363965	358	429	516	
trad_right_2.png	364515	329	221	150	
trad_right_2.png	364715	365	385	183	
trad_right_2.png	364898	360	422	766	
trad_right_2.png	365714	358	433	583	
trad_left_5.png	366297	252	430	150	
trad_left_5.png	366447	252	407	217	
trad_left_5.png	366730	294	298	200	
trad_left_5.png	366963	410	541	216	
trad_left_5.png	367180	465	687	217	
trad_left_5.png	367396	451	552	283	
trad_left_5.png	367746	356	574	150	
trad_left_5.png	367896	322	594	250	
trad_left_5.png	368162	411	806	200	
trad_left_5.png	368362	445	795	83	
trad_left_5.png	368595	445	781	33	
trad_left_5.png	368629	322	775	67	
trad_left_5.png	368729	313	778	133	
trad_left_5.png	368879	431	779	216	
trad_left_5.png	369095	344	762	233	
trad_left_5.png	369328	415	776	266	
trad_left_5.png	369595	450	780	117	
trad_left_5.png	369795	398	541	216	
trad_left_5.png	370011	408	477	216	
trad_left_5.png	370228	416	451	216	
trad_left_5.png	370461	337	582	200	
trad_left_5.png	370661	463	551	67	
trad_left_5.png	370777	463	554	150	
trad_left_5.png	371060	350	592	133	
trad_left_5.png	371194	326	606	200	
trad_left_5.png	371410	381	762	166	
trad_left_5.png	371577	447	768	167	
trad_left_5.png	371793	456	774	216	
trad_left_5.png	372010	329	769	133	
trad_left_5.png	372160	340	544	283	
trad_left_5.png	372443	392	452	217	
trad_left_5.png	372659	410	439	100	
trad_left_5.png	372809	410	440	33	
trad_left_5.png	372843	277	425	366	
trad_left_5.png	373226	314	320	183	
trad_left_5.png	373425	258	524	266	
trad_left_5.png	373692	277	461	67	
trad_left_5.png	373809	281	460	100	
trad_left_5.png	373925	275	412	100	
trad_left_5.png	374042	305	279	300	
trad_left_5.png	374342	270	319	266	
trad_left_5.png	374625	226	600	150	
trad_left_5.png	374841	184	848	166	
trad_left_5.png	375058	261	251	216	
trad_left_5.png	375274	301	278	216	
trad_left_5.png	375524	287	1	166	
trad_left_5.png	375741	439	583	50	
trad_left_5.png	375841	433	593	116	
trad_left_5.png	375974	225	589	816	
trad_left_5.png	376856	310	334	283	
trad_left_5.png	377156	465	570	200	
trad_left_5.png	377406	383	787	200	
trad_left_5.png	377606	435	788	100	
trad_left_5.png	377972	385	726	117	
trad_left_5.png	378089	366	706	366	
trad_left_5.png	378455	282	688	133	
trad_left_5.png	378605	230	552	167	
trad_left_5.png	378872	456	545	217	
trad_left_5.png	379122	441	748	266	
trad_left_5.png	379388	450	771	150	
trad_left_5.png	379688	455	774	133	
trad_left_5.png	379871	454	781	400	
trad_left_5.png	380288	370	759	100	
trad_left_5.png	380421	411	534	216	
trad_left_5.png	380637	448	550	200	
trad_left_5.png	380887	407	459	200	
trad_left_5.png	381087	408	429	216	
trad_left_5.png	381303	313	306	316	
trad_left_5.png	381620	277	333	200	
trad_left_5.png	381903	217	603	117	
trad_left_5.png	382020	217	594	250	
trad_left_5.png	382286	194	833	150	
trad_left_5.png	382469	222	580	383	
trad_left_5.png	382902	222	597	67	
trad_left_5.png	382969	270	656	133	
trad_left_5.png	383119	423	572	167	
trad_left_5.png	383285	453	567	216	
trad_left_5.png	383519	357	746	183	
trad_left_5.png	383735	284	514	133	
trad_left_5.png	383918	288	436	117	
trad_left_5.png	384035	285	344	250	
trad_left_5.png	384318	221	593	500	
trad_left_5.png	384834	143	867	50	
trad_left_5.png	384934	141	874	50	
trad_left_5.png	385018	266	548	133	
trad_left_5.png	385167	224	608	117	
trad_right_1.png	385284	224	594	250	
trad_right_1.png	385567	193	298	250	
trad_right_1.png	385834	134	338	67	
trad_right_1.png	386000	473	461	216	
trad_right_1.png	386317	232	184	167	
trad_right_1.png	386500	246	67	183	
trad_right_1.png	386683	261	57	216	
trad_right_1.png	386966	319	183	167	
trad_right_1.png	387149	361	295	166	
trad_right_1.png	387333	147	377	166	
trad_right_1.png	387499	126	362	183	
trad_right_1.png	387699	238	377	183	
trad_right_1.png	387882	256	558	33	
trad_right_1.png	387966	257	567	117	
trad_right_1.png	388082	309	712	216	
trad_right_1.png	388299	314	749	233	
trad_right_1.png	388532	356	734	350	
trad_right_1.png	388882	389	747	50	
trad_right_1.png	388982	390	751	100	
trad_right_1.png	389082	400	795	200	
trad_right_1.png	389315	471	523	167	
trad_right_1.png	389481	474	477	233	
trad_right_1.png	389748	406	803	183	
trad_right_1.png	389998	344	771	200	
trad_right_1.png	390214	418	764	183	
trad_right_1.png	390397	415	743	150	
trad_right_1.png	390564	456	532	167	
trad_right_1.png	390730	460	462	216	
trad_right_1.png	391030	297	112	167	
trad_right_1.png	391213	307	126	200	
trad_right_1.png	391447	413	340	117	
trad_right_1.png	391596	287	65	33	
trad_right_1.png	391647	278	64	83	
trad_right_1.png	391763	292	66	33	
trad_right_1.png	391796	268	66	167	
trad_right_1.png	392013	307	34	150	
trad_right_1.png	392196	472	434	200	
trad_right_1.png	392446	401	798	383	
trad_right_1.png	392846	401	668	116	
trad_right_1.png	393012	478	483	150	
trad_right_1.png	393162	463	453	117	
trad_right_1.png	393295	237	408	183	
trad_right_1.png	393479	135	371	150	
trad_right_1.png	393662	368	740	316	
trad_right_1.png	394028	390	790	150	
trad_right_1.png	394211	439	891	150	
trad_right_1.png	394411	453	474	250	
trad_right_1.png	394678	163	325	216	
trad_right_1.png	394894	143	343	100	
trad_right_1.png	395061	236	228	250	
trad_right_1.png	395327	261	52	483	
trad_right_1.png	395827	459	383	150	
trad_right_1.png	396044	466	457	350	
trad_right_1.png	396426	389	813	200	
trad_right_1.png	396626	359	797	133	
trad_right_1.png	396760	362	736	150	
trad_right_1.png	396910	329	756	100	
trad_right_1.png	397059	329	758	100	
trad_right_1.png	397176	425	915	316	
trad_right_1.png	397509	364	790	183	
trad_right_1.png	397742	92	341	266	
trad_right_1.png	398075	116	346	67	
trad_right_1.png	398175	162	182	183	
trad_right_1.png	398375	441	421	166	
trad_right_1.png	398542	462	457	483	
trad_left_6.png	399075	461	458	83	
trad_left_6.png	399175	309	423	216	
trad_left_6.png	399391	349	468	200	
trad_left_6.png	399608	463	683	266	
trad_left_6.png	399874	490	763	167	
trad_left_6.png	400091	491	766	33	
trad_left_6.png	400141	383	679	167	
trad_left_6.png	400307	366	605	383	
trad_left_6.png	400707	496	638	133	
trad_left_6.png	401107	534	742	33	
trad_left_6.png	401140	507	765	200	
trad_left_6.png	401357	269	684	200	
trad_left_6.png	401556	342	600	316	
trad_left_6.png	401873	360	588	200	
trad_left_6.png	402123	360	592	83	
trad_left_6.png	402206	355	530	333	
trad_left_6.png	402556	353	489	250	
trad_left_6.png	402805	283	448	267	
trad_left_6.png	403122	228	354	167	
trad_left_6.png	403322	228	643	150	
trad_left_6.png	403472	226	664	83	
trad_left_6.png	403588	217	386	167	
trad_left_6.png	403755	231	379	33	
trad_left_6.png	403788	230	291	117	
trad_left_6.png	404138	325	483	83	
trad_left_6.png	404238	327	491	117	
trad_left_6.png	404355	356	481	350	
trad_left_6.png	404721	363	594	200	
trad_left_6.png	404921	356	481	183	
trad_left_6.png	405154	284	522	100	
trad_left_6.png	405254	353	576	283	
trad_left_6.png	405554	357	452	233	
trad_left_6.png	405804	262	333	200	
trad_left_6.png	406020	502	330	83	
trad_left_6.png	406153	504	331	83	
trad_left_6.png	406237	460	291	300	
trad_left_6.png	406770	484	284	33	
trad_left_6.png	407069	370	227	50	
trad_left_6.png	407169	377	244	33	
trad_left_6.png	407236	385	262	83	
trad_left_6.png	407336	225	292	350	
trad_left_6.png	407686	183	447	250	
trad_left_6.png	407969	218	788	150	
trad_left_6.png	408185	160	870	83	
trad_left_6.png	408318	159	483	183	
trad_left_6.png	408535	261	361	150	
trad_left_6.png	408702	448	375	233	
trad_left_6.png	408951	308	535	183	
trad_left_6.png	409185	325	559	350	
trad_left_6.png	409534	293	533	150	
trad_left_6.png	409684	358	600	383	
trad_left_6.png	410201	417	649	150	
trad_left_6.png	410350	502	642	117	
trad_left_6.png	411050	325	683	100	
trad_left_6.png	411200	307	624	83	
trad_left_6.png	411283	348	603	250	
trad_left_6.png	411550	336	486	200	
trad_left_6.png	411766	372	607	167	
trad_left_6.png	411949	499	659	200	
trad_left_6.png	412216	507	748	167	
trad_left_6.png	412382	465	774	216	
trad_left_6.png	412616	314	720	200	
trad_left_6.png	412815	296	695	133	
trad_left_6.png	412949	245	690	167	
trad_left_6.png	413132	335	596	50	
trad_left_6.png	413232	336	594	217	
trad_left_6.png	413465	246	676	233	
trad_left_6.png	413715	269	489	200	
trad_left_6.png	413915	333	478	233	
trad_left_6.png	414148	279	526	50	
trad_left_6.png	414248	279	525	50	
trad_left_6.png	414314	341	574	250	
trad_left_6.png	414747	333	521	83	
trad_left_6.png	414831	328	463	316	
trad_left_6.png	415147	351	468	50	
trad_left_6.png	415247	349	471	100	
trad_left_6.png	415364	242	419	150	
trad_left_6.png	415530	223	307	533	
trad_left_6.png	416080	274	458	133	
trad_left_6.png	416263	275	464	100	
trad_left_6.png	416363	292	579	33	
trad_left_6.png	416413	277	476	150	
trad_left_6.png	416580	462	372	200	
trad_left_6.png	416779	475	306	166	
trad_left_6.png	416963	462	182	183	
trad_left_6.png	417162	203	93	67	
trad_left_6.png	417279	196	101	117	
trad_left_6.png	417446	191	760	133	
trad_left_6.png	417579	179	850	283	
trad_left_6.png	417895	173	482	233	
trad_left_6.png	418195	133	75	33	
trad_left_6.png	418278	133	68	100	
trad_left_6.png	418412	264	456	217	
trad_left_6.png	418628	345	480	383	
trad_left_6.png	419028	416	615	150	
trad_left_6.png	419194	190	507	50	
trad_left_6.png	419294	186	501	67	
trad_left_6.png	419361	171	476	699	
trad_left_6.png	420094	128	913	166	
trad_left_6.png	420260	128	900	283	
trad_left_6.png	420760	177	487	100	
trad_left_6.png	420860	168	482	433	
trad_top_6.png	421343	740	502	316	
trad_top_6.png	421676	609	673	133	
trad_top_6.png	421826	524	677	333	
trad_top_6.png	422226	784	826	33	
trad_top_6.png	422392	786	836	33	
trad_top_6.png	422459	1142	870	133	
trad_top_6.png	422625	1245	664	183	
trad_top_6.png	422892	529	541	166	
trad_top_6.png	423142	846	63	167	
trad_top_6.png	423508	448	707	83	
trad_top_6.png	423591	499	671	400	
trad_top_6.png	424008	383	523	183	
trad_top_6.png	424208	515	651	117	
trad_top_6.png	424374	516	662	33	
trad_top_6.png	424424	633	828	216	
trad_top_6.png	424641	715	890	100	
trad_top_6.png	424824	730	895	133	
trad_top_6.png	424990	621	641	150	
trad_top_6.png	425157	651	586	150	
trad_top_6.png	425373	867	512	117	
trad_top_6.png	425490	902	517	283	
trad_top_6.png	425773	905	496	250	
trad_top_6.png	426023	966	430	200	
trad_top_6.png	426239	966	786	100	
trad_top_6.png	426389	964	796	100	
trad_top_6.png	426523	951	353	150	
trad_top_6.png	426689	994	377	117	
trad_top_6.png	426822	869	299	166	
trad_top_6.png	427006	997	384	150	
trad_top_6.png	427172	600	583	133	
trad_top_6.png	427305	529	593	50	
trad_top_6.png	427405	524	598	67	
trad_top_6.png	427489	505	659	216	
trad_top_6.png	427738	474	414	216	
trad_top_6.png	427988	825	312	150	
trad_top_6.png	428188	1301	621	217	
trad_top_6.png	428421	1368	841	117	
trad_top_6.png	428871	14	177	83	
trad_top_6.png	429870	1314	942	83	
trad_top_6.png	429953	1288	957	183	
trad_top_6.png	430170	624	912	200	
trad_top_6.png	430436	473	874	67	
trad_top_6.png	430503	585	854	100	
trad_top_6.png	430620	523	675	283	
trad_top_6.png	430920	527	573	266	
trad_top_6.png	431303	684	851	233	
trad_top_6.png	431536	811	769	316	
trad_top_6.png	431869	628	788	150	
trad_top_6.png	432019	573	770	233	
trad_top_6.png	432252	526	659	150	
trad_top_6.png	432469	829	407	166	
trad_top_6.png	432635	855	317	200	
trad_top_6.png	432868	498	564	166	
trad_top_6.png	433035	503	632	133	
trad_top_6.png	433185	308	889	233	
trad_top_6.png	433468	381	852	83	
trad_top_6.png	433618	821	141	117	
trad_top_6.png	433751	839	22	117	
trad_top_6.png	433918	52	234	166	
trad_top_6.png	434117	83	282	100	
trad_top_6.png	434234	90	387	133	
trad_top_6.png	434434	1162	941	167	
trad_top_6.png	434617	1377	884	133	
trad_top_6.png	434767	1400	644	200	
trad_top_6.png	434984	1505	453	150	
trad_top_6.png	435150	1607	283	50	
trad_top_6.png	435233	1593	325	117	
trad_top_6.png	435499	673	759	100	
trad_top_6.png	435616	563	773	184	
trad_top_6.png	435816	515	667	150	
trad_top_6.png	435983	827	636	166	
trad_top_6.png	436149	913	514	183	
trad_top_6.png	436333	913	487	117	
trad_top_6.png	436532	614	654	167	
trad_top_6.png	436699	539	653	216	
trad_top_6.png	436966	833	304	300	
trad_top_6.png	437265	852	299	200	
trad_top_6.png	437499	850	301	666	
trad_top_6.png	438215	413	867	183	
trad_top_1.png	438414	583	827	50	
trad_top_1.png	438514	588	822	50	
trad_top_1.png	438581	787	515	150	
trad_top_1.png	438748	836	342	133	
trad_top_1.png	438914	650	794	166	
trad_top_1.png	439081	614	772	150	
trad_top_1.png	439264	999	555	200	
trad_top_1.png	439530	1102	474	50	
trad_top_1.png	439597	1333	308	167	
trad_top_1.png	439764	1316	372	300	
trad_top_1.png	440130	663	743	150	
trad_top_1.png	440280	624	757	117	
trad_top_1.png	440430	268	664	183	
trad_top_1.png	440630	157	507	166	
trad_top_1.png	440796	130	480	316	
trad_top_1.png	441146	540	350	116	
trad_top_1.png	441262	587	284	167	
trad_top_1.png	441462	627	749	33	
trad_top_1.png	441546	622	758	167	
trad_top_1.png	441746	814	648	116	
trad_top_1.png	441879	626	460	133	
trad_top_1.png	442029	696	365	200	
trad_top_1.png	442262	656	728	150	
trad_top_1.png	442412	624	772	100	
trad_top_1.png	442562	927	677	266	
trad_top_1.png	442845	634	746	183	
trad_top_1.png	443061	159	522	167	
trad_top_1.png	443228	113	481	150	
trad_top_1.png	443394	391	603	316	
trad_top_1.png	443727	316	696	133	
trad_top_1.png	443894	781	740	166	
trad_top_1.png	444077	1111	537	183	
trad_top_1.png	444277	1267	383	200	
trad_top_1.png	444477	1303	288	50	
trad_top_1.png	444577	1310	293	266	
trad_top_1.png	444860	1415	208	100	
trad_top_1.png	444993	1422	233	50	
trad_top_1.png	445076	852	89	167	
trad_top_1.png	445243	813	107	300	
trad_top_1.png	445593	806	114	416	
trad_top_1.png	446009	776	110	949	
trad_top_1.png	447025	1583	141	166	
trad_top_1.png	447225	1581	169	50	
trad_top_1.png	447275	1595	137	117	
trad_top_1.png	447458	782	72	100	
trad_top_1.png	447608	792	125	466	
trad_top_5.png	448108	646	472	150	
trad_top_5.png	448274	505	763	150	
trad_top_5.png	448441	337	639	133	
trad_top_5.png	448624	314	572	67	
trad_top_5.png	448741	1052	765	183	
trad_top_5.png	448957	1459	479	117	
trad_top_5.png	449090	1566	312	150	
trad_top_5.png	449373	670	687	100	
trad_top_5.png	449474	646	687	83	
trad_top_5.png	449623	583	855	167	
trad_top_5.png	449823	806	555	117	
trad_top_5.png	449956	612	366	150	
trad_top_5.png	450140	348	573	150	
trad_top_5.png	450290	315	586	300	
trad_top_5.png	450639	481	844	217	
trad_top_5.png	450873	602	844	333	
trad_top_5.png	451239	558	492	133	
trad_top_5.png	451372	572	427	167	
trad_top_5.png	451572	326	566	33	
trad_top_5.png	451655	320	570	300	
trad_top_5.png	451972	569	507	183	
trad_top_5.png	452172	845	591	250	
trad_top_5.png	452455	1031	724	150	
trad_top_5.png	452671	1485	386	183	
trad_top_5.png	452888	1297	817	233	
trad_top_5.png	453138	1024	696	216	
trad_top_5.png	453371	940	570	200	
trad_top_5.png	453571	926	495	50	
trad_top_5.png	453671	926	495	117	
trad_top_5.png	453820	1209	757	233	
trad_top_5.png	454070	1355	773	183	
trad_top_5.png	454270	1432	764	233	
trad_top_5.png	454520	1470	644	117	
trad_top_5.png	454720	1580	385	133	
trad_top_5.png	454919	1618	244	216	
trad_top_5.png	455136	1637	186	150	
trad_top_5.png	455519	121	495	67	
trad_top_5.png	455603	241	586	33	
trad_top_5.png	455686	254	574	266	
trad_top_5.png	455986	230	414	216	
trad_top_5.png	456236	118	809	183	
trad_top_5.png	456435	112	856	116	
trad_top_5.png	456735	338	605	100	
trad_top_5.png	457002	551	449	83	
trad_top_5.png	457118	745	709	183	
trad_top_5.png	457318	925	605	166	
trad_top_5.png	457501	1180	875	166	
trad_top_5.png	457734	979	627	150	
trad_top_5.png	457968	552	878	183	
trad_top_5.png	458168	619	857	183	
trad_top_5.png	458351	717	849	167	
trad_top_5.png	458551	615	429	133	
trad_top_5.png	458684	571	394	633	
trad_top_5.png	459333	293	564	216	
trad_top_5.png	459567	548	420	116	
trad_top_5.png	459733	564	410	200	
trad_top_5.png	459966	509	779	266	
trad_top_5.png	460249	624	862	133	
trad_top_5.png	460433	589	418	133	
trad_top_5.png	460566	565	402	133	
trad_top_2.png	460749	559	405	300	
trad_top_2.png	461065	631	587	167	
trad_top_2.png	461249	724	687	283	
trad_top_2.png	461532	716	746	117	
trad_top_2.png	461648	769	753	150	
trad_top_2.png	461815	793	615	150	
trad_top_2.png	461982	1036	550	150	
trad_top_2.png	462165	1395	499	166	
trad_top_2.png	462481	1288	770	117	
trad_top_2.png	462598	1370	771	117	
trad_top_2.png	462798	1116	635	283	
trad_top_2.png	463081	1064	531	100	
trad_top_2.png	463197	744	691	400	
trad_top_2.png	463597	688	749	100	
trad_top_2.png	463814	698	708	150	
trad_top_2.png	463997	739	540	167	
trad_top_2.png	464163	922	541	233	
trad_top_2.png	464413	785	719	183	
trad_top_2.png	464630	786	437	200	
trad_top_2.png	464846	447	602	133	
trad_top_2.png	464996	326	780	183	
trad_top_2.png	465179	288	879	183	
trad_top_2.png	465363	378	922	100	
trad_top_2.png	465496	460	495	200	
trad_top_2.png	465796	793	370	67	
trad_top_2.png	465862	751	325	150	
trad_top_2.png	466262	317	870	167	
trad_top_2.png	466445	279	809	117	
trad_top_2.png	466828	374	932	150	
trad_top_2.png	467111	316	852	167	
trad_top_2.png	467311	383	504	117	
trad_top_2.png	467461	719	365	150	
trad_top_2.png	467611	735	319	183	
trad_top_2.png	467828	522	492	216	
trad_top_2.png	468061	671	647	166	
trad_top_2.png	468244	728	741	133	
trad_top_2.png	468377	709	760	150	
trad_top_2.png	468527	777	754	166	
trad_top_2.png	468727	933	529	50	
trad_top_2.png	468827	936	528	50	
trad_top_2.png	468893	957	416	200	
trad_top_2.png	469127	1309	568	283	
trad_top_2.png	469443	1476	286	83	
trad_top_2.png	469559	1486	292	117	
trad_top_2.png	469726	828	233	67	
trad_top_2.png	469842	818	236	84	
trad_top_2.png	469926	796	262	33	
trad_top_2.png	469993	1099	280	50	
trad_top_2.png	470076	674	476	216	
trad_top_2.png	470309	446	573	233	
trad_top_2.png	470542	477	577	133	
trad_top_2.png	470692	487	512	316	
trad_top_2.png	471009	488	582	150	
trad_top_2.png	471175	326	893	316	
trad_top_2.png	471508	320	775	167	
trad_top_2.png	471708	338	488	316	
trad_top_2.png	472025	252	478	200	
trad_top_2.png	472258	704	512	150	
trad_top_2.png	472424	905	376	266	
trad_top_2.png	472691	954	406	150	
trad_top_2.png	472874	1220	634	283	
trad_top_2.png	473174	1004	717	183	
trad_top_2.png	473374	1056	544	183	
trad_top_2.png	473573	1376	708	233	
trad_top_2.png	473890	1207	784	183	
trad_top_2.png	474073	1183	862	150	
trad_top_2.png	474256	812	858	33	
trad_top_2.png	474290	791	750	233	
trad_top_2.png	474523	776	660	233	
trad_top_2.png	474906	775	290	100	
trad_top_2.png	475439	787	110	33	
trad_top_2.png	475505	741	251	183	
trad_top_2.png	475705	736	289	84	
trad_top_2.png	475805	730	294	67	
trad_top_2.png	475905	730	299	266	
trad_top_2.png	476205	936	390	450	
trad_top_2.png	476688	668	671	183	
trad_top_2.png	476921	601	552	133	
trad_top_2.png	477071	494	496	566	
trad_top_2.png	477654	483	552	67	
trad_top_2.png	477754	692	308	133	
trad_top_2.png	477937	731	307	683	
trad_top_4.png	478637	551	565	200	
trad_top_4.png	478853	696	742	166	
trad_top_4.png	479036	832	779	116	
trad_top_4.png	479186	1369	654	216	
trad_top_4.png	479419	1524	670	117	
trad_top_4.png	479669	657	866	150	
trad_top_4.png	479819	684	923	83	
trad_top_4.png	479953	686	924	33	
trad_top_4.png	480019	820	631	316	
trad_top_4.png	480369	692	871	200	
trad_top_4.png	480569	684	927	150	
trad_top_4.png	480769	867	500	150	
trad_top_4.png	480968	908	499	166	
trad_top_4.png	481168	532	769	250	
trad_top_4.png	481435	632	673	166	
trad_top_4.png	481618	397	920	250	
trad_top_4.png	481885	408	709	83	
trad_top_4.png	481984	478	543	167	
trad_top_4.png	482151	656	613	150	
trad_top_4.png	482334	851	331	200	
trad_top_4.png	482567	1115	607	200	
trad_top_4.png	482784	1271	854	150	
trad_top_4.png	482984	1270	861	67	
trad_top_4.png	483084	748	795	233	
trad_top_4.png	483333	859	722	100	
trad_top_4.png	483500	249	234	100	
trad_top_4.png	483650	97	202	116	
trad_top_4.png	483999	1554	383	100	
trad_top_4.png	484099	1591	434	167	
trad_top_4.png	484266	1602	467	133	
trad_top_4.png	484482	230	286	34	
trad_top_4.png	484533	265	345	67	
trad_top_4.png	484616	119	344	83	
trad_top_4.png	484732	132	349	33	
trad_top_4.png	484782	65	210	100	
trad_top_4.png	484915	809	81	150	
trad_top_4.png	485065	829	17	117	
trad_top_4.png	485415	373	917	116	
trad_top_4.png	485532	407	927	167	
trad_top_4.png	485732	542	660	233	
trad_top_4.png	486048	778	910	117	
trad_top_4.png	486165	722	940	166	
trad_top_4.png	486331	695	939	117	
trad_top_4.png	486581	688	916	300	
trad_top_4.png	486914	406	937	67	
trad_top_4.png	487031	414	935	266	
trad_top_4.png	487314	624	919	150	
trad_top_4.png	487647	685	909	100	
trad_top_4.png	487764	784	707	150	
trad_top_4.png	487947	862	492	33	
trad_top_4.png	488030	863	488	200	
trad_top_4.png	488247	845	430	133	
trad_top_4.png	488413	623	888	333	
trad_top_4.png	488763	431	878	233	
trad_top_4.png	489046	432	883	33	
trad_top_4.png	489080	416	925	166	
trad_top_4.png	489263	729	908	233	
trad_top_4.png	489496	694	918	183	
trad_top_4.png	489729	831	573	150	
trad_top_4.png	489896	896	514	117	
trad_top_4.png	490096	496	672	167	
trad_top_4.png	490279	365	919	233	
trad_top_4.png	490662	386	648	200	
trad_top_4.png	490895	407	922	216	
trad_top_4.png	491145	422	696	233	
trad_top_4.png	491411	831	464	167	
trad_top_4.png	491578	854	406	167	
trad_top_4.png	491778	457	858	216	
trad_top_4.png	492078	743	932	183	
trad_top_4.png	492294	831	759	167	
trad_top_4.png	492494	868	454	133	
trad_top_4.png	492644	852	390	400	
trad_top_4.png	493110	855	390	116	
trad_top_4.png	493243	907	478	183	
trad_top_4.png	493593	428	503	150	
trad_top_4.png	493776	459	928	200	
trad_top_4.png	493976	404	918	100	
trad_top_4.png	494226	414	777	183	
trad_top_4.png	494426	429	665	183	
trad_top_4.png	494626	441	520	217	
trad_top_4.png	494976	797	433	83	
trad_top_4.png	495109	845	400	350	
trad_top_4.png	495525	442	703	200	
trad_top_4.png	495758	885	521	133	
trad_top_4.png	495908	847	381	166	
